question_id,subject_id,main_subject,old_question_id,unique_old_question_id,active,question_type,product_category,difficulty_level,created_at,updated_at
2703,198,Sentence Completions,174,174,1,English layout,פסיכומטרי,4,2023-11-20T10:17:32.000000Z,2023-12-21T10:45:57.000000Z
1003,167,אנלוגיות,611,611,1,Numeric bullet single choice,פסיכומטרי,7,2023-09-27T09:18:31.000000Z,2023-12-04T07:25:55.000000Z
1004,167,אנלוגיות,612,612,1,Numeric bullet single choice,פסיכומטרי,7,2023-09-27T09:27:31.000000Z,2023-09-27T11:01:35.000000Z
1006,167,אנלוגיות,613,613,1,Numeric bullet single choice,פסיכומטרי,6,2023-09-27T09:33:41.000000Z,2023-09-27T11:01:04.000000Z
1010,167,אנלוגיות,614,614,1,Numeric bullet single choice,פסיכומטרי,8,2023-09-27T11:09:38.000000Z,2023-09-27T11:09:38.000000Z
1014,167,אנלוגיות,616,616,1,Numeric bullet single choice,פסיכומטרי,8,2023-09-27T11:37:20.000000Z,2023-09-27T11:37:20.000000Z
1016,167,אנלוגיות,617,617,1,Numeric bullet single choice,פסיכומטרי,4,2023-09-27T15:59:16.000000Z,2023-09-27T15:59:16.000000Z
1017,167,אנלוגיות,618,618,1,Numeric bullet single choice,פסיכומטרי,7,2023-09-27T16:08:14.000000Z,2023-09-27T16:08:14.000000Z
1018,167,אנלוגיות,620,620,1,Numeric bullet single choice,פסיכומטרי,5,2023-09-27T16:15:20.000000Z,2023-09-27T16:15:20.000000Z
1022,167,אנלוגיות,621,621,1,Numeric bullet single choice,פסיכומטרי,6,2023-09-27T16:46:04.000000Z,2023-09-27T16:46:04.000000Z
1032,167,אנלוגיות,622,622,1,Numeric bullet single choice,פסיכומטרי,6,2023-09-27T17:32:01.000000Z,2023-09-27T17:32:01.000000Z
1160,167,אנלוגיות,623,623,1,Numeric bullet single choice,פסיכומטרי,6,2023-10-01T06:41:48.000000Z,2023-12-04T07:39:17.000000Z
1161,167,אנלוגיות,625,625,1,Numeric bullet single choice,פסיכומטרי,5,2023-10-01T06:48:11.000000Z,2023-10-01T06:48:11.000000Z
1162,167,אנלוגיות,626,626,1,Numeric bullet single choice,פסיכומטרי,6,2023-10-01T06:54:33.000000Z,2023-10-01T06:54:33.000000Z
1163,167,אנלוגיות,627,627,1,Numeric bullet single choice,פסיכומטרי,7,2023-10-01T07:01:27.000000Z,2023-10-01T07:01:27.000000Z
1165,167,אנלוגיות,630,630,1,Numeric bullet single choice,פסיכומטרי,9,2023-10-01T07:36:59.000000Z,2023-12-04T07:43:50.000000Z
1168,167,אנלוגיות,632,632,1,Numeric bullet single choice,פסיכומטרי,6.5,2023-10-01T07:46:05.000000Z,2024-06-10T10:43:12.000000Z
1171,167,אנלוגיות,633,633,1,Numeric bullet single choice,פסיכומטרי,7,2023-10-01T07:53:01.000000Z,2023-10-01T07:53:01.000000Z
1174,167,אנלוגיות,634,634,1,Numeric bullet single choice,פסיכומטרי,4,2023-10-01T08:09:06.000000Z,2023-10-01T08:09:06.000000Z
1176,167,אנלוגיות,635,635,1,Numeric bullet single choice,פסיכומטרי,7,2023-10-01T08:21:16.000000Z,2023-10-01T08:21:16.000000Z
1179,167,אנלוגיות,636,636,1,Numeric bullet single choice,פסיכומטרי,6,2023-10-01T08:30:37.000000Z,2023-12-04T07:50:08.000000Z
1184,167,אנלוגיות,637,637,1,Numeric bullet single choice,פסיכומטרי,8,2023-10-01T12:18:56.000000Z,2023-10-01T12:18:56.000000Z
1185,167,אנלוגיות,681,681,1,Numeric bullet single choice,פסיכומטרי,7,2023-10-01T12:26:00.000000Z,2023-10-01T12:26:00.000000Z
1186,167,אנלוגיות,685,685,1,Numeric bullet single choice,פסיכומטרי,6,2023-10-01T12:35:58.000000Z,2023-10-01T12:35:58.000000Z
1188,167,אנלוגיות,688,688,1,Numeric bullet single choice,פסיכומטרי,2,2023-10-01T12:51:02.000000Z,2023-10-01T12:51:02.000000Z
1189,167,אנלוגיות,689,689,1,Numeric bullet single choice,פסיכומטרי,5,2023-10-01T13:01:44.000000Z,2023-10-01T13:01:44.000000Z
1216,167,אנלוגיות,691,691,1,Numeric bullet single choice,פסיכומטרי,5,2023-10-02T07:06:30.000000Z,2023-12-04T08:07:44.000000Z
1217,167,אנלוגיות,693,693,1,Numeric bullet single choice,פסיכומטרי,5,2023-10-02T07:13:42.000000Z,2023-10-02T07:13:42.000000Z
1218,167,אנלוגיות,694,694,1,Numeric bullet single choice,פסיכומטרי,7,2023-10-02T07:30:32.000000Z,2023-10-02T07:30:32.000000Z
1220,167,אנלוגיות,702,702,1,Numeric bullet single choice,פסיכומטרי,7,2023-10-02T07:48:41.000000Z,2023-10-02T07:48:41.000000Z
1221,167,אנלוגיות,705,705,1,Numeric bullet single choice,פסיכומטרי,6,2023-10-02T07:59:54.000000Z,2023-10-02T07:59:54.000000Z
1222,167,אנלוגיות,707,707,1,Numeric bullet single choice,פסיכומטרי,7,2023-10-02T08:08:16.000000Z,2023-10-02T08:08:16.000000Z
1224,167,אנלוגיות,710,710,1,Numeric bullet single choice,פסיכומטרי,7,2023-10-02T08:23:59.000000Z,2023-12-04T08:16:29.000000Z
1225,167,אנלוגיות,712,712,1,Numeric bullet single choice,פסיכומטרי,8,2023-10-02T08:31:33.000000Z,2023-10-02T08:31:33.000000Z
1237,167,אנלוגיות,731,731,1,Numeric bullet single choice,פסיכומטרי,7,2023-10-03T13:13:12.000000Z,2023-12-04T08:18:18.000000Z
1304,167,אנלוגיות,735,735,1,Numeric bullet single choice,פסיכומטרי,5,2023-10-05T06:36:58.000000Z,2023-10-05T06:36:58.000000Z
1306,167,אנלוגיות,743,743,1,Numeric bullet single choice,פסיכומטרי,6,2023-10-05T06:52:56.000000Z,2023-10-05T06:52:56.000000Z
3331,172,כללים וסידורים,1171,1171,1,Numeric bullet single choice,פסיכומטרי,3,2023-11-26T15:06:57.000000Z,2023-11-26T15:06:57.000000Z
3332,172,כללים וסידורים,1172,1172,1,Numeric bullet single choice,פסיכומטרי,4,2023-11-26T15:17:43.000000Z,2023-11-26T15:17:43.000000Z
3333,172,כללים וסידורים,1173,1173,1,Numeric bullet single choice,פסיכומטרי,3,2023-11-26T15:20:49.000000Z,2023-11-26T15:20:49.000000Z
3334,172,כללים וסידורים,1174,1174,1,Numeric bullet single choice,פסיכומטרי,4,2023-11-26T15:29:05.000000Z,2024-02-29T08:42:22.000000Z
3336,172,כללים וסידורים,1176,1176,1,Numeric bullet single choice,פסיכומטרי,4,2023-11-26T15:39:43.000000Z,2024-02-29T08:46:40.000000Z
3337,172,כללים וסידורים,1178,1178,1,Numeric bullet single choice,פסיכומטרי,8,2023-11-26T15:46:01.000000Z,2024-02-29T08:58:02.000000Z
3338,172,כללים וסידורים,1179,1179,1,Numeric bullet single choice,פסיכומטרי,7,2023-11-26T15:53:18.000000Z,2024-02-29T08:59:38.000000Z
3387,172,כללים וסידורים,1181,1181,1,Numeric bullet single choice,פסיכומטרי,9,2023-11-27T10:29:58.000000Z,2024-02-29T09:03:23.000000Z
3390,172,כללים וסידורים,1183,1183,1,Numeric bullet single choice,פסיכומטרי,7,2023-11-27T10:35:12.000000Z,2024-03-02T21:44:20.000000Z
3392,89,כלליות 1,1184,1184,1,Numeric bullet single choice,פסיכומטרי,3,2023-11-27T10:37:25.000000Z,2024-02-29T10:42:11.000000Z
3394,172,כללים וסידורים,1186,1186,1,Numeric bullet single choice,פסיכומטרי,5,2023-11-27T10:43:40.000000Z,2024-02-29T13:32:10.000000Z
3399,172,כללים וסידורים,1188,1188,1,Numeric bullet single choice,פסיכומטרי,8,2023-11-27T10:51:27.000000Z,2024-02-29T14:27:20.000000Z
3401,172,כללים וסידורים,1189,1189,1,Numeric bullet single choice,פסיכומטרי,2,2023-11-27T10:53:40.000000Z,2024-02-29T15:18:03.000000Z
3403,172,כללים וסידורים,1190,1190,1,Numeric bullet single choice,פסיכומטרי,4,2023-11-27T10:57:07.000000Z,2024-02-29T15:22:02.000000Z
3406,172,כללים וסידורים,1198,1198,1,Numeric bullet single choice,פסיכומטרי,10,2023-11-27T11:04:14.000000Z,2024-02-29T15:42:36.000000Z
2112,92,אחוזים,1201,1201,1,Numeric bullet single choice,פסיכומטרי,1,2023-11-13T16:19:24.000000Z,2024-01-04T07:38:08.000000Z
1710,68,ביטויים,1207,1207,1,Numeric bullet single choice,פסיכומטרי,1,2023-11-01T09:34:40.000000Z,2023-11-01T09:34:40.000000Z
1985,68,ביטויים,1208,1208,1,Numeric bullet single choice,פסיכומטרי,1,2023-11-04T09:44:22.000000Z,2023-12-21T05:51:33.000000Z
1984,70,התנהגות אלגברית,1209,1209,1,Numeric bullet single choice,פסיכומטרי,5,2023-11-04T09:38:48.000000Z,2024-01-09T05:41:30.000000Z
1986,67,משוואות,1217,1217,1,Numeric bullet single choice,פסיכומטרי,3,2023-11-04T09:50:10.000000Z,2023-11-27T13:32:49.000000Z
1901,74,חלוקה,1221,1221,1,Numeric bullet single choice,פסיכומטרי,4,2023-11-02T13:23:42.000000Z,2023-11-02T13:23:42.000000Z
1987,70,התנהגות אלגברית,1222,1222,1,Numeric bullet single choice,פסיכומטרי,1,2023-11-04T09:54:32.000000Z,2024-01-09T05:44:10.000000Z
1902,74,חלוקה,1223,1223,1,Numeric bullet single choice,פסיכומטרי,4,2023-11-02T13:25:25.000000Z,2024-01-27T14:30:40.000000Z
1711,70,התנהגות אלגברית,1224,1224,1,Numeric bullet single choice,פסיכומטרי,4.5,2023-11-01T09:52:54.000000Z,2023-12-20T10:15:17.000000Z
1903,74,חלוקה,1225,1225,1,Numeric bullet single choice,פסיכומטרי,2,2023-11-02T13:27:09.000000Z,2023-11-02T13:27:09.000000Z
1988,70,התנהגות אלגברית,1226,1226,1,Numeric bullet single choice,פסיכומטרי,3,2023-11-04T10:03:56.000000Z,2024-01-09T05:50:42.000000Z
1833,73,שלמים,1249,1249,1,Numeric bullet single choice,פסיכומטרי,4,2023-11-02T08:15:13.000000Z,2023-11-02T08:15:13.000000Z
1989,70,התנהגות אלגברית,1254,1254,1,Numeric bullet single choice,פסיכומטרי,3,2023-11-04T10:08:12.000000Z,2024-01-09T05:56:10.000000Z
1835,73,שלמים,1257,1257,1,Numeric bullet single choice,פסיכומטרי,6,2023-11-02T08:18:18.000000Z,2023-11-02T08:18:18.000000Z
1904,73,שלמים,1258,1258,1,Numeric bullet single choice,פסיכומטרי,5,2023-11-02T13:37:39.000000Z,2023-11-02T13:37:39.000000Z
1905,73,שלמים,1259,1259,1,Numeric bullet single choice,פסיכומטרי,3,2023-11-02T13:39:28.000000Z,2023-11-02T13:39:28.000000Z
1906,73,שלמים,1260,1260,1,Numeric bullet single choice,פסיכומטרי,1,2023-11-02T13:42:05.000000Z,2023-11-02T13:42:05.000000Z
1907,73,שלמים,1261,1261,1,Numeric bullet single choice,פסיכומטרי,1,2023-11-02T13:43:32.000000Z,2024-01-23T12:47:01.000000Z
1908,74,חלוקה,1262,1262,1,Numeric bullet single choice,פסיכומטרי,4,2023-11-02T13:47:06.000000Z,2023-11-02T13:47:06.000000Z
2176,97,הסתברות,1263,1263,1,Numeric bullet single choice,פסיכומטרי,1,2023-11-14T17:47:46.000000Z,2024-01-25T09:25:22.000000Z
2506,95,הספק,1264,1264,1,Numeric bullet single choice,פסיכומטרי,3.5,2023-11-17T08:21:09.000000Z,2024-01-16T12:38:57.000000Z
2469,94,תנועה,1265,1265,1,Numeric bullet single choice,פסיכומטרי,4,2023-11-17T07:13:25.000000Z,2024-03-27T09:26:51.000000Z
2296,93,ממוצע,1266,1266,1,Numeric bullet single choice,פסיכומטרי,6,2023-11-16T09:30:47.000000Z,2024-01-04T14:12:29.000000Z
1590,91,יחס,1267,1267,1,Numeric bullet single choice,פסיכומטרי,3,2023-10-30T12:16:45.000000Z,2023-12-28T09:23:45.000000Z
2051,91,יחס,1269,1269,1,Numeric bullet single choice,פסיכומטרי,4,2023-11-05T07:49:38.000000Z,2023-11-05T07:49:38.000000Z
2474,94,תנועה,1271,1271,1,Numeric bullet single choice,פסיכומטרי,2,2023-11-17T07:20:27.000000Z,2023-11-17T07:20:27.000000Z
2177,97,הסתברות,1272,1272,1,Numeric bullet single choice,פסיכומטרי,5.5,2023-11-14T17:51:19.000000Z,2024-01-25T09:27:52.000000Z
2476,94,תנועה,1273,1273,1,Numeric bullet single choice,פסיכומטרי,7,2023-11-17T07:23:35.000000Z,2024-01-11T14:28:11.000000Z
2114,92,אחוזים,1274,1274,1,Numeric bullet single choice,פסיכומטרי,3,2023-11-13T16:26:17.000000Z,2024-01-04T07:52:37.000000Z
2478,94,תנועה,1277,1277,1,Numeric bullet single choice,פסיכומטרי,6,2023-11-17T07:26:16.000000Z,2024-01-11T14:27:28.000000Z
1909,73,שלמים,1279,1279,1,Numeric bullet single choice,פסיכומטרי,3,2023-11-02T13:52:58.000000Z,2024-01-23T12:48:31.000000Z
1990,71,חיובי שלילי וערך מוחלט,1279,1280,1,Numeric bullet single choice,פסיכומטרי,2,2023-11-04T10:12:28.000000Z,2023-11-04T10:12:28.000000Z
1910,73,שלמים,1280,1284,1,Numeric bullet single choice,פסיכומטרי,4,2023-11-02T13:56:46.000000Z,2024-01-23T12:49:37.000000Z
1991,67,משוואות,1284,1285,1,Numeric bullet single choice,פסיכומטרי,1.5,2023-11-04T10:15:28.000000Z,2023-11-27T14:11:20.000000Z
1992,70,התנהגות אלגברית,1285,1287,1,Numeric bullet single choice,פסיכומטרי,1.5,2023-11-04T10:18:00.000000Z,2024-01-11T08:24:04.000000Z
1858,67,משוואות,1287,1288,1,Numeric bullet single choice,פסיכומטרי,1,2023-11-02T09:17:09.000000Z,2023-11-27T15:15:07.000000Z
1860,67,משוואות,1288,1292,1,Numeric bullet single choice,פסיכומטרי,1,2023-11-02T09:26:11.000000Z,2025-03-12T13:13:38.000000Z
1712,68,ביטויים,1292,1294,1,Numeric bullet single choice,פסיכומטרי,2,2023-11-01T10:04:06.000000Z,2023-11-01T10:04:06.000000Z
1714,68,ביטויים,1294,1295,1,Numeric bullet single choice,פסיכומטרי,2,2023-11-01T10:16:33.000000Z,2023-12-21T05:58:01.000000Z
1715,68,ביטויים,1295,1296,1,Numeric bullet single choice,פסיכומטרי,3,2023-11-01T10:20:40.000000Z,2023-12-21T05:58:46.000000Z
5837,68,ביטויים,1296,1297,1,Numeric bullet single choice,פסיכומטרי,2.5,2023-12-26T07:21:29.000000Z,2024-02-23T12:14:39.000000Z
1718,68,ביטויים,1297,1298,1,Numeric bullet single choice,פסיכומטרי,5,2023-11-01T10:31:52.000000Z,2024-03-17T11:19:56.000000Z
1993,68,ביטויים,1298,1300,1,Numeric bullet single choice,פסיכומטרי,2,2023-11-04T10:24:53.000000Z,2023-11-04T10:24:53.000000Z
1994,70,התנהגות אלגברית,1300,1302,1,Numeric bullet single choice,פסיכומטרי,3,2023-11-04T10:28:36.000000Z,2024-01-11T08:25:12.000000Z
1995,69,אי-שוויון,1302,1303,1,Numeric bullet single choice,פסיכומטרי,4,2023-11-04T10:41:08.000000Z,2024-01-11T12:30:13.000000Z
1996,70,התנהגות אלגברית,1303,1305,1,Numeric bullet single choice,פסיכומטרי,3.5,2023-11-04T10:45:24.000000Z,2024-01-11T08:24:44.000000Z
1998,71,חיובי שלילי וערך מוחלט,1305,1306,1,Numeric bullet single choice,פסיכומטרי,1,2023-11-04T10:56:03.000000Z,2024-01-27T06:57:39.000000Z
1999,70,התנהגות אלגברית,1306,1307,1,Numeric bullet single choice,פסיכומטרי,5,2023-11-04T11:06:55.000000Z,2024-01-11T09:00:55.000000Z
2000,73,שלמים,1307,1308,1,Numeric bullet single choice,פסיכומטרי,4,2023-11-04T11:18:58.000000Z,2024-01-23T12:51:52.000000Z
2001,71,חיובי שלילי וערך מוחלט,1308,1311,1,Numeric bullet single choice,פסיכומטרי,1,2023-11-04T11:21:36.000000Z,2024-01-27T06:58:44.000000Z
1911,73,שלמים,1311,1312,1,Numeric bullet single choice,פסיכומטרי,5,2023-11-02T14:00:00.000000Z,2024-01-23T12:53:11.000000Z
2002,70,התנהגות אלגברית,1311,1313,1,Numeric bullet single choice,פסיכומטרי,4,2023-11-04T11:24:43.000000Z,2024-01-11T09:10:43.000000Z
1837,74,חלוקה,1312,1314,1,Numeric bullet single choice,פסיכומטרי,3,2023-11-02T08:21:52.000000Z,2023-11-02T08:21:52.000000Z
1839,73,שלמים,1313,1315,1,Numeric bullet single choice,פסיכומטרי,3,2023-11-02T08:24:36.000000Z,2023-11-02T08:24:36.000000Z
1840,74,חלוקה,1314,1316,1,Numeric bullet single choice,פסיכומטרי,3,2023-11-02T08:27:02.000000Z,2023-11-02T08:27:02.000000Z
1842,73,שלמים,1315,1317,1,Numeric bullet single choice,פסיכומטרי,3,2023-11-02T08:29:56.000000Z,2023-11-02T08:29:56.000000Z
1844,73,שלמים,1316,1320,1,Numeric bullet single choice,פסיכומטרי,4,2023-11-02T08:38:04.000000Z,2025-02-12T07:01:49.000000Z
1852,73,שלמים,1317,1321,1,Numeric bullet single choice,פסיכומטרי,4,2023-11-02T09:05:33.000000Z,2023-11-02T09:05:33.000000Z
1935,73,שלמים,1320,1322,1,Numeric bullet single choice,פסיכומטרי,4,2023-11-02T17:12:34.000000Z,2023-11-02T17:12:34.000000Z
1936,73,שלמים,1321,1323,1,Numeric bullet single choice,פסיכומטרי,3,2023-11-02T17:14:36.000000Z,2023-11-02T17:14:36.000000Z
1937,73,שלמים,1322,1324,1,Numeric bullet single choice,פסיכומטרי,5,2023-11-02T17:16:36.000000Z,2024-01-23T13:10:42.000000Z
1938,73,שלמים,1323,1326,1,Numeric bullet single choice,פסיכומטרי,4,2023-11-02T17:18:59.000000Z,2023-11-02T17:18:59.000000Z
1939,73,שלמים,1324,1327,1,Numeric bullet single choice,פסיכומטרי,5,2023-11-02T17:23:40.000000Z,2023-11-02T17:23:40.000000Z
1941,74,חלוקה,1326,1340,1,Numeric bullet single choice,פסיכומטרי,5,2023-11-02T17:32:37.000000Z,2023-11-02T17:32:37.000000Z
1942,73,שלמים,1327,1341,1,Numeric bullet single choice,פסיכומטרי,8,2023-11-02T17:38:58.000000Z,2023-11-02T17:38:58.000000Z
1602,73,שלמים,1340,1342,1,Numeric bullet single choice,פסיכומטרי,6,2023-10-30T12:43:28.000000Z,2023-10-30T12:43:28.000000Z
2085,73,שלמים,1341,1343,1,Numeric bullet single choice,פסיכומטרי,5,2023-11-05T14:09:01.000000Z,2023-11-05T14:09:01.000000Z
2003,67,משוואות,1342,1344,1,Numeric bullet single choice,פסיכומטרי,1,2023-11-04T11:28:44.000000Z,2025-03-12T13:13:50.000000Z
1721,68,ביטויים,1343,1345,1,Numeric bullet single choice,פסיכומטרי,2,2023-11-01T10:38:00.000000Z,2023-11-01T10:38:00.000000Z
2086,73,שלמים,1344,1346,1,Numeric bullet single choice,פסיכומטרי,3,2023-11-05T14:14:01.000000Z,2024-01-23T13:32:09.000000Z
2087,73,שלמים,1345,1347,1,Numeric bullet single choice,פסיכומטרי,3.5,2023-11-05T14:15:54.000000Z,2024-01-23T13:33:41.000000Z
2004,70,התנהגות אלגברית,1346,1348,1,Numeric bullet single choice,פסיכומטרי,4,2023-11-04T11:32:28.000000Z,2024-01-11T09:13:04.000000Z
2005,70,התנהגות אלגברית,1347,1349,1,Numeric bullet single choice,פסיכומטרי,6.5,2023-11-04T11:37:45.000000Z,2024-01-11T10:24:22.000000Z
2006,73,שלמים,1348,1350,1,Numeric bullet single choice,פסיכומטרי,2,2023-11-04T11:41:42.000000Z,2023-11-04T11:41:42.000000Z
2007,70,התנהגות אלגברית,1349,1351,1,Numeric bullet single choice,פסיכומטרי,4,2023-11-04T11:44:50.000000Z,2024-01-11T10:27:01.000000Z
1912,73,שלמים,1350,1352,1,Numeric bullet single choice,פסיכומטרי,6,2023-11-02T14:04:15.000000Z,2023-11-02T14:04:15.000000Z
2008,70,התנהגות אלגברית,1350,1353,1,Numeric bullet single choice,פסיכומטרי,3,2023-11-04T11:48:04.000000Z,2024-01-11T12:33:55.000000Z
1913,73,שלמים,1351,1356,1,Numeric bullet single choice,פסיכומטרי,5,2023-11-02T14:08:15.000000Z,2024-01-23T13:39:18.000000Z
1914,73,שלמים,1352,1357,1,Numeric bullet single choice,פסיכומטרי,3.5,2023-11-02T14:10:38.000000Z,2024-01-23T13:47:37.000000Z
2009,71,חיובי שלילי וערך מוחלט,1353,1358,1,Numeric bullet single choice,פסיכומטרי,1,2023-11-04T11:50:21.000000Z,2024-01-27T07:02:35.000000Z
1915,74,חלוקה,1356,1359,1,Numeric bullet single choice,פסיכומטרי,4,2023-11-02T14:14:35.000000Z,2023-11-02T14:14:35.000000Z
1916,73,שלמים,1357,1360,1,Numeric bullet single choice,פסיכומטרי,6,2023-11-02T14:17:20.000000Z,2023-11-02T14:17:20.000000Z
1917,74,חלוקה,1358,1361,1,Numeric bullet single choice,פסיכומטרי,3,2023-11-02T14:19:42.000000Z,2024-01-23T13:52:24.000000Z
1918,73,שלמים,1359,1362,1,Numeric bullet single choice,פסיכומטרי,3.5,2023-11-02T14:22:11.000000Z,2024-01-23T13:53:30.000000Z
1919,73,שלמים,1360,1363,1,Numeric bullet single choice,פסיכומטרי,6,2023-11-02T14:26:35.000000Z,2023-11-02T14:26:35.000000Z
1920,73,שלמים,1361,1364,1,Numeric bullet single choice,פסיכומטרי,7,2023-11-02T14:32:05.000000Z,2023-11-02T14:32:05.000000Z
2010,70,התנהגות אלגברית,1362,1365,1,Numeric bullet single choice,פסיכומטרי,4,2023-11-04T11:59:10.000000Z,2024-01-11T10:31:31.000000Z
1921,74,חלוקה,1363,1366,1,Numeric bullet single choice,פסיכומטרי,4,2023-11-02T14:35:02.000000Z,2024-12-22T03:51:44.000000Z
1922,73,שלמים,1364,1368,1,Numeric bullet single choice,פסיכומטרי,1,2023-11-02T14:36:25.000000Z,2023-11-02T14:36:25.000000Z
1923,73,שלמים,1365,1369,1,Numeric bullet single choice,פסיכומטרי,1,2023-11-02T14:38:04.000000Z,2023-11-02T14:38:04.000000Z
2089,73,שלמים,1366,1370,1,Numeric bullet single choice,פסיכומטרי,1,2023-11-05T14:22:44.000000Z,2024-01-23T13:58:47.000000Z
2090,73,שלמים,1368,1373,1,Numeric bullet single choice,פסיכומטרי,1,2023-11-05T14:24:14.000000Z,2024-01-23T13:59:25.000000Z
2091,71,חיובי שלילי וערך מוחלט,1369,1374,1,Numeric bullet single choice,פסיכומטרי,2,2023-11-05T14:26:22.000000Z,2024-01-27T07:03:24.000000Z
2093,74,חלוקה,1370,1375,1,Numeric bullet single choice,פסיכומטרי,2,2023-11-05T14:27:57.000000Z,2023-11-05T14:27:57.000000Z
2095,73,שלמים,1373,1376,1,Numeric bullet single choice,פסיכומטרי,2,2023-11-05T14:30:53.000000Z,2024-01-23T14:00:22.000000Z
2096,73,שלמים,1374,1378,1,Numeric bullet single choice,פסיכומטרי,5,2023-11-05T14:33:59.000000Z,2024-01-23T14:02:26.000000Z
2098,73,שלמים,1375,1379,1,Numeric bullet single choice,פסיכומטרי,7,2023-11-05T14:36:22.000000Z,2023-11-05T14:36:22.000000Z
2099,73,שלמים,1376,1380,1,Numeric bullet single choice,פסיכומטרי,5,2023-11-05T14:39:50.000000Z,2023-11-05T14:39:50.000000Z
2100,73,שלמים,1378,1382,1,Numeric bullet single choice,פסיכומטרי,4,2023-11-05T14:42:43.000000Z,2024-01-23T14:04:44.000000Z
2101,74,חלוקה,1379,1383,1,Numeric bullet single choice,פסיכומטרי,6,2023-11-05T14:44:53.000000Z,2023-11-05T14:44:53.000000Z
2102,74,חלוקה,1380,1384,1,Numeric bullet single choice,פסיכומטרי,5,2023-11-05T14:48:19.000000Z,2023-11-05T14:48:19.000000Z
2104,73,שלמים,1382,1385,1,Numeric bullet single choice,פסיכומטרי,6,2023-11-05T14:51:17.000000Z,2024-01-23T14:08:23.000000Z
1924,73,שלמים,1383,1386,1,Numeric bullet single choice,פסיכומטרי,5,2023-11-02T14:40:48.000000Z,2024-01-23T14:09:49.000000Z
1925,74,חלוקה,1384,1388,1,Numeric bullet single choice,פסיכומטרי,5,2023-11-02T14:43:33.000000Z,2024-01-23T14:16:31.000000Z
1926,74,חלוקה,1385,1389,1,Numeric bullet single choice,פסיכומטרי,4,2023-11-02T14:45:06.000000Z,2024-01-23T14:17:24.000000Z
1927,75,אותיות וספרות,1386,1393,1,Numeric bullet single choice,פסיכומטרי,2,2023-11-02T14:47:51.000000Z,2024-01-23T14:18:06.000000Z
1928,75,אותיות וספרות,1388,1394,1,Numeric bullet single choice,פסיכומטרי,3,2023-11-02T14:50:34.000000Z,2024-01-23T14:27:15.000000Z
1929,75,אותיות וספרות,1389,1398,1,Numeric bullet single choice,פסיכומטרי,9.5,2023-11-02T14:56:39.000000Z,2023-12-13T10:20:34.000000Z
2011,70,התנהגות אלגברית,1393,1403,1,Numeric bullet single choice,פסיכומטרי,3,2023-11-04T12:02:13.000000Z,2024-01-11T10:33:22.000000Z
1930,73,שלמים,1394,1404,1,Numeric bullet single choice,פסיכומטרי,7,2023-11-02T15:00:18.000000Z,2024-01-23T14:29:04.000000Z
1862,67,משוואות,1398,1405,1,Numeric bullet single choice,פסיכומטרי,4,2023-11-02T09:29:24.000000Z,2023-11-28T08:32:21.000000Z
1945,115,קווים וזוויות,1403,1426,1,Image and text,פסיכומטרי,1,2023-11-03T09:19:15.000000Z,2023-12-17T10:48:56.000000Z
1946,115,קווים וזוויות,1404,1409,1,Image and text,פסיכומטרי,1,2023-11-03T09:39:57.000000Z,2023-12-17T11:01:55.000000Z
1947,116,משולשים,1405,3042,1,Image and text,פסיכומטרי,2.5,2023-11-03T10:04:51.000000Z,2023-11-30T07:05:53.000000Z
3011,119,מעגלים,1426,1414,1,Image and text,פסיכומטרי,10,2023-11-23T08:09:55.000000Z,2024-12-30T10:14:44.000000Z
1950,117,מרובעים,1409,1415,1,Image and text,פסיכומטרי,1,2023-11-03T10:34:28.000000Z,2023-12-17T14:41:02.000000Z
3398,119,מעגלים,3042,1416,1,Image and text,פסיכומטרי,10,2023-11-27T10:50:50.000000Z,2024-02-19T16:08:50.000000Z
1954,122,שטחים,1414,3657,1,Image and text,פסיכומטרי,6,2023-11-03T11:13:50.000000Z,2024-12-30T09:17:59.000000Z
2988,122,שטחים,1415,3074,1,Image and text,פסיכומטרי,3,2023-11-23T04:50:41.000000Z,2023-11-23T04:51:22.000000Z
1955,116,משולשים,1416,3084,1,Image and text,פסיכומטרי,2,2023-11-03T11:20:40.000000Z,2023-11-30T07:06:44.000000Z
4582,119,מעגלים,3657,1420,1,Image and text,פסיכומטרי,10,2023-12-07T08:20:32.000000Z,2024-02-26T11:57:33.000000Z
3414,119,מעגלים,3074,1421,1,Image and text,פסיכומטרי,9,2023-11-27T11:17:05.000000Z,2024-02-19T16:20:30.000000Z
3430,119,מעגלים,3084,1423,1,Image and text,פסיכומטרי,9,2023-11-27T11:40:24.000000Z,2024-02-19T16:52:20.000000Z
1959,117,מרובעים,1420,1425,1,Image and text,פסיכומטרי,4,2023-11-03T11:50:09.000000Z,2023-12-17T14:58:18.000000Z
1960,117,מרובעים,1421,3586,1,Image and text,פסיכומטרי,5,2023-11-03T11:56:56.000000Z,2024-12-30T10:23:17.000000Z
2990,122,שטחים,1423,1427,1,Image and text,פסיכומטרי,5,2023-11-23T04:57:53.000000Z,2023-11-23T04:57:53.000000Z
2991,122,שטחים,1425,1428,1,Image and text,פסיכומטרי,3,2023-11-23T05:01:11.000000Z,2024-02-07T11:23:11.000000Z
6384,119,מעגלים,3586,1431,1,Image and text,פסיכומטרי,9,2023-12-28T04:08:11.000000Z,2024-02-26T11:47:14.000000Z
2992,122,שטחים,1427,1432,1,Image and text,פסיכומטרי,3.5,2023-11-23T05:12:00.000000Z,2023-11-23T05:12:00.000000Z
3012,122,שטחים,1428,סח  -  113  -  25,1,Image and text,פסיכומטרי,6,2023-11-23T08:13:47.000000Z,2023-11-23T08:13:47.000000Z
1962,116,משולשים,1431,1439,1,Image and text,פסיכומטרי,9,2023-11-03T12:22:09.000000Z,2023-11-03T12:29:30.000000Z
3013,122,שטחים,1432,1440,1,Image and text,פסיכומטרי,8,2023-11-23T08:17:04.000000Z,2023-11-23T08:17:04.000000Z
711,119,מעגלים,סח  -  113  -  25,1441,1,Image and text,פסיכומטרי,9,2023-09-22T04:53:37.000000Z,2024-02-21T12:59:53.000000Z
1965,117,מרובעים,1439,1443,1,Image and text,פסיכומטרי,2.5,2023-11-03T12:46:39.000000Z,2024-12-30T10:22:53.000000Z
1966,117,מרובעים,1440,1445,1,Image and text,פסיכומטרי,4.5,2023-11-03T12:51:50.000000Z,2023-12-17T15:51:24.000000Z
3015,122,שטחים,1441,3041,1,Image and text,פסיכומטרי,4.5,2023-11-23T08:23:42.000000Z,2024-02-07T11:27:16.000000Z
1968,122,שטחים,1443,1447,1,Image and text,פסיכומטרי,6.5,2023-11-03T13:12:59.000000Z,2024-12-30T09:22:39.000000Z
1970,121,פיתגורס,1445,1451,1,Image and text,פסיכומטרי,3,2023-11-03T13:25:06.000000Z,2024-11-06T09:46:31.000000Z
3395,119,מעגלים,3041,1455,1,Image and text,פסיכומטרי,8.5,2023-11-27T10:45:05.000000Z,2024-02-19T16:04:12.000000Z
3285,123,תלת-ממד,1447,1456,1,Image and text,פסיכומטרי,3,2023-11-26T11:49:13.000000Z,2024-02-07T08:51:33.000000Z
1974,116,משולשים,1451,1461,1,Image and text,פסיכומטרי,7,2023-11-03T14:09:34.000000Z,2023-11-30T07:47:44.000000Z
3017,120,דמיון צורות,1455,1462,1,Image and text,פסיכומטרי,5,2023-11-23T08:31:19.000000Z,2024-12-30T10:01:41.000000Z
1975,121,פיתגורס,1456,1465,1,Image and text,פסיכומטרי,3,2023-11-03T14:15:12.000000Z,2024-01-04T10:25:34.000000Z
3018,122,שטחים,1461,1466,1,Image and text,פסיכומטרי,5,2023-11-23T08:34:28.000000Z,2024-02-07T11:29:30.000000Z
3019,122,שטחים,1462,1467,1,Image and text,פסיכומטרי,5.5,2023-11-23T08:41:37.000000Z,2024-02-07T11:32:20.000000Z
3021,122,שטחים,1465,1485,1,Image and text,פסיכומטרי,8,2023-11-23T08:58:55.000000Z,2023-11-23T08:58:55.000000Z
3022,122,שטחים,1466,1471,1,Image and text,פסיכומטרי,7.5,2023-11-23T09:02:19.000000Z,2024-02-07T11:37:14.000000Z
3023,122,שטחים,1467,1531,1,Image and text,פסיכומטרי,6,2023-11-23T09:05:29.000000Z,2023-11-23T09:05:29.000000Z
2741,119,מעגלים,1485,3011,1,Image and text,פסיכומטרי,8,2023-11-20T11:50:48.000000Z,2023-11-20T11:50:48.000000Z
3024,122,שטחים,1471,3037,1,Image and text,פסיכומטרי,2.5,2023-11-23T09:10:03.000000Z,2023-11-23T09:10:03.000000Z
2791,119,מעגלים,1531,1480,1,Numeric bullet single choice,פסיכומטרי,8,2023-11-20T14:10:13.000000Z,2024-12-30T10:09:59.000000Z
2886,119,מעגלים,3011,1482,1,Image and text,פסיכומטרי,8,2023-11-21T09:59:19.000000Z,2024-01-02T08:17:11.000000Z
3539,119,מעגלים,3037,1483,1,Image and text,פסיכומטרי,8,2023-11-28T07:35:53.000000Z,2024-02-22T17:02:33.000000Z
3025,122,שטחים,1480,A_10084,1,Image and text,פסיכומטרי,3,2023-11-23T09:14:13.000000Z,2023-11-23T09:14:13.000000Z
2735,118,מצולעים,1482,1486,1,Image and text,פסיכומטרי,5,2023-11-20T11:41:36.000000Z,2023-12-19T19:29:42.000000Z
3026,122,שטחים,1483,1487,1,Image and text,פסיכומטרי,2,2023-11-23T09:17:41.000000Z,2023-11-23T09:17:41.000000Z
3382,119,מעגלים,A_10084,1489,1,Image and text,פסיכומטרי,8,2023-11-27T10:03:57.000000Z,2024-02-19T14:56:38.000000Z
2744,122,שטחים,1486,1491,1,Image and text,פסיכומטרי,3.5,2023-11-20T11:55:31.000000Z,2024-01-27T08:34:59.000000Z
3027,122,שטחים,1487,1492,1,Image and text,פסיכומטרי,5,2023-11-23T09:39:37.000000Z,2023-11-23T09:39:37.000000Z
3031,122,שטחים,1489,1493,1,Image and text,פסיכומטרי,8,2023-11-23T09:47:28.000000Z,2024-02-07T11:57:43.000000Z
2746,94,תנועה,1491,1494,1,Image and text,פסיכומטרי,4,2023-11-20T12:10:16.000000Z,2023-11-20T12:10:16.000000Z
2747,121,פיתגורס,1492,1495,1,Image and text,פסיכומטרי,2,2023-11-20T12:13:32.000000Z,2024-12-30T09:43:25.000000Z
2749,116,משולשים,1493,1496,1,Image and text,פסיכומטרי,1.5,2023-11-20T12:18:45.000000Z,2023-11-30T07:50:45.000000Z
2752,121,פיתגורס,1494,A_10085,1,Image and text,פסיכומטרי,3,2023-11-20T12:24:42.000000Z,2024-03-28T09:23:30.000000Z
2753,121,פיתגורס,1495,1501,1,Image and text,פסיכומטרי,2,2023-11-20T12:29:04.000000Z,2024-01-04T10:33:54.000000Z
3033,122,שטחים,1496,A_9469,1,Image and text,פסיכומטרי,6.5,2023-11-23T09:52:04.000000Z,2024-03-20T21:32:55.000000Z
3383,119,מעגלים,A_10085,1504,1,Numeric bullet single choice,פסיכומטרי,8,2023-11-27T10:09:33.000000Z,2024-02-22T12:03:28.000000Z
3035,122,שטחים,1501,1509,1,Image and text,פסיכומטרי,4,2023-11-23T09:55:56.000000Z,2023-11-23T09:55:56.000000Z
3837,119,מעגלים,A_9469,1510,1,Image and text,פסיכומטרי,8,2023-11-30T08:06:42.000000Z,2024-02-26T09:52:22.000000Z
3037,122,שטחים,1504,1511,1,Image and text,פסיכומטרי,4,2023-11-23T09:59:58.000000Z,2023-11-23T09:59:58.000000Z
2758,118,מצולעים,1509,סג - 60 - 18,1,Image and text,פסיכומטרי,2.5,2023-11-20T13:00:13.000000Z,2023-11-20T13:00:13.000000Z
2759,118,מצולעים,1510,1513,1,Image and text,פסיכומטרי,2.5,2023-11-20T13:04:24.000000Z,2023-12-20T05:38:44.000000Z
2760,118,מצולעים,1511,1516,1,Image and text,פסיכומטרי,2,2023-11-20T13:10:37.000000Z,2023-12-20T05:44:22.000000Z
10346,119,מעגלים,סג - 60 - 18,1521,1,Image and text,פסיכומטרי,8,2024-06-15T17:06:09.000000Z,2024-12-30T10:04:26.000000Z
2763,117,מרובעים,1513,1526,1,Image and text,פסיכומטרי,2,2023-11-20T13:18:33.000000Z,2023-12-20T05:46:12.000000Z
3039,122,שטחים,1516,1527,1,Image and text,פסיכומטרי,5,2023-11-23T10:04:41.000000Z,2023-11-23T10:04:41.000000Z
2769,116,משולשים,1521,1528,1,Image and text,פסיכומטרי,3,2023-11-20T13:32:16.000000Z,2023-11-20T13:32:16.000000Z
2779,116,משולשים,1526,1530,1,Image and text,פסיכומטרי,2,2023-11-20T13:51:31.000000Z,2023-11-20T13:51:31.000000Z
2782,117,מרובעים,1527,סח  -  110  -  17,1,Image and text,פסיכומטרי,1,2023-11-20T13:54:44.000000Z,2023-12-17T16:20:10.000000Z
2783,118,מצולעים,1528,סח  -  112  -  22,1,Image and text,פסיכומטרי,2,2023-11-20T13:57:34.000000Z,2023-12-20T05:51:51.000000Z
2790,116,משולשים,1530,סח  -  112  -  23,1,Image and text,פסיכומטרי,2.5,2023-11-20T14:06:43.000000Z,2023-11-30T08:04:09.000000Z
691,119,מעגלים,סח  -  110  -  17,סח  -  113 -  27,1,Image and text,פסיכומטרי,8,2023-09-21T10:49:02.000000Z,2023-09-21T10:49:02.000000Z
696,119,מעגלים,סח  -  112  -  22,1537,1,Image and text,פסיכומטרי,8,2023-09-21T11:29:04.000000Z,2024-01-04T07:07:22.000000Z
697,119,מעגלים,סח  -  112  -  23,סח -  111 -  19,1,Image and text,פסיכומטרי,8,2023-09-21T11:33:15.000000Z,2024-01-04T07:08:35.000000Z
714,119,מעגלים,סח  -  113 -  27,1542,1,Image and text,פסיכומטרי,8,2023-09-22T05:15:53.000000Z,2024-01-04T07:14:35.000000Z
2796,118,מצולעים,1537,1544,1,Numeric bullet single choice,פסיכומטרי,2,2023-11-20T14:23:19.000000Z,2023-12-20T06:01:54.000000Z
693,119,מעגלים,סח -  111 -  19,1546,1,Image and text,פסיכומטרי,8,2023-09-21T11:01:49.000000Z,2024-01-04T06:58:03.000000Z
2802,118,מצולעים,1542,1548,1,Numeric bullet single choice,פסיכומטרי,9.5,2023-11-20T14:32:03.000000Z,2023-12-20T06:30:59.000000Z
2805,89,כלליות 1,1544,3036,1,Numeric bullet single choice,פסיכומטרי,6,2023-11-20T14:37:04.000000Z,2023-11-20T14:37:04.000000Z
3287,123,תלת-ממד,1546,3003,1,Numeric bullet single choice,פסיכומטרי,4,2023-11-26T11:51:21.000000Z,2024-02-07T08:53:11.000000Z
3045,122,שטחים,1548,3040,1,Numeric bullet single choice,פסיכומטרי,10,2023-11-23T13:42:12.000000Z,2024-02-07T12:13:58.000000Z
3538,119,מעגלים,3036,1556,1,Image and text,פסיכומטרי,7.5,2023-11-28T07:29:53.000000Z,2024-02-22T16:51:05.000000Z
3523,119,מעגלים,3003,1557,1,Image and text,פסיכומטרי,7,2023-11-28T05:48:51.000000Z,2024-02-22T16:32:20.000000Z
3542,119,מעגלים,3040,1560,1,Image and text,פסיכומטרי,7,2023-11-28T07:49:40.000000Z,2024-02-22T17:20:40.000000Z
2856,122,שטחים,1556,1561,1,Numeric bullet single choice,פסיכומטרי,5,2023-11-21T07:31:18.000000Z,2023-12-17T16:35:11.000000Z
3290,123,תלת-ממד,1557,1562,1,Numeric bullet single choice,פסיכומטרי,4,2023-11-26T11:53:22.000000Z,2023-11-26T11:53:22.000000Z
2857,120,דמיון צורות,1560,1565,1,Numeric bullet single choice,פסיכומטרי,2,2023-11-21T08:00:26.000000Z,2024-01-02T08:33:49.000000Z
2858,120,דמיון צורות,1561,1567,1,Numeric bullet single choice,פסיכומטרי,2,2023-11-21T08:04:12.000000Z,2024-01-02T08:34:46.000000Z
2859,120,דמיון צורות,1562,1568,1,Numeric bullet single choice,פסיכומטרי,1,2023-11-21T08:06:47.000000Z,2023-11-21T08:06:47.000000Z
2860,117,מרובעים,1565,3117,1,Numeric bullet single choice,פסיכומטרי,5,2023-11-21T08:16:44.000000Z,2023-12-17T16:40:01.000000Z
3504,117,מרובעים,1567,1570,1,Numeric bullet single choice,פסיכומטרי,3,2023-11-28T04:58:33.000000Z,2024-02-19T14:25:28.000000Z
2861,117,מרובעים,1568,1574,1,Numeric bullet single choice,פסיכומטרי,2,2023-11-21T08:19:49.000000Z,2023-12-18T08:05:27.000000Z
4387,119,מעגלים,3117,1578,1,Image and text,פסיכומטרי,7,2023-12-05T16:13:44.000000Z,2024-02-26T11:22:55.000000Z
3294,123,תלת-ממד,1570,1580,1,Numeric bullet single choice,פסיכומטרי,2,2023-11-26T11:56:29.000000Z,2023-11-26T11:56:29.000000Z
2862,122,שטחים,1574,1582,1,Numeric bullet single choice,פסיכומטרי,4,2023-11-21T08:23:14.000000Z,2024-12-30T09:26:26.000000Z
3507,117,מרובעים,1574,1584,1,Numeric bullet single choice,פסיכומטרי,5,2023-11-28T05:03:34.000000Z,2024-02-19T14:26:34.000000Z
2863,122,שטחים,1578,1585,1,Numeric bullet single choice,פסיכומטרי,5,2023-11-21T08:27:58.000000Z,2023-11-21T08:27:58.000000Z
2864,122,שטחים,1580,1586,1,Numeric bullet single choice,פסיכומטרי,5,2023-11-21T08:34:29.000000Z,2024-02-19T19:18:01.000000Z
3509,116,משולשים,1582,1587,1,Numeric bullet single choice,פסיכומטרי,3,2023-11-28T05:08:19.000000Z,2023-11-28T05:08:19.000000Z
3511,117,מרובעים,1584,3557,1,Numeric bullet single choice,פסיכומטרי,4.5,2023-11-28T05:11:23.000000Z,2024-02-19T14:27:24.000000Z
3296,122,שטחים,1585,1591,1,Numeric bullet single choice,פסיכומטרי,2,2023-11-26T11:58:33.000000Z,2023-11-26T11:58:33.000000Z
2865,122,שטחים,1586,1593,1,Numeric bullet single choice,פסיכומטרי,3,2023-11-21T08:37:16.000000Z,2024-01-27T08:41:13.000000Z
2866,122,שטחים,1587,1594,1,Numeric bullet single choice,פסיכומטרי,4,2023-11-21T08:40:57.000000Z,2024-01-27T08:42:27.000000Z
3578,119,מעגלים,3557,1596,1,Image and text,פסיכומטרי,7,2023-11-28T09:58:30.000000Z,2024-02-22T17:34:23.000000Z
3513,116,משולשים,1591,1597,1,Numeric bullet single choice,פסיכומטרי,1,2023-11-28T05:15:29.000000Z,2023-11-28T05:15:29.000000Z
2867,122,שטחים,1593,1598,1,Numeric bullet single choice,פסיכומטרי,4,2023-11-21T08:43:28.000000Z,2023-12-18T09:03:15.000000Z
3514,121,פיתגורס,1594,1600,1,Numeric bullet single choice,פסיכומטרי,1,2023-11-28T05:17:11.000000Z,2023-11-28T05:19:00.000000Z
2869,120,דמיון צורות,1596,1602,1,Numeric bullet single choice,פסיכומטרי,2,2023-11-21T08:50:21.000000Z,2024-01-02T08:36:55.000000Z
2870,122,שטחים,1597,1603,1,Numeric bullet single choice,פסיכומטרי,3,2023-11-21T08:52:18.000000Z,2024-01-27T08:45:08.000000Z
2871,122,שטחים,1598,1604,1,Numeric bullet single choice,פסיכומטרי,5,2023-11-21T08:54:11.000000Z,2023-11-21T08:54:11.000000Z
3515,117,מרובעים,1600,1605,1,Numeric bullet single choice,פסיכומטרי,5,2023-11-28T05:18:31.000000Z,2024-02-19T14:28:21.000000Z
2348,198,Sentence Completions,1602,1609,1,English layout,פסיכומטרי,3,2023-11-16T12:35:25.000000Z,2023-12-22T07:31:09.000000Z
2352,198,Sentence Completions,1603,1610,1,English layout,פסיכומטרי,4,2023-11-16T12:39:42.000000Z,2023-12-22T07:32:44.000000Z
2357,198,Sentence Completions,1604,1613,1,English layout,פסיכומטרי,3,2023-11-16T12:46:08.000000Z,2023-12-22T07:39:00.000000Z
2360,198,Sentence Completions,1605,1614,1,English layout,פסיכומטרי,3,2023-11-16T12:49:05.000000Z,2023-12-22T07:41:37.000000Z
2370,198,Sentence Completions,1609,1615,1,English layout,פסיכומטרי,6,2023-11-16T13:00:23.000000Z,2023-12-22T07:52:39.000000Z
2373,198,Sentence Completions,1610,1617,1,English layout,פסיכומטרי,7,2023-11-16T13:02:46.000000Z,2023-12-24T14:58:04.000000Z
2380,198,Sentence Completions,1613,1618,1,English layout,פסיכומטרי,8,2023-11-16T13:11:31.000000Z,2023-12-24T14:59:33.000000Z
2381,198,Sentence Completions,1614,1619,1,English layout,פסיכומטרי,5,2023-11-16T13:14:32.000000Z,2023-12-24T15:12:30.000000Z
2383,198,Sentence Completions,1615,1620,1,English layout,פסיכומטרי,7,2023-11-16T13:17:10.000000Z,2023-12-24T15:18:51.000000Z
2387,198,Sentence Completions,1617,1621,1,English layout,פסיכומטרי,8,2023-11-16T13:23:32.000000Z,2023-12-24T15:23:24.000000Z
2389,198,Sentence Completions,1618,1622,1,English layout,פסיכומטרי,7,2023-11-16T13:26:18.000000Z,2023-12-24T15:22:25.000000Z
2391,198,Sentence Completions,1619,1623,1,English layout,פסיכומטרי,9,2023-11-16T13:29:42.000000Z,2023-12-24T15:24:17.000000Z
2393,198,Sentence Completions,1620,1624,1,English layout,פסיכומטרי,3,2023-11-16T13:32:30.000000Z,2023-12-24T15:30:01.000000Z
2394,198,Sentence Completions,1621,1625,1,English layout,פסיכומטרי,5,2023-11-16T13:34:46.000000Z,2023-12-24T15:30:41.000000Z
2396,198,Sentence Completions,1622,1626,1,English layout,פסיכומטרי,6,2023-11-16T13:37:34.000000Z,2023-12-24T15:33:11.000000Z
2399,198,Sentence Completions,1623,1627,1,English layout,פסיכומטרי,4,2023-11-16T13:42:56.000000Z,2024-05-08T06:00:46.000000Z
9085,246,Sentence Completions,1623,1628,1,English layout,אמירנט,4,2024-05-08T06:00:57.000000Z,2024-05-08T06:00:57.000000Z
9086,246,Sentence Completions,1624,1629,1,English layout,אמירנט,7,2024-05-08T06:07:49.000000Z,2024-05-08T06:07:49.000000Z
2401,198,Sentence Completions,1625,1630,1,English layout,פסיכומטרי,8,2023-11-16T13:47:33.000000Z,2024-05-08T06:09:56.000000Z
9087,246,Sentence Completions,1625,1631,1,English layout,אמירנט,8,2024-05-08T06:10:23.000000Z,2024-05-08T06:10:23.000000Z
2402,198,Sentence Completions,1626,1632,1,English layout,פסיכומטרי,5,2023-11-16T13:49:49.000000Z,2024-05-08T06:13:25.000000Z
9088,246,Sentence Completions,1626,1633,1,English layout,אמירנט,5,2024-05-08T06:14:10.000000Z,2024-05-08T06:14:10.000000Z
2404,198,Sentence Completions,1627,1634,1,English layout,פסיכומטרי,7,2023-11-16T13:52:12.000000Z,2024-05-08T06:15:28.000000Z
9089,198,Sentence Completions,1627,1636,1,English layout,פסיכומטרי,7,2024-05-08T06:15:54.000000Z,2024-05-08T06:15:54.000000Z
2405,198,Sentence Completions,1628,1637,1,English layout,פסיכומטרי,3,2023-11-16T13:54:24.000000Z,2024-05-08T06:17:48.000000Z
9090,246,Sentence Completions,1628,1638,1,English layout,אמירנט,3,2024-05-08T06:18:06.000000Z,2024-05-08T06:18:06.000000Z
9091,246,Sentence Completions,1629,1639,1,English layout,אמירנט,5,2024-05-08T06:19:35.000000Z,2024-05-08T06:19:35.000000Z
2409,198,Sentence Completions,1630,1641,1,English layout,פסיכומטרי,4,2023-11-16T14:01:00.000000Z,2024-05-08T06:20:18.000000Z
9092,246,Sentence Completions,1630,1642,1,English layout,אמירנט,4,2024-05-08T06:20:32.000000Z,2024-05-08T06:20:32.000000Z
2411,198,Sentence Completions,1631,1643,1,English layout,פסיכומטרי,5,2023-11-16T14:03:19.000000Z,2024-05-08T06:23:42.000000Z
9093,246,Sentence Completions,1631,1644,1,English layout,אמירנט,5,2024-05-08T06:24:08.000000Z,2024-05-08T06:24:08.000000Z
2413,198,Sentence Completions,1632,1645,1,English layout,פסיכומטרי,3,2023-11-16T14:05:41.000000Z,2024-05-08T06:27:09.000000Z
9094,246,Sentence Completions,1632,1646,1,English layout,אמירנט,3,2024-05-08T06:27:28.000000Z,2024-05-08T06:27:28.000000Z
2414,198,Sentence Completions,1633,1647,1,English layout,פסיכומטרי,4,2023-11-16T14:08:22.000000Z,2024-05-08T06:28:25.000000Z
9095,246,Sentence Completions,1633,1648,1,English layout,אמירנט,4,2024-05-08T06:28:35.000000Z,2024-05-08T06:28:35.000000Z
2416,198,Sentence Completions,1634,1649,1,English layout,פסיכומטרי,8,2023-11-16T14:10:24.000000Z,2024-05-08T06:30:00.000000Z
9096,246,Sentence Completions,1634,1650,1,English layout,אמירנט,8,2024-05-08T06:30:15.000000Z,2024-05-08T06:30:15.000000Z
2417,198,Sentence Completions,1636,1651,1,English layout,פסיכומטרי,5,2023-11-16T14:13:09.000000Z,2024-05-08T06:34:32.000000Z
9097,246,Sentence Completions,1636,1652,1,English layout,אמירנט,5,2024-05-08T06:35:52.000000Z,2024-05-08T06:35:52.000000Z
2418,198,Sentence Completions,1637,1653,1,English layout,פסיכומטרי,5,2023-11-16T14:16:00.000000Z,2024-05-08T06:37:55.000000Z
9098,246,Sentence Completions,1637,1654,1,English layout,אמירנט,5,2024-05-08T06:38:06.000000Z,2024-05-08T06:38:06.000000Z
2420,198,Sentence Completions,1638,1655,1,English layout,פסיכומטרי,2,2023-11-16T14:18:01.000000Z,2024-05-08T06:38:37.000000Z
9099,246,Sentence Completions,1638,1656,1,English layout,אמירנט,2,2024-05-08T06:38:51.000000Z,2024-05-08T06:38:51.000000Z
2423,198,Sentence Completions,1639,1657,1,English layout,פסיכומטרי,8,2023-11-16T14:24:00.000000Z,2024-05-08T06:41:59.000000Z
9100,246,Sentence Completions,1639,1658,1,English layout,אמירנט,8,2024-05-08T06:41:48.000000Z,2024-05-08T06:41:48.000000Z
2447,198,Sentence Completions,1641,1659,1,English layout,פסיכומטרי,5,2023-11-17T06:19:49.000000Z,2024-05-08T06:50:55.000000Z
9101,246,Sentence Completions,1641,1660,1,English layout,אמירנט,5,2024-05-08T06:51:04.000000Z,2024-05-08T06:51:04.000000Z
2448,198,Sentence Completions,1642,1661,1,English layout,פסיכומטרי,7,2023-11-17T06:22:30.000000Z,2024-05-08T06:52:01.000000Z
9102,246,Sentence Completions,1642,1662,1,English layout,אמירנט,7,2024-05-08T06:52:17.000000Z,2024-05-08T06:52:17.000000Z
2449,198,Sentence Completions,1643,1663,1,English layout,פסיכומטרי,4,2023-11-17T06:24:55.000000Z,2024-05-08T06:52:41.000000Z
9103,246,Sentence Completions,1643,1664,1,English layout,אמירנט,4,2024-05-08T06:52:52.000000Z,2024-05-08T06:52:52.000000Z
2450,198,Sentence Completions,1644,1665,1,English layout,פסיכומטרי,6,2023-11-17T06:26:55.000000Z,2024-05-08T06:54:24.000000Z
9104,246,Sentence Completions,1644,1666,1,English layout,אמירנט,6,2024-05-08T06:54:35.000000Z,2024-05-08T06:54:35.000000Z
2451,198,Sentence Completions,1645,1667,1,English layout,פסיכומטרי,5,2023-11-17T06:29:18.000000Z,2024-05-08T06:59:28.000000Z
9106,246,Sentence Completions,1645,1668,1,English layout,אמירנט,5,2024-05-08T06:59:58.000000Z,2024-05-08T06:59:58.000000Z
2452,198,Sentence Completions,1646,1669,1,English layout,פסיכומטרי,8,2023-11-17T06:31:38.000000Z,2024-05-09T11:07:03.000000Z
9127,246,Sentence Completions,1646,1670,1,English layout,אמירנט,8,2024-05-09T11:07:18.000000Z,2024-05-09T11:07:18.000000Z
2453,198,Sentence Completions,1647,1671,1,English layout,פסיכומטרי,5,2023-11-17T06:33:51.000000Z,2024-05-09T11:09:21.000000Z
9128,246,Sentence Completions,1647,1672,1,English layout,אמירנט,5,2024-05-09T11:09:31.000000Z,2024-05-09T11:09:31.000000Z
2454,198,Sentence Completions,1648,1673,1,English layout,פסיכומטרי,4,2023-11-17T06:36:01.000000Z,2024-05-09T11:10:19.000000Z
9129,246,Sentence Completions,1648,1674,1,English layout,אמירנט,4,2024-05-09T11:10:29.000000Z,2024-05-09T11:10:29.000000Z
2455,198,Sentence Completions,1649,1675,1,English layout,פסיכומטרי,6,2023-11-17T06:38:10.000000Z,2024-05-09T11:11:05.000000Z
9130,246,Sentence Completions,1649,1676,1,English layout,אמירנט,6,2024-05-09T11:11:15.000000Z,2024-05-09T11:11:15.000000Z
9131,246,Sentence Completions,1650,1677,1,English layout,אמירנט,8,2024-05-09T11:12:16.000000Z,2024-05-09T11:12:16.000000Z
2457,198,Sentence Completions,1651,1678,1,English layout,פסיכומטרי,7,2023-11-17T06:42:41.000000Z,2024-05-09T11:13:11.000000Z
9132,246,Sentence Completions,1651,1679,1,English layout,אמירנט,7,2024-05-09T11:13:25.000000Z,2024-05-09T11:13:25.000000Z
2458,198,Sentence Completions,1652,1680,1,English layout,פסיכומטרי,7,2023-11-17T06:44:43.000000Z,2024-05-09T11:14:14.000000Z
9133,246,Sentence Completions,1652,1681,1,English layout,אמירנט,7,2024-05-09T11:14:23.000000Z,2024-05-09T11:14:23.000000Z
2459,198,Sentence Completions,1653,1682,1,English layout,פסיכומטרי,7,2023-11-17T06:46:50.000000Z,2024-05-09T11:18:10.000000Z
9134,246,Sentence Completions,1653,1683,1,English layout,אמירנט,7,2024-05-09T11:18:21.000000Z,2024-05-09T11:18:21.000000Z
2460,198,Sentence Completions,1654,1684,1,English layout,פסיכומטרי,9,2023-11-17T06:50:48.000000Z,2024-05-09T11:21:53.000000Z
9135,246,Sentence Completions,1654,1685,1,English layout,אמירנט,9,2024-05-09T11:22:06.000000Z,2024-05-09T11:22:06.000000Z
2461,198,Sentence Completions,1655,1686,1,English layout,פסיכומטרי,6,2023-11-17T06:53:16.000000Z,2024-05-09T11:22:58.000000Z
9136,246,Sentence Completions,1655,1687,1,English layout,אמירנט,6,2024-05-09T11:23:07.000000Z,2024-05-09T11:23:07.000000Z
2462,198,Sentence Completions,1656,1689,1,English layout,פסיכומטרי,5,2023-11-17T06:56:24.000000Z,2024-05-09T11:24:11.000000Z
9137,246,Sentence Completions,1656,1690,1,English layout,אמירנט,5,2024-05-09T11:24:19.000000Z,2024-05-09T11:24:19.000000Z
2463,198,Sentence Completions,1657,1691,1,English layout,פסיכומטרי,8,2023-11-17T06:58:48.000000Z,2024-05-09T11:24:48.000000Z
9138,246,Sentence Completions,1657,1692,1,English layout,אמירנט,8,2024-05-09T11:25:00.000000Z,2024-05-09T11:25:00.000000Z
2464,198,Sentence Completions,1658,1693,1,English layout,פסיכומטרי,2,2023-11-17T07:02:22.000000Z,2024-05-09T11:26:23.000000Z
9139,246,Sentence Completions,1658,1694,1,English layout,אמירנט,2,2024-05-09T11:26:32.000000Z,2024-05-09T11:26:32.000000Z
2465,198,Sentence Completions,1659,1695,1,English layout,פסיכומטרי,5,2023-11-17T07:04:32.000000Z,2024-05-09T11:27:00.000000Z
9140,246,Sentence Completions,1659,1696,1,English layout,אמירנט,5,2024-05-09T11:27:12.000000Z,2024-05-09T11:27:12.000000Z
9141,246,Sentence Completions,1660,1697,1,English layout,אמירנט,7,2024-05-09T11:28:42.000000Z,2024-05-09T11:28:42.000000Z
2467,198,Sentence Completions,1661,1698,1,English layout,פסיכומטרי,2,2023-11-17T07:10:40.000000Z,2024-05-10T04:10:10.000000Z
9142,246,Sentence Completions,1661,1699,1,English layout,אמירנט,2,2024-05-10T04:10:23.000000Z,2024-05-10T04:10:23.000000Z
2468,198,Sentence Completions,1662,1700,1,English layout,פסיכומטרי,5,2023-11-17T07:12:44.000000Z,2024-05-10T04:10:58.000000Z
9143,246,Sentence Completions,1662,1701,1,English layout,אמירנט,5,2024-05-10T04:11:17.000000Z,2024-05-10T04:11:17.000000Z
9145,246,Sentence Completions,1663,1702,1,English layout,אמירנט,6,2024-05-10T04:12:21.000000Z,2024-05-10T04:12:21.000000Z
2472,198,Sentence Completions,1664,1703,1,English layout,פסיכומטרי,2,2023-11-17T07:17:18.000000Z,2024-05-10T04:12:56.000000Z
9146,246,Sentence Completions,1664,1705,1,English layout,אמירנט,2,2024-05-10T04:13:06.000000Z,2024-05-10T04:13:06.000000Z
2473,198,Sentence Completions,1665,1706,1,English layout,פסיכומטרי,4,2023-11-17T07:19:27.000000Z,2024-05-10T04:15:30.000000Z
9147,246,Sentence Completions,1665,1707,1,English layout,אמירנט,4,2024-05-10T04:15:40.000000Z,2024-05-10T04:15:40.000000Z
2475,198,Sentence Completions,1666,1708,1,English layout,פסיכומטרי,6,2023-11-17T07:21:55.000000Z,2024-05-10T04:16:12.000000Z
9148,246,Sentence Completions,1666,1709,1,English layout,אמירנט,6,2024-05-10T04:16:21.000000Z,2024-05-10T04:16:21.000000Z
2477,198,Sentence Completions,1667,1710,1,English layout,פסיכומטרי,7,2023-11-17T07:26:14.000000Z,2024-05-10T04:18:55.000000Z
9149,246,Sentence Completions,1667,1711,1,English layout,אמירנט,7,2024-05-10T04:19:04.000000Z,2024-05-10T04:19:04.000000Z
9150,246,Sentence Completions,1668,1712,1,English layout,אמירנט,5,2024-05-10T04:19:51.000000Z,2024-05-10T04:19:51.000000Z
2480,198,Sentence Completions,1669,1713,1,English layout,פסיכומטרי,10,2023-11-17T07:30:55.000000Z,2024-05-10T04:21:11.000000Z
9151,246,Sentence Completions,1669,1714,1,English layout,אמירנט,10,2024-05-10T04:21:34.000000Z,2024-05-10T04:21:34.000000Z
2482,198,Sentence Completions,1670,1715,1,English layout,פסיכומטרי,8,2023-11-17T07:33:35.000000Z,2024-05-10T04:22:36.000000Z
9152,246,Sentence Completions,1670,1716,1,English layout,אמירנט,8,2024-05-10T04:22:44.000000Z,2024-05-10T04:22:44.000000Z
2484,198,Sentence Completions,1671,1717,1,English layout,פסיכומטרי,6,2023-11-17T07:36:09.000000Z,2024-05-10T04:23:09.000000Z
9153,246,Sentence Completions,1671,1719,1,English layout,אמירנט,6,2024-05-10T04:23:17.000000Z,2024-05-10T04:23:17.000000Z
2485,198,Sentence Completions,1672,1720,1,English layout,פסיכומטרי,5,2023-11-17T07:38:35.000000Z,2024-05-10T04:23:51.000000Z
9154,246,Sentence Completions,1672,1721,1,English layout,אמירנט,5,2024-05-10T04:24:00.000000Z,2024-05-10T04:24:00.000000Z
2487,198,Sentence Completions,1673,1722,1,English layout,פסיכומטרי,7,2023-11-17T07:40:14.000000Z,2024-05-10T04:25:36.000000Z
9155,246,Sentence Completions,1673,1723,1,English layout,אמירנט,7,2024-05-10T04:25:46.000000Z,2024-05-10T04:25:46.000000Z
2488,198,Sentence Completions,1674,1725,1,English layout,פסיכומטרי,2,2023-11-17T07:41:55.000000Z,2024-05-10T04:26:06.000000Z
9156,246,Sentence Completions,1674,1726,1,English layout,אמירנט,2,2024-05-10T04:26:14.000000Z,2024-05-10T04:26:14.000000Z
2489,198,Sentence Completions,1675,1727,1,English layout,פסיכומטרי,5,2023-11-17T07:43:56.000000Z,2024-05-10T04:26:39.000000Z
9157,246,Sentence Completions,1675,1728,1,English layout,אמירנט,6,2024-05-10T04:26:55.000000Z,2024-05-10T04:26:55.000000Z
2491,198,Sentence Completions,1676,1729,1,English layout,פסיכומטרי,3,2023-11-17T07:46:09.000000Z,2024-05-10T04:27:24.000000Z
9158,246,Sentence Completions,1676,1730,1,English layout,אמירנט,3,2024-05-10T04:27:33.000000Z,2024-05-10T04:27:33.000000Z
2492,198,Sentence Completions,1677,1732,1,English layout,פסיכומטרי,4,2023-11-17T07:48:01.000000Z,2024-05-10T04:28:26.000000Z
9159,246,Sentence Completions,1677,1733,1,English layout,אמירנט,4,2024-05-10T04:28:35.000000Z,2024-05-10T04:28:35.000000Z
2494,198,Sentence Completions,1678,1734,1,English layout,פסיכומטרי,7,2023-11-17T07:50:57.000000Z,2024-05-10T10:47:18.000000Z
9196,246,Sentence Completions,1678,1735,1,English layout,אמירנט,7,2024-05-10T10:47:29.000000Z,2024-05-10T10:47:29.000000Z
2496,198,Sentence Completions,1679,1736,1,English layout,פסיכומטרי,6,2023-11-17T07:53:28.000000Z,2024-05-10T10:48:12.000000Z
9197,246,Sentence Completions,1679,1737,1,English layout,אמירנט,6,2024-05-10T10:48:34.000000Z,2024-05-10T10:48:34.000000Z
2498,198,Sentence Completions,1680,1738,1,English layout,פסיכומטרי,3,2023-11-17T07:58:45.000000Z,2024-05-10T10:49:05.000000Z
9198,246,Sentence Completions,1680,1739,1,English layout,אמירנט,3,2024-05-10T10:49:29.000000Z,2024-05-10T10:49:29.000000Z
2672,198,Sentence Completions,1681,1740,1,English layout,פסיכומטרי,6,2023-11-20T09:23:18.000000Z,2024-05-10T10:50:01.000000Z
9199,246,Sentence Completions,1681,1742,1,English layout,אמירנט,6,2024-05-10T10:50:17.000000Z,2024-05-10T10:50:17.000000Z
2673,198,Sentence Completions,1682,1743,1,English layout,פסיכומטרי,7,2023-11-20T09:25:49.000000Z,2025-01-15T18:06:12.000000Z
9201,246,Sentence Completions,1682,1744,1,English layout,אמירנט,7,2024-05-10T10:52:29.000000Z,2025-01-15T18:06:29.000000Z
2675,198,Sentence Completions,1683,1745,1,English layout,פסיכומטרי,8,2023-11-20T09:28:23.000000Z,2024-05-10T10:53:03.000000Z
9202,246,Sentence Completions,1683,1746,1,English layout,אמירנט,8,2024-05-10T10:53:13.000000Z,2024-05-10T10:53:13.000000Z
2676,198,Sentence Completions,1684,1747,1,English layout,פסיכומטרי,8,2023-11-20T09:31:29.000000Z,2024-05-10T10:54:06.000000Z
9203,246,Sentence Completions,1684,1748,1,English layout,אמירנט,8,2024-05-10T10:54:15.000000Z,2024-05-10T10:54:15.000000Z
2678,198,Sentence Completions,1685,1750,1,English layout,פסיכומטרי,4,2023-11-20T09:33:19.000000Z,2024-05-10T10:55:05.000000Z
9204,246,Sentence Completions,1685,1751,1,English layout,אמירנט,4,2024-05-10T10:55:17.000000Z,2024-05-10T10:55:17.000000Z
2679,198,Sentence Completions,1686,1752,1,English layout,פסיכומטרי,5,2023-11-20T09:35:57.000000Z,2024-05-10T10:55:56.000000Z
9205,246,Sentence Completions,1686,1753,1,English layout,אמירנט,5,2024-05-10T10:56:07.000000Z,2024-05-10T10:56:07.000000Z
2681,198,Sentence Completions,1687,1755,1,English layout,פסיכומטרי,5,2023-11-20T09:37:58.000000Z,2024-05-10T10:57:56.000000Z
9206,246,Sentence Completions,1687,1756,1,English layout,אמירנט,5,2024-05-10T10:58:06.000000Z,2024-05-10T10:58:06.000000Z
2683,198,Sentence Completions,1689,1757,1,English layout,פסיכומטרי,8,2023-11-20T09:41:50.000000Z,2024-05-10T10:58:47.000000Z
9207,246,Sentence Completions,1689,1759,1,English layout,אמירנט,8,2024-05-10T10:58:56.000000Z,2024-05-10T10:58:56.000000Z
2685,198,Sentence Completions,1690,1760,1,English layout,פסיכומטרי,7,2023-11-20T09:43:30.000000Z,2024-05-10T10:59:26.000000Z
9208,246,Sentence Completions,1690,1761,1,English layout,אמירנט,7,2024-05-10T10:59:37.000000Z,2024-05-10T10:59:37.000000Z
2686,198,Sentence Completions,1691,1762,1,English layout,פסיכומטרי,5,2023-11-20T09:45:38.000000Z,2024-05-10T11:00:03.000000Z
9209,246,Sentence Completions,1691,1763,1,English layout,אמירנט,5,2024-05-10T11:00:12.000000Z,2024-05-10T11:00:12.000000Z
2688,198,Sentence Completions,1692,1764,1,English layout,פסיכומטרי,7,2023-11-20T09:47:49.000000Z,2024-05-10T11:00:41.000000Z
9210,246,Sentence Completions,1692,1765,1,English layout,אמירנט,7,2024-05-10T11:00:54.000000Z,2024-05-10T11:00:54.000000Z
2691,198,Sentence Completions,1693,1766,1,English layout,פסיכומטרי,6,2023-11-20T09:49:56.000000Z,2024-05-10T11:01:23.000000Z
9211,246,Sentence Completions,1693,1767,1,English layout,אמירנט,6,2024-05-10T11:01:34.000000Z,2024-05-10T11:01:34.000000Z
2692,198,Sentence Completions,1694,1768,1,English layout,פסיכומטרי,6,2023-11-20T09:51:38.000000Z,2023-11-20T09:51:38.000000Z
9212,246,Sentence Completions,1694,1769,1,English layout,אמירנט,6,2024-05-10T11:02:17.000000Z,2024-05-10T11:02:17.000000Z
2693,198,Sentence Completions,1695,1770,1,English layout,פסיכומטרי,7,2023-11-20T09:53:34.000000Z,2023-11-20T09:53:34.000000Z
9213,246,Sentence Completions,1695,1771,1,English layout,אמירנט,7,2024-05-10T11:04:13.000000Z,2024-05-10T11:04:13.000000Z
2694,198,Sentence Completions,1696,1772,1,English layout,פסיכומטרי,3,2023-11-20T09:55:30.000000Z,2023-11-20T09:55:30.000000Z
9214,246,Sentence Completions,1696,1773,1,English layout,אמירנט,3,2024-05-10T11:04:43.000000Z,2024-05-10T11:04:43.000000Z
2695,198,Sentence Completions,1697,1774,1,English layout,פסיכומטרי,8,2023-11-20T09:57:53.000000Z,2024-05-10T11:05:14.000000Z
9215,246,Sentence Completions,1697,1775,1,English layout,אמירנט,8,2024-05-10T11:05:25.000000Z,2024-05-10T11:05:25.000000Z
2696,198,Sentence Completions,1698,1776,1,English layout,פסיכומטרי,5,2023-11-20T09:59:46.000000Z,2024-05-10T11:05:45.000000Z
9216,246,Sentence Completions,1698,1777,1,English layout,אמירנט,5,2024-05-10T11:05:53.000000Z,2024-05-10T11:05:53.000000Z
2698,198,Sentence Completions,1699,1778,1,English layout,פסיכומטרי,7,2023-11-20T10:01:57.000000Z,2023-11-20T10:01:57.000000Z
9217,246,Sentence Completions,1699,1779,1,English layout,אמירנט,7,2024-05-10T11:06:29.000000Z,2024-05-10T11:06:29.000000Z
2699,198,Sentence Completions,1700,1780,1,English layout,פסיכומטרי,4,2023-11-20T10:04:26.000000Z,2024-05-10T11:06:50.000000Z
9218,246,Sentence Completions,1700,1781,1,English layout,אמירנט,4,2024-05-10T11:07:03.000000Z,2024-05-10T11:07:03.000000Z
2700,198,Sentence Completions,1701,1782,1,English layout,פסיכומטרי,9,2023-11-20T10:06:58.000000Z,2024-05-10T11:07:22.000000Z
9219,246,Sentence Completions,1701,1783,1,English layout,אמירנט,9,2024-05-10T11:07:31.000000Z,2024-05-10T11:07:31.000000Z
9220,246,Sentence Completions,1702,1784,1,English layout,אמירנט,3,2024-05-10T11:09:05.000000Z,2024-05-10T11:09:05.000000Z
2702,198,Sentence Completions,1703,1785,1,English layout,פסיכומטרי,6,2023-11-20T10:12:33.000000Z,2023-11-20T10:12:33.000000Z
9221,246,Sentence Completions,1703,1786,1,English layout,אמירנט,6,2024-05-10T11:09:38.000000Z,2024-05-10T11:09:38.000000Z
2704,198,Sentence Completions,1705,1787,1,English layout,פסיכומטרי,3,2023-11-20T10:19:53.000000Z,2024-05-10T11:09:55.000000Z
9222,246,Sentence Completions,1705,1788,1,English layout,אמירנט,3,2024-05-10T11:10:05.000000Z,2024-05-10T11:10:05.000000Z
2705,198,Sentence Completions,1706,1789,1,English layout,פסיכומטרי,9,2023-11-20T10:22:02.000000Z,2024-05-10T11:10:26.000000Z
9223,246,Sentence Completions,1706,1790,1,English layout,אמירנט,9,2024-05-10T11:10:36.000000Z,2024-05-10T11:10:36.000000Z
2706,198,Sentence Completions,1707,1791,1,English layout,פסיכומטרי,7,2023-11-20T10:24:21.000000Z,2023-11-20T10:24:21.000000Z
9293,246,Sentence Completions,1707,1792,1,English layout,אמירנט,7,2024-05-12T08:16:06.000000Z,2024-05-12T08:16:06.000000Z
2708,198,Sentence Completions,1708,1793,1,English layout,פסיכומטרי,7,2023-11-20T10:26:19.000000Z,2024-05-12T08:20:18.000000Z
9294,246,Sentence Completions,1708,1794,1,English layout,אמירנט,7,2024-05-12T08:20:41.000000Z,2024-05-12T08:20:41.000000Z
2710,198,Sentence Completions,1709,1795,1,English layout,פסיכומטרי,5,2023-11-20T10:29:10.000000Z,2023-11-20T10:29:10.000000Z
9295,246,Sentence Completions,1709,1796,1,English layout,אמירנט,5,2024-05-12T08:21:45.000000Z,2024-05-12T08:21:45.000000Z
2711,198,Sentence Completions,1710,1797,1,English layout,פסיכומטרי,8,2023-11-20T10:30:52.000000Z,2024-05-12T08:22:21.000000Z
9296,246,Sentence Completions,1710,1798,1,English layout,אמירנט,8,2024-05-12T08:22:31.000000Z,2024-05-12T08:22:31.000000Z
2713,198,Sentence Completions,1711,1799,1,English layout,פסיכומטרי,9,2023-11-20T10:33:19.000000Z,2024-05-12T08:23:35.000000Z
9297,246,Sentence Completions,1711,1800,1,English layout,אמירנט,9,2024-05-12T08:23:47.000000Z,2024-05-12T08:23:47.000000Z
2715,198,Sentence Completions,1712,1801,1,English layout,פסיכומטרי,6,2023-11-20T10:35:28.000000Z,2024-05-12T08:24:31.000000Z
9298,246,Sentence Completions,1712,1802,1,English layout,אמירנט,6,2024-05-12T08:24:49.000000Z,2024-05-12T08:24:49.000000Z
2716,198,Sentence Completions,1713,1803,1,English layout,פסיכומטרי,10,2023-11-20T10:38:25.000000Z,2024-07-16T18:38:21.000000Z
9299,246,Sentence Completions,1713,1804,1,English layout,אמירנט,10,2024-05-12T08:25:41.000000Z,2024-05-12T08:25:41.000000Z
2717,198,Sentence Completions,1714,1805,1,English layout,פסיכומטרי,7,2023-11-20T10:40:53.000000Z,2024-05-12T08:26:08.000000Z
9300,246,Sentence Completions,1714,1806,1,English layout,אמירנט,7,2024-05-12T08:26:19.000000Z,2024-05-12T08:26:19.000000Z
2719,198,Sentence Completions,1715,1807,1,English layout,פסיכומטרי,6,2023-11-20T10:42:46.000000Z,2024-05-12T08:26:40.000000Z
9301,246,Sentence Completions,1715,1808,1,English layout,אמירנט,6,2024-05-12T08:26:49.000000Z,2024-05-12T08:26:49.000000Z
2721,198,Sentence Completions,1716,1810,1,English layout,פסיכומטרי,6,2023-11-20T10:44:49.000000Z,2024-05-12T08:27:12.000000Z
9302,246,Sentence Completions,1716,1811,1,English layout,אמירנט,6,2024-05-12T08:27:21.000000Z,2024-05-12T08:27:21.000000Z
2722,198,Sentence Completions,1717,1812,1,English layout,פסיכומטרי,9,2023-11-20T10:46:50.000000Z,2024-05-12T08:29:21.000000Z
9303,246,Sentence Completions,1717,1813,1,English layout,אמירנט,9,2024-05-12T08:29:32.000000Z,2024-05-12T08:29:32.000000Z
2724,198,Sentence Completions,1719,1814,1,English layout,פסיכומטרי,8,2023-11-20T10:49:42.000000Z,2024-05-12T08:30:03.000000Z
9305,246,Sentence Completions,1719,1815,1,English layout,אמירנט,8,2024-05-12T08:30:15.000000Z,2024-05-12T08:30:15.000000Z
2725,198,Sentence Completions,1720,1816,1,English layout,פסיכומטרי,5,2023-11-20T10:51:16.000000Z,2024-05-12T08:30:41.000000Z
9306,246,Sentence Completions,1720,1817,1,English layout,אמירנט,5,2024-05-12T08:30:53.000000Z,2024-05-12T08:30:53.000000Z
3223,198,Sentence Completions,1721,1818,1,English layout,פסיכומטרי,2,2023-11-26T10:41:43.000000Z,2024-05-12T08:31:22.000000Z
9307,246,Sentence Completions,1721,1819,1,English layout,אמירנט,2,2024-05-12T08:31:32.000000Z,2024-05-12T08:31:32.000000Z
9308,246,Sentence Completions,1722,1820,1,English layout,אמירנט,3,2024-05-12T08:32:27.000000Z,2024-05-12T08:32:27.000000Z
3225,198,Sentence Completions,1723,1821,1,English layout,פסיכומטרי,3,2023-11-26T10:45:14.000000Z,2024-05-12T08:33:50.000000Z
9309,246,Sentence Completions,1723,1822,1,English layout,אמירנט,3,2024-05-12T08:34:04.000000Z,2024-05-12T08:34:04.000000Z
3227,198,Sentence Completions,1725,1823,1,English layout,פסיכומטרי,4,2023-11-26T10:49:10.000000Z,2024-05-12T08:36:54.000000Z
9311,246,Sentence Completions,1725,1824,1,English layout,אמירנט,4,2024-05-12T08:37:04.000000Z,2024-05-12T08:37:04.000000Z
3229,198,Sentence Completions,1726,1825,1,English layout,פסיכומטרי,4,2023-11-26T10:51:22.000000Z,2024-05-12T08:43:46.000000Z
9313,246,Sentence Completions,1726,1826,1,English layout,אמירנט,4,2024-05-12T08:43:56.000000Z,2024-05-12T08:43:56.000000Z
3231,198,Sentence Completions,1727,1827,1,English layout,פסיכומטרי,8,2023-11-26T10:53:04.000000Z,2024-05-12T08:45:42.000000Z
9314,246,Sentence Completions,1727,1828,1,English layout,אמירנט,8,2024-05-12T08:46:02.000000Z,2024-05-12T08:46:02.000000Z
3233,198,Sentence Completions,1728,1829,1,English layout,פסיכומטרי,6,2023-11-26T10:55:04.000000Z,2024-05-12T08:46:55.000000Z
9315,246,Sentence Completions,1728,1830,1,English layout,אמירנט,6,2024-05-12T08:47:09.000000Z,2024-05-12T08:47:09.000000Z
3235,198,Sentence Completions,1729,1831,1,English layout,פסיכומטרי,6,2023-11-26T10:57:46.000000Z,2024-05-16T04:43:15.000000Z
9412,246,Sentence Completions,1729,1832,1,English layout,אמירנט,6,2024-05-16T08:30:12.000000Z,2024-05-16T08:30:12.000000Z
9413,246,Sentence Completions,1730,1833,1,English layout,אמירנט,3,2024-05-16T11:32:05.000000Z,2024-05-16T11:32:05.000000Z
3240,198,Sentence Completions,1732,1834,1,English layout,פסיכומטרי,6,2023-11-26T11:03:31.000000Z,2024-05-16T11:32:50.000000Z
9414,246,Sentence Completions,1732,1835,1,English layout,אמירנט,6,2024-05-16T11:32:59.000000Z,2024-05-16T11:32:59.000000Z
3244,198,Sentence Completions,1733,1836,1,English layout,פסיכומטרי,5,2023-11-26T11:07:40.000000Z,2024-05-16T11:33:24.000000Z
9415,246,Sentence Completions,1733,1837,1,English layout,אמירנט,5,2024-05-16T11:33:33.000000Z,2024-05-16T11:33:33.000000Z
3246,198,Sentence Completions,1734,1838,1,English layout,פסיכומטרי,7,2023-11-26T11:09:04.000000Z,2023-11-26T11:09:04.000000Z
9416,246,Sentence Completions,1734,1839,1,English layout,אמירנט,7,2024-05-16T11:34:20.000000Z,2024-05-16T11:34:20.000000Z
3249,198,Sentence Completions,1735,1840,1,English layout,פסיכומטרי,7,2023-11-26T11:11:20.000000Z,2024-05-16T11:35:05.000000Z
9417,246,Sentence Completions,1735,1841,1,English layout,אמירנט,7,2024-05-16T11:35:13.000000Z,2024-05-16T11:35:13.000000Z
3250,198,Sentence Completions,1736,1843,1,English layout,פסיכומטרי,7,2023-11-26T11:13:20.000000Z,2024-05-16T11:36:18.000000Z
9418,246,Sentence Completions,1736,1844,1,English layout,אמירנט,7,2024-05-16T11:36:26.000000Z,2024-05-16T11:36:26.000000Z
3254,198,Sentence Completions,1737,1845,1,English layout,פסיכומטרי,5,2023-11-26T11:15:24.000000Z,2024-05-16T11:36:56.000000Z
9419,246,Sentence Completions,1737,1846,1,English layout,אמירנט,5,2024-05-16T11:37:02.000000Z,2024-05-16T11:37:02.000000Z
3255,198,Sentence Completions,1738,1847,1,English layout,פסיכומטרי,8,2023-11-26T11:17:02.000000Z,2024-05-16T11:37:29.000000Z
9420,246,Sentence Completions,1738,1848,1,English layout,אמירנט,8,2024-05-16T11:37:37.000000Z,2024-05-16T11:37:37.000000Z
3257,198,Sentence Completions,1739,1849,1,English layout,פסיכומטרי,5,2023-11-26T11:18:49.000000Z,2024-05-16T11:38:50.000000Z
9421,246,Sentence Completions,1739,1850,1,English layout,אמירנט,5,2024-05-16T11:38:58.000000Z,2024-05-16T11:38:58.000000Z
3259,198,Sentence Completions,1740,1851,1,English layout,פסיכומטרי,9,2023-11-26T11:20:32.000000Z,2024-05-16T11:40:27.000000Z
9422,246,Sentence Completions,1740,1852,1,English layout,אמירנט,9,2024-05-16T11:40:37.000000Z,2024-05-16T11:40:37.000000Z
3261,198,Sentence Completions,1742,1853,1,English layout,פסיכומטרי,10,2023-11-26T11:25:03.000000Z,2024-05-16T11:41:14.000000Z
9423,246,Sentence Completions,1742,1854,1,English layout,אמירנט,10,2024-05-16T11:41:26.000000Z,2024-05-16T11:41:26.000000Z
3263,198,Sentence Completions,1743,1855,1,English layout,פסיכומטרי,4,2023-11-26T11:26:51.000000Z,2023-11-26T11:26:51.000000Z
9424,246,Sentence Completions,1743,1856,1,English layout,אמירנט,4,2024-05-16T11:42:00.000000Z,2024-05-16T11:42:00.000000Z
3264,198,Sentence Completions,1744,1857,1,English layout,פסיכומטרי,7,2023-11-26T11:29:17.000000Z,2023-11-26T11:29:17.000000Z
9425,246,Sentence Completions,1744,1858,1,English layout,אמירנט,7,2024-05-16T11:42:26.000000Z,2024-05-16T11:42:26.000000Z
3267,198,Sentence Completions,1745,1859,1,English layout,פסיכומטרי,8,2023-11-26T11:31:27.000000Z,2024-05-16T11:43:29.000000Z
9426,246,Sentence Completions,1745,1860,1,English layout,אמירנט,9,2024-05-16T11:43:40.000000Z,2024-05-16T11:43:40.000000Z
3268,198,Sentence Completions,1746,1861,1,English layout,פסיכומטרי,5,2023-11-26T11:33:45.000000Z,2023-11-26T11:33:45.000000Z
9427,246,Sentence Completions,1746,1862,1,English layout,אמירנט,5,2024-05-16T11:44:04.000000Z,2024-05-16T11:44:04.000000Z
3271,198,Sentence Completions,1747,1863,1,English layout,פסיכומטרי,7,2023-11-26T11:35:16.000000Z,2024-05-16T11:44:21.000000Z
9428,246,Sentence Completions,1747,1864,1,English layout,אמירנט,7,2024-05-16T11:44:31.000000Z,2024-05-16T11:44:31.000000Z
3272,198,Sentence Completions,1748,1865,1,English layout,פסיכומטרי,8,2023-11-26T11:36:55.000000Z,2024-05-17T02:46:54.000000Z
3275,198,Sentence Completions,1748,1866,1,English layout,פסיכומטרי,8,2023-11-26T11:38:27.000000Z,2023-11-26T11:38:27.000000Z
9436,246,Sentence Completions,1748,1867,1,English layout,אמירנט,8,2024-05-17T02:47:06.000000Z,2024-05-17T02:47:06.000000Z
9437,246,Sentence Completions,1748,1868,1,English layout,אמירנט,8,2024-05-17T02:47:53.000000Z,2024-05-17T02:47:53.000000Z
3276,198,Sentence Completions,1750,1869,1,English layout,פסיכומטרי,5,2023-11-26T11:40:40.000000Z,2024-05-17T02:48:46.000000Z
9438,246,Sentence Completions,1750,1870,1,English layout,אמירנט,5,2024-05-17T02:48:55.000000Z,2024-05-17T02:48:55.000000Z
3278,198,Sentence Completions,1751,1871,1,English layout,פסיכומטרי,5,2023-11-26T11:42:43.000000Z,2024-05-17T02:53:26.000000Z
9439,246,Sentence Completions,1751,1872,1,English layout,אמירנט,5,2024-05-17T02:53:40.000000Z,2024-05-17T02:53:40.000000Z
3280,198,Sentence Completions,1752,1873,1,English layout,פסיכומטרי,6,2023-11-26T11:44:33.000000Z,2024-05-17T02:54:25.000000Z
9440,246,Sentence Completions,1752,1874,1,English layout,אמירנט,6,2024-05-17T02:54:36.000000Z,2024-05-17T02:54:36.000000Z
3282,198,Sentence Completions,1753,1875,1,English layout,פסיכומטרי,5,2023-11-26T11:46:22.000000Z,2024-05-17T02:55:08.000000Z
9441,246,Sentence Completions,1753,1876,1,English layout,אמירנט,5,2024-05-17T02:55:17.000000Z,2024-05-17T02:55:17.000000Z
3508,121,פיתגורס,1755,1877,1,Numeric bullet single choice,פסיכומטרי,5,2023-11-28T05:06:06.000000Z,2023-11-28T05:06:29.000000Z
9442,246,Sentence Completions,1755,1878,1,English layout,אמירנט,6,2024-05-17T02:57:12.000000Z,2025-01-08T12:39:07.000000Z
3288,198,Sentence Completions,1756,1879,1,English layout,פסיכומטרי,7,2023-11-26T11:51:48.000000Z,2024-05-17T02:57:58.000000Z
9443,246,Sentence Completions,1756,1881,1,English layout,אמירנט,7,2024-05-17T02:58:06.000000Z,2024-05-17T02:58:06.000000Z
9444,246,Sentence Completions,1757,1882,1,English layout,אמירנט,4,2024-05-17T02:59:04.000000Z,2024-05-17T02:59:04.000000Z
3295,198,Sentence Completions,1759,1883,1,English layout,פסיכומטרי,8,2023-11-26T11:57:50.000000Z,2024-05-17T02:59:49.000000Z
9445,246,Sentence Completions,1759,1884,1,English layout,אמירנט,8,2024-05-17T02:59:58.000000Z,2024-05-17T02:59:58.000000Z
3298,198,Sentence Completions,1760,1885,1,English layout,פסיכומטרי,3,2023-11-26T11:59:22.000000Z,2024-05-17T03:00:35.000000Z
9446,246,Sentence Completions,1760,1886,1,English layout,אמירנט,3,2024-05-17T03:00:43.000000Z,2024-05-17T03:00:43.000000Z
2525,198,Sentence Completions,1761,1887,1,English layout,פסיכומטרי,3,2023-11-18T17:52:52.000000Z,2024-05-17T03:02:29.000000Z
9447,246,Sentence Completions,1761,1889,1,English layout,אמירנט,3,2024-05-17T03:02:38.000000Z,2024-05-17T03:02:38.000000Z
9448,246,Sentence Completions,1762,1890,1,English layout,אמירנט,3,2024-05-17T03:03:31.000000Z,2024-05-17T03:03:31.000000Z
2528,198,Sentence Completions,1763,1891,1,English layout,פסיכומטרי,5,2023-11-18T18:06:46.000000Z,2024-05-17T03:04:01.000000Z
9449,246,Sentence Completions,1763,1892,1,English layout,אמירנט,5,2024-05-17T03:04:10.000000Z,2024-05-17T03:04:10.000000Z
2529,198,Sentence Completions,1764,1893,1,English layout,פסיכומטרי,4,2023-11-18T18:11:06.000000Z,2023-11-18T18:11:06.000000Z
9450,246,Sentence Completions,1764,1894,1,English layout,אמירנט,4,2024-05-17T03:05:03.000000Z,2024-05-17T03:05:03.000000Z
2530,198,Sentence Completions,1765,1895,1,English layout,פסיכומטרי,7,2023-11-18T18:16:12.000000Z,2024-05-17T03:16:48.000000Z
9451,246,Sentence Completions,1765,1896,1,English layout,אמירנט,7,2024-05-17T03:16:57.000000Z,2024-05-17T03:16:57.000000Z
2531,198,Sentence Completions,1766,1897,1,English layout,פסיכומטרי,9,2023-11-18T18:20:05.000000Z,2023-11-18T18:20:46.000000Z
9452,246,Sentence Completions,1766,1898,1,English layout,אמירנט,9,2024-05-17T03:17:27.000000Z,2024-05-17T03:17:27.000000Z
2532,198,Sentence Completions,1767,1899,1,English layout,פסיכומטרי,4,2023-11-18T18:25:07.000000Z,2024-05-17T03:17:50.000000Z
9453,246,Sentence Completions,1767,1900,1,English layout,אמירנט,4,2024-05-17T03:17:59.000000Z,2024-05-17T03:17:59.000000Z
2533,198,Sentence Completions,1768,1903,1,English layout,פסיכומטרי,6,2023-11-18T18:29:02.000000Z,2024-05-17T03:18:25.000000Z
9454,246,Sentence Completions,1768,1905,1,English layout,אמירנט,6,2024-05-17T03:18:34.000000Z,2024-05-17T03:18:34.000000Z
2534,198,Sentence Completions,1769,1906,1,English layout,פסיכומטרי,6,2023-11-18T18:33:31.000000Z,2024-05-17T03:19:51.000000Z
9455,246,Sentence Completions,1769,1907,1,English layout,אמירנט,6,2024-05-17T03:20:00.000000Z,2024-05-17T03:20:00.000000Z
2535,198,Sentence Completions,1770,1909,1,English layout,פסיכומטרי,3,2023-11-18T18:37:31.000000Z,2023-11-18T18:38:22.000000Z
9456,246,Sentence Completions,1770,1910,1,English layout,אמירנט,3,2024-05-17T03:20:33.000000Z,2024-05-17T03:20:33.000000Z
2536,198,Sentence Completions,1771,1911,1,English layout,פסיכומטרי,3,2023-11-18T18:42:38.000000Z,2023-11-18T18:42:38.000000Z
9457,246,Sentence Completions,1771,1912,1,English layout,אמירנט,3,2024-05-17T03:21:06.000000Z,2024-05-17T03:21:06.000000Z
2537,198,Sentence Completions,1772,1913,1,English layout,פסיכומטרי,3,2023-11-18T18:46:49.000000Z,2024-05-17T03:21:25.000000Z
9458,246,Sentence Completions,1772,1915,1,English layout,אמירנט,3,2024-05-17T03:21:36.000000Z,2024-05-17T03:21:36.000000Z
2538,198,Sentence Completions,1773,1916,1,English layout,פסיכומטרי,5,2023-11-18T18:52:08.000000Z,2023-11-18T18:52:08.000000Z
9470,246,Sentence Completions,1773,1918,1,English layout,אמירנט,5,2024-05-17T04:22:07.000000Z,2024-05-17T04:22:07.000000Z
2539,198,Sentence Completions,1774,1920,1,English layout,פסיכומטרי,5,2023-11-18T18:56:13.000000Z,2023-11-18T18:56:33.000000Z
9471,246,Sentence Completions,1774,1921,1,English layout,אמירנט,5,2024-05-17T04:23:17.000000Z,2024-05-17T04:23:17.000000Z
2540,198,Sentence Completions,1775,1924,1,English layout,פסיכומטרי,1,2023-11-18T19:00:26.000000Z,2023-11-18T19:00:26.000000Z
9472,246,Sentence Completions,1775,1925,1,English layout,אמירנט,1,2024-05-17T04:24:17.000000Z,2024-05-17T04:24:17.000000Z
9473,246,Sentence Completions,1776,1927,1,English layout,אמירנט,2,2024-05-17T04:25:11.000000Z,2024-05-17T04:25:11.000000Z
2542,198,Sentence Completions,1777,1928,1,English layout,פסיכומטרי,9,2023-11-18T19:09:09.000000Z,2024-05-17T04:26:45.000000Z
9474,246,Sentence Completions,1777,1929,1,English layout,אמירנט,9,2024-05-17T04:27:00.000000Z,2024-05-17T04:27:00.000000Z
2543,198,Sentence Completions,1778,1931,1,English layout,פסיכומטרי,6,2023-11-18T19:13:53.000000Z,2023-11-18T19:13:53.000000Z
9476,246,Sentence Completions,1778,1932,1,English layout,אמירנט,6,2024-05-17T04:34:03.000000Z,2024-05-17T04:34:03.000000Z
2544,198,Sentence Completions,1779,1933,1,English layout,פסיכומטרי,4,2023-11-18T19:17:56.000000Z,2024-05-17T04:34:48.000000Z
9477,246,Sentence Completions,1779,1937,1,English layout,אמירנט,4,2024-05-17T04:34:57.000000Z,2024-05-17T04:34:57.000000Z
2545,198,Sentence Completions,1780,1940,1,English layout,פסיכומטרי,7,2023-11-18T19:22:00.000000Z,2023-11-18T19:22:00.000000Z
9478,246,Sentence Completions,1780,1942,1,English layout,אמירנט,7,2024-05-17T04:35:31.000000Z,2024-05-17T04:35:31.000000Z
2546,198,Sentence Completions,1781,1944,1,English layout,פסיכומטרי,8,2023-11-18T19:26:44.000000Z,2024-05-17T04:36:59.000000Z
9479,246,Sentence Completions,1781,1945,1,English layout,אמירנט,8,2024-05-17T04:37:09.000000Z,2024-05-17T04:37:09.000000Z
2547,198,Sentence Completions,1782,1947,1,English layout,פסיכומטרי,6,2023-11-18T19:33:20.000000Z,2023-11-18T19:33:20.000000Z
9480,246,Sentence Completions,1782,1952,1,English layout,אמירנט,6,2024-05-17T04:37:43.000000Z,2024-05-17T04:37:43.000000Z
2548,198,Sentence Completions,1783,1954,1,English layout,פסיכומטרי,4,2023-11-18T19:36:24.000000Z,2024-05-17T04:38:58.000000Z
9481,246,Sentence Completions,1783,1955,1,English layout,אמירנט,4,2024-05-17T04:39:12.000000Z,2024-05-17T04:39:12.000000Z
2549,198,Sentence Completions,1784,1956,1,English layout,פסיכומטרי,2,2023-11-18T19:39:52.000000Z,2023-11-18T19:39:52.000000Z
9482,246,Sentence Completions,1784,1957,1,English layout,אמירנט,2,2024-05-17T04:40:20.000000Z,2024-05-17T04:40:20.000000Z
2550,198,Sentence Completions,1785,1958,1,English layout,פסיכומטרי,6,2023-11-18T19:44:25.000000Z,2024-05-17T04:41:30.000000Z
9483,198,Sentence Completions,1785,1959,1,English layout,פסיכומטרי,6,2024-05-17T04:41:05.000000Z,2024-05-17T04:41:05.000000Z
2551,198,Sentence Completions,1786,1962,1,English layout,פסיכומטרי,7,2023-11-19T05:34:34.000000Z,2024-05-17T04:42:36.000000Z
9484,246,Sentence Completions,1786,1963,1,English layout,אמירנט,7,2024-05-17T04:42:47.000000Z,2024-05-17T04:42:47.000000Z
2552,198,Sentence Completions,1787,1965,1,English layout,פסיכומטרי,2,2023-11-19T05:38:13.000000Z,2024-05-17T04:43:19.000000Z
9485,246,Sentence Completions,1787,1966,1,English layout,אמירנט,2,2024-05-17T04:43:33.000000Z,2024-05-17T04:43:33.000000Z
2553,198,Sentence Completions,1788,1968,1,English layout,פסיכומטרי,5,2023-11-19T05:43:06.000000Z,2023-11-19T05:43:06.000000Z
9486,246,Sentence Completions,1788,1969,1,English layout,אמירנט,5,2024-05-17T04:44:13.000000Z,2024-05-17T04:44:13.000000Z
2554,198,Sentence Completions,1789,1970,1,English layout,פסיכומטרי,8,2023-11-19T05:47:45.000000Z,2024-05-17T04:44:59.000000Z
9487,246,Sentence Completions,1789,1971,1,English layout,אמירנט,8,2024-05-17T04:45:09.000000Z,2024-05-17T04:45:09.000000Z
2555,198,Sentence Completions,1790,1972,1,English layout,פסיכומטרי,5,2023-11-19T05:51:54.000000Z,2024-05-17T04:45:31.000000Z
9488,246,Sentence Completions,1790,1973,1,English layout,אמירנט,5,2024-05-17T04:45:47.000000Z,2024-05-17T04:45:47.000000Z
2556,198,Sentence Completions,1791,1975,1,English layout,פסיכומטרי,3,2023-11-19T05:56:36.000000Z,2023-11-19T05:56:36.000000Z
9489,246,Sentence Completions,1791,1976,1,English layout,אמירנט,3,2024-05-17T04:47:11.000000Z,2024-05-17T04:47:11.000000Z
2557,198,Sentence Completions,1792,1977,1,English layout,פסיכומטרי,3,2023-11-19T06:00:04.000000Z,2023-11-19T06:00:04.000000Z
9490,246,Sentence Completions,1792,1978,1,English layout,אמירנט,3,2024-05-17T04:47:41.000000Z,2024-05-17T04:47:41.000000Z
9491,246,Sentence Completions,1793,1979,1,English layout,אמירנט,4,2024-05-17T04:48:27.000000Z,2024-05-17T04:48:27.000000Z
2559,198,Sentence Completions,1794,1980,1,English layout,פסיכומטרי,4,2023-11-19T06:07:15.000000Z,2024-05-17T04:49:08.000000Z
9492,246,Sentence Completions,1794,1981,1,English layout,אמירנט,4,2024-05-17T04:49:17.000000Z,2024-05-17T04:49:17.000000Z
2560,198,Sentence Completions,1795,1982,1,English layout,פסיכומטרי,6,2023-11-19T06:10:56.000000Z,2024-05-17T04:50:43.000000Z
9493,246,Sentence Completions,1795,1983,1,English layout,אמירנט,6,2024-05-17T04:50:53.000000Z,2024-05-17T04:50:53.000000Z
2561,198,Sentence Completions,1796,1984,1,English layout,פסיכומטרי,3,2023-11-19T06:13:32.000000Z,2024-05-17T04:51:14.000000Z
9494,246,Sentence Completions,1796,1985,1,English layout,אמירנט,3,2024-05-17T04:51:24.000000Z,2024-05-17T04:51:24.000000Z
2562,198,Sentence Completions,1797,1986,1,English layout,פסיכומטרי,4,2023-11-19T06:16:32.000000Z,2023-11-19T06:16:49.000000Z
9495,246,Sentence Completions,1797,1987,1,English layout,אמירנט,4,2024-05-17T04:52:25.000000Z,2024-05-17T04:52:25.000000Z
2563,198,Sentence Completions,1798,1988,1,English layout,פסיכומטרי,6,2023-11-19T06:20:48.000000Z,2024-05-17T04:53:32.000000Z
9496,246,Sentence Completions,1798,1989,1,English layout,אמירנט,6,2024-05-17T04:53:45.000000Z,2024-05-17T04:53:45.000000Z
2564,198,Sentence Completions,1799,1990,1,English layout,פסיכומטרי,8,2023-11-19T06:25:23.000000Z,2023-11-19T06:25:23.000000Z
9497,246,Sentence Completions,1799,1991,1,English layout,אמירנט,8,2024-05-17T04:55:27.000000Z,2024-05-17T04:55:27.000000Z
2565,198,Sentence Completions,1800,1993,1,English layout,פסיכומטרי,4,2023-11-19T06:28:35.000000Z,2024-05-17T04:56:00.000000Z
9498,246,Sentence Completions,1800,1994,1,English layout,אמירנט,4,2024-05-17T04:56:09.000000Z,2024-05-17T04:56:09.000000Z
2566,198,Sentence Completions,1801,1995,1,English layout,פסיכומטרי,7,2023-11-19T07:42:42.000000Z,2024-05-17T04:56:59.000000Z
9499,246,Sentence Completions,1801,1996,1,English layout,אמירנט,7,2024-05-17T04:57:12.000000Z,2024-05-17T04:57:12.000000Z
2567,198,Sentence Completions,1802,1997,1,English layout,פסיכומטרי,3,2023-11-19T07:46:37.000000Z,2024-05-17T04:57:45.000000Z
9500,246,Sentence Completions,1802,1998,1,English layout,אמירנט,3,2024-05-17T04:57:55.000000Z,2024-05-17T04:57:55.000000Z
2568,198,Sentence Completions,1803,1999,1,English layout,פסיכומטרי,2,2023-11-19T07:51:08.000000Z,2023-11-19T07:51:08.000000Z
9501,246,Sentence Completions,1803,2000,1,English layout,אמירנט,2,2024-05-17T04:58:32.000000Z,2024-05-17T04:58:32.000000Z
2569,198,Sentence Completions,1804,2001,1,English layout,פסיכומטרי,3,2023-11-19T07:54:23.000000Z,2023-11-19T07:54:23.000000Z
9502,246,Sentence Completions,1804,2007,1,English layout,אמירנט,3,2024-05-17T04:59:15.000000Z,2024-05-17T04:59:15.000000Z
2570,198,Sentence Completions,1805,2011,1,English layout,פסיכומטרי,8,2023-11-19T07:58:22.000000Z,2024-05-17T05:00:44.000000Z
9503,246,Sentence Completions,1805,2012,1,English layout,אמירנט,8,2024-05-17T05:00:53.000000Z,2024-05-17T05:00:53.000000Z
2571,198,Sentence Completions,1806,2014,1,English layout,פסיכומטרי,3,2023-11-19T08:01:49.000000Z,2024-05-17T05:01:38.000000Z
9504,246,Sentence Completions,1806,2015,1,English layout,אמירנט,3,2024-05-17T05:01:47.000000Z,2024-05-17T05:01:47.000000Z
2572,198,Sentence Completions,1807,2016,1,English layout,פסיכומטרי,5,2023-11-19T08:04:26.000000Z,2024-05-17T05:02:43.000000Z
9505,246,Sentence Completions,1807,2017,1,English layout,אמירנט,5,2024-05-17T05:02:53.000000Z,2024-05-17T05:02:53.000000Z
2573,198,Sentence Completions,1808,2021,1,English layout,פסיכומטרי,4,2023-11-19T08:09:06.000000Z,2023-11-19T08:09:06.000000Z
9506,246,Sentence Completions,1808,2026,1,English layout,אמירנט,4,2024-05-17T05:04:50.000000Z,2024-05-17T05:04:50.000000Z
2574,198,Sentence Completions,1810,2029,1,English layout,פסיכומטרי,6,2023-11-19T08:12:28.000000Z,2024-05-17T05:05:24.000000Z
9507,246,Sentence Completions,1810,2030,1,English layout,אמירנט,6,2024-05-17T05:05:35.000000Z,2024-05-17T05:05:35.000000Z
2575,198,Sentence Completions,1811,2033,1,English layout,פסיכומטרי,6,2023-11-19T08:16:21.000000Z,2024-05-17T05:06:13.000000Z
9508,246,Sentence Completions,1811,2034,1,English layout,אמירנט,6,2024-05-17T05:06:29.000000Z,2024-05-17T05:06:29.000000Z
2576,198,Sentence Completions,1812,2035,1,English layout,פסיכומטרי,2,2023-11-19T08:21:34.000000Z,2024-05-17T05:06:59.000000Z
9509,246,Sentence Completions,1812,2036,1,English layout,אמירנט,2,2024-05-17T05:07:10.000000Z,2024-05-17T05:07:10.000000Z
2577,198,Sentence Completions,1813,2037,1,English layout,פסיכומטרי,3,2023-11-19T08:25:57.000000Z,2024-05-17T05:07:38.000000Z
9510,246,Sentence Completions,1813,2038,1,English layout,אמירנט,3,2024-05-17T05:07:48.000000Z,2024-05-17T05:07:48.000000Z
2578,198,Sentence Completions,1814,2039,1,English layout,פסיכומטרי,5,2023-11-19T08:29:59.000000Z,2024-05-17T05:08:21.000000Z
9512,246,Sentence Completions,1814,2040,1,English layout,אמירנט,5,2024-05-17T05:08:32.000000Z,2024-05-17T05:08:32.000000Z
2635,198,Sentence Completions,1815,2041,1,English layout,פסיכומטרי,3,2023-11-20T06:56:21.000000Z,2024-05-17T05:09:30.000000Z
9513,246,Sentence Completions,1815,2042,1,English layout,אמירנט,3,2024-05-17T05:09:42.000000Z,2024-05-17T05:09:42.000000Z
2636,198,Sentence Completions,1816,2043,1,English layout,פסיכומטרי,2,2023-11-20T06:59:02.000000Z,2024-05-17T05:10:09.000000Z
9514,246,Sentence Completions,1816,2044,1,English layout,אמירנט,2,2024-05-17T05:10:23.000000Z,2024-05-17T05:10:23.000000Z
2637,198,Sentence Completions,1817,2045,1,English layout,פסיכומטרי,2,2023-11-20T07:03:40.000000Z,2024-05-17T05:10:59.000000Z
9515,246,Sentence Completions,1817,2046,1,English layout,אמירנט,2,2024-05-17T05:11:10.000000Z,2024-05-17T05:11:10.000000Z
2638,198,Sentence Completions,1818,2047,1,English layout,פסיכומטרי,5,2023-11-20T07:11:34.000000Z,2023-11-20T07:11:34.000000Z
9475,246,Sentence Completions,1818,2048,1,English layout,אמירנט,5,2024-05-17T04:28:40.000000Z,2024-05-17T04:28:40.000000Z
9517,246,Sentence Completions,1819,2049,1,English layout,אמירנט,3,2024-05-17T05:13:35.000000Z,2024-05-17T05:13:35.000000Z
2640,198,Sentence Completions,1820,2078,1,English layout,פסיכומטרי,2,2023-11-20T07:24:52.000000Z,2024-05-17T06:00:29.000000Z
9523,246,Sentence Completions,1820,2080,1,English layout,אמירנט,2,2024-05-17T06:00:39.000000Z,2024-05-17T06:00:39.000000Z
9524,246,Sentence Completions,1821,2088,1,English layout,אמירנט,3,2024-05-17T06:01:34.000000Z,2024-05-17T06:01:34.000000Z
2642,198,Sentence Completions,1822,2089,1,English layout,פסיכומטרי,2,2023-11-20T08:01:01.000000Z,2024-05-17T06:02:18.000000Z
9525,246,Sentence Completions,1822,2090,1,English layout,אמירנט,2,2024-05-17T06:02:27.000000Z,2024-05-17T06:02:27.000000Z
2643,198,Sentence Completions,1823,2091,1,English layout,פסיכומטרי,2,2023-11-20T08:05:23.000000Z,2024-05-17T06:03:14.000000Z
9526,246,Sentence Completions,1823,2093,1,English layout,אמירנט,2,2024-05-17T06:03:24.000000Z,2024-05-17T06:03:24.000000Z
2644,198,Sentence Completions,1824,2094,1,English layout,פסיכומטרי,7,2023-11-20T08:09:05.000000Z,2024-05-17T06:04:17.000000Z
9527,246,Sentence Completions,1824,2095,1,English layout,אמירנט,7,2024-05-17T06:04:25.000000Z,2024-05-17T06:04:25.000000Z
2645,198,Sentence Completions,1825,2096,1,English layout,פסיכומטרי,2,2023-11-20T08:11:33.000000Z,2024-05-17T06:04:57.000000Z
9528,246,Sentence Completions,1825,2098,1,English layout,אמירנט,2,2024-05-17T06:05:06.000000Z,2024-05-17T06:05:06.000000Z
2646,198,Sentence Completions,1826,2099,1,English layout,פסיכומטרי,3,2023-11-20T08:15:28.000000Z,2024-05-17T06:06:06.000000Z
9529,246,Sentence Completions,1826,2106,1,English layout,אמירנט,3,2024-05-17T06:06:16.000000Z,2024-05-17T06:06:16.000000Z
2647,198,Sentence Completions,1827,2107,1,English layout,פסיכומטרי,3,2023-11-20T08:20:52.000000Z,2024-05-17T06:07:17.000000Z
9530,246,Sentence Completions,1827,2136,1,English layout,אמירנט,3,2024-05-17T06:07:28.000000Z,2024-05-17T06:07:28.000000Z
2649,198,Sentence Completions,1828,2137,1,English layout,פסיכומטרי,4,2023-11-20T08:32:38.000000Z,2024-05-17T06:10:23.000000Z
9531,246,Sentence Completions,1828,2138,1,English layout,אמירנט,4,2024-05-17T06:10:32.000000Z,2024-05-17T06:10:32.000000Z
2650,198,Sentence Completions,1829,2141,1,English layout,פסיכומטרי,4,2023-11-20T08:35:45.000000Z,2024-05-17T06:11:04.000000Z
9532,246,Sentence Completions,1829,2142,1,English layout,אמירנט,4,2024-05-17T06:11:13.000000Z,2024-05-17T06:11:13.000000Z
2652,198,Sentence Completions,1830,2143,1,English layout,פסיכומטרי,5,2023-11-20T08:41:27.000000Z,2023-11-20T08:41:27.000000Z
9533,246,Sentence Completions,1830,2144,1,English layout,אמירנט,5,2024-05-17T06:11:55.000000Z,2024-05-17T06:11:55.000000Z
2653,198,Sentence Completions,1831,2147,1,English layout,פסיכומטרי,3,2023-11-20T08:43:50.000000Z,2023-11-20T08:44:08.000000Z
9534,246,Sentence Completions,1831,2149,1,English layout,אמירנט,3,2024-05-17T06:12:40.000000Z,2024-05-17T06:12:40.000000Z
2654,198,Sentence Completions,1832,2169,1,English layout,פסיכומטרי,7,2023-11-20T08:47:40.000000Z,2024-05-17T06:13:02.000000Z
9535,246,Sentence Completions,1832,2171,1,English layout,אמירנט,7,2024-05-17T06:13:14.000000Z,2024-05-17T06:13:14.000000Z
2655,198,Sentence Completions,1833,2172,1,English layout,פסיכומטרי,5,2023-11-20T08:52:11.000000Z,2023-11-20T08:52:11.000000Z
9536,246,Sentence Completions,1833,2176,1,English layout,אמירנט,5,2024-05-17T06:14:58.000000Z,2024-05-17T06:14:58.000000Z
2658,198,Sentence Completions,1834,2182,1,English layout,פסיכומטרי,5,2023-11-20T08:55:32.000000Z,2024-05-17T06:15:21.000000Z
9537,246,Sentence Completions,1834,2193,1,English layout,אמירנט,5,2024-05-17T06:15:30.000000Z,2024-05-17T06:15:30.000000Z
9538,246,Sentence Completions,1835,2194,1,English layout,אמירנט,5,2024-05-17T06:16:06.000000Z,2024-05-17T06:16:06.000000Z
2660,198,Sentence Completions,1836,2199,1,English layout,פסיכומטרי,2,2023-11-20T09:02:18.000000Z,2024-05-17T06:16:32.000000Z
9539,246,Sentence Completions,1836,2200,1,English layout,אמירנט,2,2024-05-17T06:16:43.000000Z,2024-05-17T06:16:43.000000Z
2661,198,Sentence Completions,1837,2201,1,English layout,פסיכומטרי,5,2023-11-20T09:05:52.000000Z,2024-05-17T06:17:15.000000Z
9540,246,Sentence Completions,1837,2202,1,English layout,אמירנט,5,2024-05-17T06:17:26.000000Z,2024-05-17T06:17:26.000000Z
2662,198,Sentence Completions,1838,2203,1,English layout,פסיכומטרי,6,2023-11-20T09:09:28.000000Z,2024-05-17T06:18:01.000000Z
9541,246,Sentence Completions,1838,2204,1,English layout,אמירנט,6,2024-05-17T06:18:10.000000Z,2024-05-17T06:18:10.000000Z
2664,198,Sentence Completions,1839,2209,1,English layout,פסיכומטרי,6,2023-11-20T09:12:21.000000Z,2024-05-17T06:19:18.000000Z
9542,246,Sentence Completions,1839,2217,1,English layout,אמירנט,6,2024-05-17T06:19:31.000000Z,2024-05-17T06:19:31.000000Z
2666,198,Sentence Completions,1840,2218,1,English layout,פסיכומטרי,4,2023-11-20T09:15:14.000000Z,2023-11-20T09:15:14.000000Z
9543,246,Sentence Completions,1840,2220,1,English layout,אמירנט,4,2024-05-17T06:20:01.000000Z,2024-05-17T06:20:01.000000Z
2670,198,Sentence Completions,1841,2221,1,English layout,פסיכומטרי,5,2023-11-20T09:19:36.000000Z,2024-05-17T05:58:46.000000Z
9522,246,Sentence Completions,1841,2225,1,English layout,אמירנט,5,2024-05-17T05:59:02.000000Z,2024-05-17T05:59:02.000000Z
2789,198,Sentence Completions,1843,2231,1,English layout,פסיכומטרי,2,2023-11-20T14:06:40.000000Z,2024-05-17T06:22:24.000000Z
9544,246,Sentence Completions,1843,2235,1,English layout,אמירנט,2,2024-05-17T06:22:34.000000Z,2024-05-17T06:22:34.000000Z
2788,198,Sentence Completions,1844,2238,1,English layout,פסיכומטרי,10,2023-11-20T14:04:24.000000Z,2024-05-17T06:23:42.000000Z
9545,246,Sentence Completions,1844,2245,1,English layout,אמירנט,10,2024-05-17T06:23:57.000000Z,2024-05-17T06:23:57.000000Z
2787,198,Sentence Completions,1845,2252,1,English layout,פסיכומטרי,10,2023-11-20T14:02:28.000000Z,2024-05-17T09:59:05.000000Z
9547,246,Sentence Completions,1845,2253,1,English layout,אמירנט,10,2024-05-17T09:59:23.000000Z,2024-05-17T09:59:23.000000Z
9548,246,Sentence Completions,1846,2255,1,English layout,אמירנט,8,2024-05-17T10:00:12.000000Z,2024-05-17T10:00:12.000000Z
2784,198,Sentence Completions,1847,2258,1,English layout,פסיכומטרי,3,2023-11-20T13:57:41.000000Z,2024-05-17T10:00:50.000000Z
9549,246,Sentence Completions,1847,2260,1,English layout,אמירנט,3,2024-05-17T10:01:02.000000Z,2024-05-17T10:01:02.000000Z
2781,198,Sentence Completions,1848,2300,1,English layout,פסיכומטרי,7,2023-11-20T13:53:45.000000Z,2024-05-17T10:02:27.000000Z
9550,246,Sentence Completions,1848,2301,1,English layout,אמירנט,7,2024-05-17T10:02:40.000000Z,2024-05-17T10:02:40.000000Z
2780,198,Sentence Completions,1849,2302,1,English layout,פסיכומטרי,7,2023-11-20T13:51:33.000000Z,2023-11-20T13:51:33.000000Z
9551,246,Sentence Completions,1849,2303,1,English layout,אמירנט,7,2024-05-17T10:03:14.000000Z,2024-05-17T10:03:14.000000Z
2778,198,Sentence Completions,1850,2304,1,English layout,פסיכומטרי,6,2023-11-20T13:49:49.000000Z,2023-11-20T13:49:49.000000Z
9552,246,Sentence Completions,1850,2305,1,English layout,אמירנט,6,2024-05-17T10:04:05.000000Z,2024-05-17T10:04:05.000000Z
2777,198,Sentence Completions,1851,2306,1,English layout,פסיכומטרי,5,2023-11-20T13:47:20.000000Z,2023-11-20T13:47:20.000000Z
9553,246,Sentence Completions,1851,2345,1,English layout,אמירנט,5,2024-05-17T10:04:43.000000Z,2024-05-17T10:04:43.000000Z
2775,198,Sentence Completions,1852,2347,1,English layout,פסיכומטרי,4,2023-11-20T13:44:48.000000Z,2024-05-17T10:05:46.000000Z
9554,246,Sentence Completions,1852,2348,1,English layout,אמירנט,4,2024-05-17T10:06:31.000000Z,2024-05-17T10:06:31.000000Z
2774,198,Sentence Completions,1853,2349,1,English layout,פסיכומטרי,2,2023-11-20T13:42:33.000000Z,2023-11-20T13:42:33.000000Z
9555,246,Sentence Completions,1853,2350,1,English layout,אמירנט,2,2024-05-17T10:07:57.000000Z,2024-05-17T10:07:57.000000Z
2772,198,Sentence Completions,1854,2351,1,English layout,פסיכומטרי,3,2023-11-20T13:38:35.000000Z,2023-11-20T13:38:35.000000Z
9556,246,Sentence Completions,1854,2354,1,English layout,אמירנט,3,2024-05-17T10:10:21.000000Z,2024-05-17T10:10:21.000000Z
2771,198,Sentence Completions,1855,2356,1,English layout,פסיכומטרי,2,2023-11-20T13:35:37.000000Z,2023-11-20T13:35:37.000000Z
9557,246,Sentence Completions,1855,2357,1,English layout,אמירנט,2,2024-05-17T10:10:58.000000Z,2024-05-17T10:10:58.000000Z
2770,198,Sentence Completions,1856,2907,1,English layout,פסיכומטרי,4,2023-11-20T13:33:26.000000Z,2024-05-17T10:12:00.000000Z
9558,246,Sentence Completions,1856,A_9457,1,English layout,אמירנט,4,2024-05-17T10:12:12.000000Z,2024-05-17T10:12:12.000000Z
2768,198,Sentence Completions,1857,3002,1,English layout,פסיכומטרי,4,2023-11-20T13:27:34.000000Z,2024-05-17T10:13:02.000000Z
9559,246,Sentence Completions,1857,A_9979,1,English layout,אמירנט,4,2024-05-17T10:13:10.000000Z,2024-05-17T10:13:10.000000Z
2766,198,Sentence Completions,1858,3004,1,English layout,פסיכומטרי,5,2023-11-20T13:24:56.000000Z,2023-11-20T13:24:56.000000Z
9560,246,Sentence Completions,1858,3005,1,English layout,אמירנט,5,2024-05-17T10:14:01.000000Z,2024-05-17T10:14:01.000000Z
2765,198,Sentence Completions,1859,3006,1,English layout,פסיכומטרי,7,2023-11-20T13:22:29.000000Z,2024-05-17T10:20:21.000000Z
9561,246,Sentence Completions,1859,3008,1,English layout,אמירנט,7,2024-05-17T10:20:30.000000Z,2024-05-17T10:20:30.000000Z
2764,198,Sentence Completions,1860,3009,1,English layout,פסיכומטרי,6,2023-11-20T13:20:10.000000Z,2024-05-17T10:21:49.000000Z
9562,246,Sentence Completions,1860,3010,1,English layout,אמירנט,6,2024-05-17T10:21:58.000000Z,2024-05-17T10:21:58.000000Z
2762,198,Sentence Completions,1861,סח  -  110  -  18,1,English layout,פסיכומטרי,6,2023-11-20T13:18:00.000000Z,2024-05-17T10:22:58.000000Z
9563,246,Sentence Completions,1861,3013,1,English layout,אמירנט,6,2024-05-17T10:23:09.000000Z,2024-05-17T10:23:09.000000Z
2751,198,Sentence Completions,1862,3014,1,English layout,פסיכומטרי,8,2023-11-20T12:22:43.000000Z,2024-05-17T10:24:05.000000Z
9564,246,Sentence Completions,1862,3015,1,English layout,אמירנט,8,2024-05-17T10:24:18.000000Z,2024-05-17T10:24:18.000000Z
2750,198,Sentence Completions,1863,3017,1,English layout,פסיכומטרי,7,2023-11-20T12:20:48.000000Z,2023-11-20T12:20:48.000000Z
9565,246,Sentence Completions,1863,3018,1,English layout,אמירנט,7,2024-05-17T10:26:20.000000Z,2024-05-17T10:26:20.000000Z
2748,198,Sentence Completions,1864,3019,1,English layout,פסיכומטרי,6,2023-11-20T12:18:40.000000Z,2024-05-17T10:26:47.000000Z
9566,246,Sentence Completions,1864,3020,1,English layout,אמירנט,6,2024-05-17T10:26:56.000000Z,2024-05-17T10:26:56.000000Z
2745,198,Sentence Completions,1865,3021,1,English layout,פסיכומטרי,7,2023-11-20T11:57:15.000000Z,2023-11-20T11:57:15.000000Z
9567,246,Sentence Completions,1865,3022,1,English layout,אמירנט,7,2024-05-17T10:27:35.000000Z,2024-05-17T10:27:35.000000Z
2743,198,Sentence Completions,1866,3023,1,English layout,פסיכומטרי,6,2023-11-20T11:55:12.000000Z,2024-05-17T10:28:04.000000Z
9568,246,Sentence Completions,1866,3024,1,English layout,אמירנט,6,2024-05-17T10:28:16.000000Z,2024-05-17T10:28:16.000000Z
2742,198,Sentence Completions,1867,3025,1,English layout,פסיכומטרי,4,2023-11-20T11:52:51.000000Z,2023-11-20T11:52:51.000000Z
9569,246,Sentence Completions,1867,3026,1,English layout,אמירנט,4,2024-05-17T10:28:55.000000Z,2024-05-17T10:28:55.000000Z
2740,198,Sentence Completions,1868,3027,1,English layout,פסיכומטרי,10,2023-11-20T11:49:58.000000Z,2024-05-17T10:29:36.000000Z
9570,246,Sentence Completions,1868,3028,1,English layout,אמירנט,10,2024-05-17T10:29:48.000000Z,2024-05-17T10:29:48.000000Z
2739,198,Sentence Completions,1869,3029,1,English layout,פסיכומטרי,5,2023-11-20T11:47:53.000000Z,2023-11-20T11:47:53.000000Z
9546,246,Sentence Completions,1869,3030,1,English layout,אמירנט,5,2024-05-17T09:56:45.000000Z,2024-05-17T09:56:45.000000Z
2737,198,Sentence Completions,1870,3031,1,English layout,פסיכומטרי,5,2023-11-20T11:44:19.000000Z,2024-05-18T02:19:18.000000Z
9571,246,Sentence Completions,1870,3032,1,English layout,אמירנט,5,2024-05-18T02:19:28.000000Z,2024-05-18T02:19:28.000000Z
2736,198,Sentence Completions,1871,3034,1,English layout,פסיכומטרי,7,2023-11-20T11:41:52.000000Z,2024-05-18T02:20:36.000000Z
9572,246,Sentence Completions,1871,3035,1,English layout,אמירנט,7,2024-05-18T02:20:46.000000Z,2024-05-18T02:20:46.000000Z
2734,198,Sentence Completions,1872,סח  -  113  -  26,1,English layout,פסיכומטרי,10,2023-11-20T11:38:42.000000Z,2024-05-18T02:21:22.000000Z
9573,246,Sentence Completions,1872,סח  -  114  -  30,1,English layout,אמירנט,10,2024-05-18T02:21:30.000000Z,2024-05-18T02:21:30.000000Z
2733,198,Sentence Completions,1873,3039,1,English layout,פסיכומטרי,6,2023-11-20T11:36:34.000000Z,2024-05-18T02:22:26.000000Z
9574,246,Sentence Completions,1873,סח -  109  - 15,1,English layout,אמירנט,6,2024-05-18T02:22:35.000000Z,2024-05-18T02:22:35.000000Z
2732,198,Sentence Completions,1874,סח - 320 - 6,1,English layout,פסיכומטרי,8,2023-11-20T11:34:46.000000Z,2024-05-18T02:24:13.000000Z
9575,246,Sentence Completions,1874,1418,1,English layout,אמירנט,8,2024-05-18T02:24:21.000000Z,2024-05-18T02:24:21.000000Z
2726,198,Sentence Completions,1875,3044,1,English layout,פסיכומטרי,8,2023-11-20T10:51:41.000000Z,2024-05-18T02:25:27.000000Z
9576,246,Sentence Completions,1875,3048,1,English layout,אמירנט,8,2024-05-18T02:25:40.000000Z,2024-05-18T02:25:40.000000Z
2723,198,Sentence Completions,1876,3050,1,English layout,פסיכומטרי,7,2023-11-20T10:48:57.000000Z,2024-05-18T02:36:03.000000Z
9577,246,Sentence Completions,1876,3055,1,English layout,אמירנט,7,2024-05-18T02:36:11.000000Z,2024-05-18T02:36:11.000000Z
2720,198,Sentence Completions,1877,3056,1,English layout,פסיכומטרי,7,2023-11-20T10:44:49.000000Z,2024-05-18T02:36:47.000000Z
9578,246,Sentence Completions,1877,1498,1,English layout,אמירנט,7,2024-05-18T02:36:59.000000Z,2024-05-18T02:36:59.000000Z
9579,246,Sentence Completions,1878,3062,1,English layout,אמירנט,8,2024-05-18T02:37:43.000000Z,2024-05-18T02:37:43.000000Z
2714,198,Sentence Completions,1879,3065,1,English layout,פסיכומטרי,7,2023-11-20T10:35:25.000000Z,2023-11-20T10:54:39.000000Z
9580,246,Sentence Completions,1879,3066,1,English layout,אמירנט,7,2024-05-18T02:38:27.000000Z,2024-05-18T02:38:27.000000Z
2712,198,Sentence Completions,1881,3067,1,English layout,פסיכומטרי,9,2023-11-20T10:31:15.000000Z,2024-05-18T02:38:56.000000Z
9581,246,Sentence Completions,1881,3069,1,English layout,אמירנט,9,2024-05-18T02:39:05.000000Z,2024-05-18T02:39:05.000000Z
2709,198,Sentence Completions,1882,3072,1,English layout,פסיכומטרי,7,2023-11-20T10:28:29.000000Z,2024-05-18T02:39:48.000000Z
9582,246,Sentence Completions,1882,1502,1,English layout,אמירנט,7,2024-05-18T02:39:55.000000Z,2024-05-18T02:39:55.000000Z
2707,198,Sentence Completions,1883,3075,1,English layout,פסיכומטרי,8,2023-11-20T10:25:19.000000Z,2024-05-18T02:42:39.000000Z
9583,246,Sentence Completions,1883,3076,1,English layout,אמירנט,8,2024-05-18T02:42:51.000000Z,2024-05-18T02:42:51.000000Z
2794,198,Sentence Completions,1884,3077,1,English layout,פסיכומטרי,8,2023-11-20T14:19:28.000000Z,2024-05-18T02:43:27.000000Z
9584,246,Sentence Completions,1884,3079,1,English layout,אמירנט,8,2024-05-18T02:43:38.000000Z,2024-05-18T02:43:38.000000Z
2795,198,Sentence Completions,1885,3080,1,English layout,פסיכומטרי,7,2023-11-20T14:21:42.000000Z,2023-11-20T14:21:42.000000Z
9585,246,Sentence Completions,1885,3081,1,English layout,אמירנט,7,2024-05-18T02:44:08.000000Z,2024-05-18T02:44:08.000000Z
2797,198,Sentence Completions,1886,3001,1,English layout,פסיכומטרי,7,2023-11-20T14:23:52.000000Z,2024-05-18T02:46:33.000000Z
9586,246,Sentence Completions,1886,3088,1,English layout,אמירנט,7,2024-05-18T02:46:41.000000Z,2024-05-18T02:46:41.000000Z
2798,198,Sentence Completions,1887,3091,1,English layout,פסיכומטרי,6,2023-11-20T14:25:58.000000Z,2023-11-20T14:25:58.000000Z
9587,246,Sentence Completions,1887,3092,1,English layout,אמירנט,6,2024-05-18T02:47:11.000000Z,2024-05-18T02:47:11.000000Z
2800,198,Sentence Completions,1889,3093,1,English layout,פסיכומטרי,3,2023-11-20T14:28:26.000000Z,2023-11-20T14:28:26.000000Z
9620,246,Sentence Completions,1889,3095,1,English layout,אמירנט,3,2024-05-19T06:04:49.000000Z,2024-05-19T06:04:49.000000Z
2801,198,Sentence Completions,1890,3097,1,English layout,פסיכומטרי,8,2023-11-20T14:30:42.000000Z,2024-05-19T06:05:21.000000Z
9621,246,Sentence Completions,1890,3101,1,English layout,אמירנט,8,2024-05-19T06:05:29.000000Z,2024-05-19T06:05:29.000000Z
2803,198,Sentence Completions,1891,3102,1,English layout,פסיכומטרי,5,2023-11-20T14:32:52.000000Z,2024-05-19T06:06:56.000000Z
9622,246,Sentence Completions,1891,3103,1,English layout,אמירנט,5,2024-05-19T06:07:04.000000Z,2024-05-19T06:07:04.000000Z
2804,198,Sentence Completions,1892,3104,1,English layout,פסיכומטרי,9,2023-11-20T14:35:29.000000Z,2024-05-19T06:07:32.000000Z
9623,246,Sentence Completions,1892,3105,1,English layout,אמירנט,9,2024-05-19T06:07:40.000000Z,2024-05-19T06:07:40.000000Z
2806,198,Sentence Completions,1893,3106,1,English layout,פסיכומטרי,8,2023-11-20T14:38:07.000000Z,2024-05-19T06:08:02.000000Z
9624,246,Sentence Completions,1893,3107,1,English layout,אמירנט,8,2024-05-19T06:08:13.000000Z,2024-05-19T06:08:13.000000Z
2807,198,Sentence Completions,1894,3108,1,English layout,פסיכומטרי,6,2023-11-20T14:40:51.000000Z,2024-05-19T06:09:32.000000Z
9625,246,Sentence Completions,1894,A_9460,1,English layout,אמירנט,6,2024-05-19T06:09:55.000000Z,2024-05-19T06:09:55.000000Z
2808,198,Sentence Completions,1895,3110,1,English layout,פסיכומטרי,4,2023-11-20T14:43:20.000000Z,2023-11-20T14:43:20.000000Z
9626,246,Sentence Completions,1895,1446,1,English layout,אמירנט,4,2024-05-19T06:13:11.000000Z,2024-05-19T06:13:11.000000Z
2809,198,Sentence Completions,1896,3113,1,English layout,פסיכומטרי,4,2023-11-20T14:46:13.000000Z,2024-05-19T06:14:15.000000Z
9627,246,Sentence Completions,1896,3114,1,English layout,אמירנט,4,2024-05-19T06:14:24.000000Z,2024-05-19T06:14:24.000000Z
2810,198,Sentence Completions,1897,3115,1,English layout,פסיכומטרי,3,2023-11-20T14:48:13.000000Z,2023-11-20T14:48:13.000000Z
9628,246,Sentence Completions,1897,3116,1,English layout,אמירנט,3,2024-05-19T06:14:56.000000Z,2024-05-19T06:14:56.000000Z
2811,198,Sentence Completions,1898,1470,1,English layout,פסיכומטרי,3,2023-11-20T14:50:07.000000Z,2024-05-19T06:15:25.000000Z
9629,246,Sentence Completions,1898,1477,1,English layout,אמירנט,3,2024-05-19T06:15:33.000000Z,2024-05-19T06:15:33.000000Z
2812,198,Sentence Completions,1899,3123,1,English layout,פסיכומטרי,6,2023-11-20T14:52:08.000000Z,2024-05-19T06:16:08.000000Z
9630,246,Sentence Completions,1899,3124,1,English layout,אמירנט,6,2024-05-19T06:16:17.000000Z,2024-05-19T06:16:17.000000Z
2813,198,Sentence Completions,1900,3132,1,English layout,פסיכומטרי,2,2023-11-20T15:03:30.000000Z,2024-05-19T06:24:07.000000Z
9631,246,Sentence Completions,1900,3402,1,English layout,אמירנט,2,2024-05-19T06:24:22.000000Z,2024-05-19T06:24:22.000000Z
2274,200,Restatements,1903,3403,1,English layout,פסיכומטרי,9,2023-11-16T08:31:31.000000Z,2024-01-28T10:33:31.000000Z
2276,200,Restatements,1905,3407,1,English layout,פסיכומטרי,8,2023-11-16T08:37:03.000000Z,2024-01-28T11:50:52.000000Z
2277,200,Restatements,1906,3408,1,English layout,פסיכומטרי,7,2023-11-16T08:42:45.000000Z,2024-01-28T11:55:12.000000Z
2278,200,Restatements,1907,3410,1,English layout,פסיכומטרי,7,2023-11-16T08:45:08.000000Z,2024-01-28T11:57:51.000000Z
2280,200,Restatements,1909,3411,1,English layout,פסיכומטרי,7,2023-11-16T08:51:10.000000Z,2024-01-28T12:10:26.000000Z
2283,200,Restatements,1910,3412,1,English layout,פסיכומטרי,4,2023-11-16T09:02:50.000000Z,2024-01-28T12:13:38.000000Z
2285,200,Restatements,1911,3415,1,English layout,פסיכומטרי,8,2023-11-16T09:05:34.000000Z,2024-01-28T12:18:20.000000Z
2286,200,Restatements,1912,3417,1,English layout,פסיכומטרי,7,2023-11-16T09:11:13.000000Z,2024-01-28T12:25:26.000000Z
2287,200,Restatements,1913,3421,1,English layout,פסיכומטרי,6,2023-11-16T09:14:03.000000Z,2024-01-28T12:33:34.000000Z
2290,200,Restatements,1915,3426,1,English layout,פסיכומטרי,6,2023-11-16T09:19:05.000000Z,2024-02-04T08:44:52.000000Z
2292,200,Restatements,1916,3427,1,English layout,פסיכומטרי,7,2023-11-16T09:22:28.000000Z,2024-02-04T08:47:03.000000Z
2295,200,Restatements,1918,3430,1,English layout,פסיכומטרי,6,2023-11-16T09:29:52.000000Z,2024-02-04T08:55:35.000000Z
2298,200,Restatements,1920,3431,1,English layout,פסיכומטרי,6,2023-11-16T09:35:40.000000Z,2024-02-04T09:03:37.000000Z
2299,200,Restatements,1921,3434,1,English layout,פסיכומטרי,4,2023-11-16T09:38:01.000000Z,2024-02-04T09:06:08.000000Z
2303,200,Restatements,1924,3439,1,English layout,פסיכומטרי,3,2023-11-16T09:58:05.000000Z,2024-02-04T09:32:53.000000Z
2304,200,Restatements,1925,3442,1,English layout,פסיכומטרי,7,2023-11-16T10:01:23.000000Z,2024-02-04T10:11:35.000000Z
2306,200,Restatements,1927,3443,1,English layout,פסיכומטרי,8,2023-11-16T10:07:15.000000Z,2024-02-04T09:57:05.000000Z
2307,200,Restatements,1928,3450,1,English layout,פסיכומטרי,6,2023-11-16T10:13:42.000000Z,2024-02-04T10:10:36.000000Z
2308,200,Restatements,1929,3454,1,English layout,פסיכומטרי,9,2023-11-16T10:22:19.000000Z,2024-02-04T10:19:21.000000Z
2310,200,Restatements,1931,3456,1,English layout,פסיכומטרי,7,2023-11-16T10:28:51.000000Z,2024-02-04T10:24:04.000000Z
2311,200,Restatements,1932,3459,1,English layout,פסיכומטרי,7,2023-11-16T10:33:10.000000Z,2024-02-04T12:13:13.000000Z
2312,200,Restatements,1933,3460,1,English layout,פסיכומטרי,6,2023-11-16T10:50:01.000000Z,2024-02-04T12:19:44.000000Z
2315,200,Restatements,1937,3461,1,English layout,פסיכומטרי,7,2023-11-16T11:10:10.000000Z,2024-02-04T12:37:12.000000Z
2445,200,Restatements,1940,3462,1,English layout,פסיכומטרי,6,2023-11-16T16:26:56.000000Z,2024-02-07T08:04:12.000000Z
2443,200,Restatements,1942,3466,1,English layout,פסיכומטרי,6,2023-11-16T16:17:37.000000Z,2024-02-07T08:19:36.000000Z
2441,200,Restatements,1944,3467,1,English layout,פסיכומטרי,8,2023-11-16T16:06:20.000000Z,2024-02-07T08:29:06.000000Z
2440,200,Restatements,1945,3469,1,English layout,פסיכומטרי,8,2023-11-16T15:58:35.000000Z,2024-02-07T08:31:57.000000Z
2438,200,Restatements,1947,3470,1,English layout,פסיכומטרי,8,2023-11-16T15:51:04.000000Z,2024-02-07T08:45:38.000000Z
2434,200,Restatements,1952,3474,1,English layout,פסיכומטרי,4,2023-11-16T15:30:15.000000Z,2024-02-07T09:41:08.000000Z
2432,200,Restatements,1954,3475,1,English layout,פסיכומטרי,7,2023-11-16T15:22:05.000000Z,2024-02-07T09:50:20.000000Z
2431,200,Restatements,1955,3476,1,English layout,פסיכומטרי,6,2023-11-16T15:16:08.000000Z,2024-02-07T11:43:57.000000Z
2430,200,Restatements,1956,3478,1,English layout,פסיכומטרי,8,2023-11-16T15:10:54.000000Z,2024-02-07T11:51:09.000000Z
2429,200,Restatements,1957,3479,1,English layout,פסיכומטרי,8,2023-11-16T15:06:30.000000Z,2024-02-07T12:09:04.000000Z
2428,200,Restatements,1958,3483,1,English layout,פסיכומטרי,8,2023-11-16T15:00:11.000000Z,2024-02-07T12:12:18.000000Z
2427,200,Restatements,1959,3484,1,English layout,פסיכומטרי,4,2023-11-16T14:53:00.000000Z,2024-02-07T12:14:12.000000Z
2425,200,Restatements,1962,3485,1,English layout,פסיכומטרי,6,2023-11-16T14:32:23.000000Z,2024-02-07T12:19:03.000000Z
2424,200,Restatements,1963,3486,1,English layout,פסיכומטרי,7,2023-11-16T14:27:51.000000Z,2024-02-14T08:46:42.000000Z
2421,200,Restatements,1965,3487,1,English layout,פסיכומטרי,3,2023-11-16T14:19:31.000000Z,2024-02-14T09:11:59.000000Z
2419,200,Restatements,1966,3488,1,English layout,פסיכומטרי,4,2023-11-16T14:17:16.000000Z,2024-02-14T09:35:31.000000Z
2415,200,Restatements,1968,3490,1,English layout,פסיכומטרי,7,2023-11-16T14:08:52.000000Z,2024-02-18T08:42:07.000000Z
2412,200,Restatements,1969,3492,1,English layout,פסיכומטרי,10,2023-11-16T14:05:29.000000Z,2024-02-18T08:49:48.000000Z
2410,200,Restatements,1970,3493,1,English layout,פסיכומטרי,6,2023-11-16T14:02:32.000000Z,2024-02-18T09:07:42.000000Z
2407,200,Restatements,1971,3494,1,English layout,פסיכומטרי,5,2023-11-16T13:57:38.000000Z,2023-11-16T13:57:38.000000Z
9648,249,Restatements,1971,3495,1,English layout,אמירנט,5,2024-05-19T06:50:29.000000Z,2024-12-14T15:58:28.000000Z
9649,249,Restatements,1972,3496,1,English layout,אמירנט,8,2024-05-19T06:52:26.000000Z,2024-12-14T15:59:45.000000Z
9650,249,Restatements,1973,3497,1,English layout,אמירנט,3,2024-05-19T06:54:47.000000Z,2024-05-19T06:54:47.000000Z
9651,246,Sentence Completions,1975,3498,1,English layout,אמירנט,3,2024-05-19T06:55:35.000000Z,2024-05-19T06:55:35.000000Z
9652,249,Restatements,1976,3499,1,English layout,אמירנט,7,2024-05-19T06:59:48.000000Z,2024-05-19T06:59:48.000000Z
9653,249,Restatements,1977,3500,1,English layout,אמירנט,7,2024-05-19T07:01:12.000000Z,2024-05-19T07:01:12.000000Z
9654,249,Restatements,1978,3504,1,English layout,אמירנט,4,2024-05-19T07:04:09.000000Z,2024-05-19T07:04:09.000000Z
2390,200,Restatements,1979,3506,1,English layout,פסיכומטרי,6,2023-11-16T13:28:52.000000Z,2024-05-19T07:04:48.000000Z
9655,249,Restatements,1979,3508,1,English layout,אמירנט,6,2024-05-19T07:05:25.000000Z,2024-05-19T07:05:25.000000Z
9656,249,Restatements,1980,3511,1,English layout,אמירנט,5,2024-05-19T07:07:38.000000Z,2024-05-19T07:07:38.000000Z
2386,200,Restatements,1981,3512,1,English layout,פסיכומטרי,4,2023-11-16T13:21:30.000000Z,2024-05-19T07:08:55.000000Z
9657,249,Restatements,1981,3518,1,English layout,אמירנט,4,2024-05-19T07:09:04.000000Z,2024-05-19T07:09:04.000000Z
2384,200,Restatements,1982,3519,1,English layout,פסיכומטרי,5,2023-11-16T13:18:02.000000Z,2023-11-16T13:18:02.000000Z
9658,249,Restatements,1982,3520,1,English layout,אמירנט,5,2024-05-19T07:12:09.000000Z,2024-12-14T16:09:17.000000Z
2382,200,Restatements,1983,3524,1,English layout,פסיכומטרי,6,2023-11-16T13:14:56.000000Z,2023-11-16T13:14:56.000000Z
9659,249,Restatements,1983,3525,1,English layout,אמירנט,6,2024-05-19T07:12:52.000000Z,2024-05-19T07:12:52.000000Z
2379,200,Restatements,1984,3527,1,English layout,פסיכומטרי,5,2023-11-16T13:11:17.000000Z,2024-05-19T07:16:16.000000Z
9661,249,Restatements,1984,3528,1,English layout,אמירנט,5,2024-05-19T07:16:25.000000Z,2024-05-19T07:16:25.000000Z
2376,200,Restatements,1985,3533,1,English layout,פסיכומטרי,8,2023-11-16T13:08:11.000000Z,2023-11-16T13:08:11.000000Z
9662,249,Restatements,1985,3534,1,English layout,אמירנט,8,2024-05-19T07:21:14.000000Z,2024-05-19T07:21:14.000000Z
2374,200,Restatements,1986,3535,1,English layout,פסיכומטרי,7,2023-11-16T13:05:11.000000Z,2023-11-16T13:05:11.000000Z
9675,249,Restatements,1986,3536,1,English layout,אמירנט,7,2024-05-19T12:47:10.000000Z,2024-05-19T12:47:10.000000Z
2372,200,Restatements,1987,3540,1,English layout,פסיכומטרי,8,2023-11-16T13:02:00.000000Z,2023-11-16T13:02:00.000000Z
9676,249,Restatements,1987,3544,1,English layout,אמירנט,8,2024-05-19T12:48:40.000000Z,2024-05-19T12:48:40.000000Z
2369,200,Restatements,1988,3545,1,English layout,פסיכומטרי,10,2023-11-16T12:59:04.000000Z,2024-05-19T12:49:57.000000Z
9677,249,Restatements,1988,1478,1,English layout,אמירנט,10,2024-05-19T12:49:43.000000Z,2024-05-19T12:49:43.000000Z
2367,200,Restatements,1989,3547,1,English layout,פסיכומטרי,10,2023-11-16T12:56:17.000000Z,2023-11-16T12:56:17.000000Z
9678,249,Restatements,1989,3548,1,English layout,אמירנט,10,2024-05-19T12:51:05.000000Z,2024-12-15T07:02:34.000000Z
9679,249,Restatements,1990,3549,1,English layout,אמירנט,9,2024-05-19T12:53:18.000000Z,2024-05-19T12:53:18.000000Z
2362,200,Restatements,1991,3550,1,English layout,פסיכומטרי,6,2023-11-16T12:50:10.000000Z,2023-11-16T12:50:10.000000Z
9680,249,Restatements,1991,3552,1,English layout,אמירנט,6,2024-05-19T12:53:54.000000Z,2024-05-19T12:53:54.000000Z
2358,200,Restatements,1993,3553,1,English layout,פסיכומטרי,8,2023-11-16T12:46:36.000000Z,2023-11-16T12:46:36.000000Z
9681,249,Restatements,1993,3554,1,English layout,אמירנט,8,2024-05-19T12:54:31.000000Z,2024-05-19T12:54:31.000000Z
9682,249,Restatements,1994,3555,1,English layout,אמירנט,7,2024-05-19T13:04:45.000000Z,2024-12-22T06:45:05.000000Z
2353,200,Restatements,1995,3556,1,English layout,פסיכומטרי,4,2023-11-16T12:40:35.000000Z,2023-11-16T12:40:35.000000Z
9683,249,Restatements,1995,A_10082,1,English layout,אמירנט,4,2024-05-19T13:05:30.000000Z,2024-05-19T13:05:30.000000Z
2350,249,Restatements,1996,3558,1,English layout,אמירנט,9,2023-11-16T12:37:40.000000Z,2024-05-19T13:06:01.000000Z
9684,249,Restatements,1997,3560,1,English layout,אמירנט,7,2024-05-19T13:06:42.000000Z,2024-12-18T13:23:41.000000Z
2345,200,Restatements,1998,3564,1,English layout,פסיכומטרי,9,2023-11-16T12:32:06.000000Z,2023-11-16T12:32:06.000000Z
9685,249,Restatements,1998,3565,1,English layout,אמירנט,9,2024-05-19T13:08:13.000000Z,2024-05-19T13:08:13.000000Z
2342,200,Restatements,1999,3567,1,English layout,פסיכומטרי,5,2023-11-16T12:29:00.000000Z,2023-11-16T12:29:00.000000Z
9686,249,Restatements,1999,3568,1,English layout,אמירנט,5,2024-05-19T13:09:29.000000Z,2024-05-19T13:09:29.000000Z
2340,200,Restatements,2000,3574,1,English layout,פסיכומטרי,8,2023-11-16T12:26:22.000000Z,2024-05-19T13:11:07.000000Z
9687,249,Restatements,2000,3576,1,English layout,אמירנט,8,2024-05-19T13:11:19.000000Z,2024-05-19T13:11:19.000000Z
1723,68,ביטויים,2001,3577,1,Numeric bullet single choice,פסיכומטרי,6,2023-11-01T10:41:20.000000Z,2023-12-21T06:22:18.000000Z
1931,73,שלמים,2007,3578,1,Numeric bullet single choice,פסיכומטרי,10,2023-11-02T15:10:44.000000Z,2023-11-02T15:10:44.000000Z
1932,73,שלמים,2011,3579,1,Numeric bullet single choice,פסיכומטרי,7,2023-11-02T15:17:47.000000Z,2024-01-23T14:37:15.000000Z
1933,73,שלמים,2012,3582,1,Numeric bullet single choice,פסיכומטרי,9,2023-11-02T15:20:55.000000Z,2024-01-23T14:42:25.000000Z
1934,97,הסתברות,2014,3584,1,Numeric bullet single choice,פסיכומטרי,7,2023-11-02T15:28:55.000000Z,2023-11-02T15:28:55.000000Z
2912,73,שלמים,2015,A_9468,1,Numeric bullet single choice,פסיכומטרי,9,2023-11-21T16:01:46.000000Z,2024-01-23T14:45:15.000000Z
2913,73,שלמים,2016,3587,1,Numeric bullet single choice,פסיכומטרי,3,2023-11-21T16:07:03.000000Z,2024-01-23T14:46:40.000000Z
2914,73,שלמים,2017,3588,1,Numeric bullet single choice,פסיכומטרי,8,2023-11-21T16:22:31.000000Z,2024-01-23T14:59:09.000000Z
1609,90,כלליות 2,2021,3589,1,Numeric bullet single choice,פסיכומטרי,7,2023-10-30T13:06:35.000000Z,2023-11-27T06:33:46.000000Z
2929,74,חלוקה,2026,3590,1,Numeric bullet single choice,פסיכומטרי,3,2023-11-22T08:57:35.000000Z,2024-02-21T12:36:30.000000Z
2931,74,חלוקה,2029,3591,1,Numeric bullet single choice,פסיכומטרי,4,2023-11-22T09:04:17.000000Z,2023-11-22T09:04:17.000000Z
2932,74,חלוקה,2030,3592,1,Numeric bullet single choice,פסיכומטרי,6.5,2023-11-22T09:10:10.000000Z,2024-02-21T10:52:12.000000Z
2933,73,שלמים,2033,3593,1,Numeric bullet single choice,פסיכומטרי,3.5,2023-11-22T09:14:48.000000Z,2024-02-12T10:20:41.000000Z
2934,73,שלמים,2034,3595,1,Numeric bullet single choice,פסיכומטרי,7,2023-11-22T09:20:19.000000Z,2024-02-12T10:26:36.000000Z
2935,73,שלמים,2035,3596,1,Numeric bullet single choice,פסיכומטרי,7,2023-11-22T09:27:33.000000Z,2024-02-12T10:32:51.000000Z
2939,73,שלמים,2036,3600,1,Numeric bullet single choice,פסיכומטרי,7,2023-11-22T09:35:45.000000Z,2024-02-12T11:34:29.000000Z
2943,73,שלמים,2037,3601,1,Numeric bullet single choice,פסיכומטרי,7,2023-11-22T09:42:41.000000Z,2024-02-12T12:07:46.000000Z
2946,73,שלמים,2038,3602,1,Numeric bullet single choice,פסיכומטרי,3,2023-11-22T10:03:20.000000Z,2024-02-12T12:12:00.000000Z
2949,73,שלמים,2039,3603,1,Numeric bullet single choice,פסיכומטרי,6.5,2023-11-22T10:09:03.000000Z,2024-07-25T12:18:35.000000Z
2951,73,שלמים,2040,3604,1,Numeric bullet single choice,פסיכומטרי,6.5,2023-11-22T10:15:45.000000Z,2024-02-12T14:47:35.000000Z
1610,74,חלוקה,2041,3607,1,Numeric bullet single choice,פסיכומטרי,6,2023-10-30T13:10:09.000000Z,2024-01-27T14:35:50.000000Z
2955,73,שלמים,2042,3608,1,Numeric bullet single choice,פסיכומטרי,6,2023-11-22T10:21:09.000000Z,2024-02-12T14:51:36.000000Z
2959,74,חלוקה,2043,3609,1,Numeric bullet single choice,פסיכומטרי,6,2023-11-22T10:26:45.000000Z,2023-11-22T10:26:45.000000Z
2962,74,חלוקה,2044,3610,1,Numeric bullet single choice,פסיכומטרי,6.5,2023-11-22T10:34:51.000000Z,2024-02-21T11:14:04.000000Z
2963,74,חלוקה,2045,3611,1,Numeric bullet single choice,פסיכומטרי,5,2023-11-22T10:39:19.000000Z,2024-02-21T11:17:00.000000Z
2965,73,שלמים,2046,3612,1,Numeric bullet single choice,פסיכומטרי,6.5,2023-11-22T10:44:00.000000Z,2024-02-12T14:56:36.000000Z
3857,73,שלמים,2047,3613,1,Numeric bullet single choice,פסיכומטרי,5,2023-11-30T09:48:43.000000Z,2024-02-13T11:31:19.000000Z
2973,74,חלוקה,2048,3614,1,Numeric bullet single choice,פסיכומטרי,7,2023-11-22T12:11:07.000000Z,2024-02-21T11:18:29.000000Z
2974,74,חלוקה,2049,3616,1,Numeric bullet single choice,פסיכומטרי,7,2023-11-22T12:17:58.000000Z,2023-11-22T12:17:58.000000Z
1632,90,כלליות 2,2078,3618,1,Numeric bullet single choice,פסיכומטרי,4,2023-10-30T14:14:47.000000Z,2024-12-01T08:57:11.000000Z
2975,74,חלוקה,2080,3619,1,Numeric bullet single choice,פסיכומטרי,4,2023-11-22T12:25:31.000000Z,2023-11-22T12:26:08.000000Z
1724,68,ביטויים,2088,3620,1,Numeric bullet single choice,פסיכומטרי,6,2023-11-01T10:44:40.000000Z,2023-12-21T06:58:51.000000Z
1725,68,ביטויים,2089,3621,1,Numeric bullet single choice,פסיכומטרי,3,2023-11-01T10:47:28.000000Z,2023-12-21T06:57:19.000000Z
1728,68,ביטויים,2090,3623,1,Numeric bullet single choice,פסיכומטרי,7,2023-11-01T10:51:03.000000Z,2023-12-21T06:26:19.000000Z
1730,68,ביטויים,2091,3624,1,Numeric bullet single choice,פסיכומטרי,5,2023-11-01T10:56:06.000000Z,2023-12-21T06:55:58.000000Z
1732,68,ביטויים,2093,3625,1,Numeric bullet single choice,פסיכומטרי,6,2023-11-01T10:59:25.000000Z,2023-12-21T06:51:59.000000Z
1733,68,ביטויים,2094,3626,1,Numeric bullet single choice,פסיכומטרי,7,2023-11-01T11:10:12.000000Z,2023-11-01T11:10:12.000000Z
1736,68,ביטויים,2095,3627,1,Numeric bullet single choice,פסיכומטרי,2,2023-11-01T11:15:15.000000Z,2023-12-21T06:38:03.000000Z
1739,68,ביטויים,2096,3629,1,Numeric bullet single choice,פסיכומטרי,6,2023-11-01T11:19:28.000000Z,2023-11-01T11:19:28.000000Z
1864,67,משוואות,2098,3630,1,Numeric bullet single choice,פסיכומטרי,3,2023-11-02T09:42:57.000000Z,2023-11-28T08:45:50.000000Z
1866,67,משוואות,2099,3631,1,Numeric bullet single choice,פסיכומטרי,2.5,2023-11-02T09:58:59.000000Z,2023-11-28T09:57:04.000000Z
1877,67,משוואות,2106,3632,1,Numeric bullet single choice,פסיכומטרי,3,2023-11-02T10:55:52.000000Z,2023-11-28T10:12:59.000000Z
1634,89,כלליות 1,2107,3633,1,Numeric bullet single choice,פסיכומטרי,3,2023-10-30T14:24:43.000000Z,2023-11-27T07:25:19.000000Z
2012,70,התנהגות אלגברית,2136,3634,1,Numeric bullet single choice,פסיכומטרי,7.5,2023-11-04T12:07:31.000000Z,2024-01-11T10:38:52.000000Z
2013,70,התנהגות אלגברית,2137,3635,1,Numeric bullet single choice,פסיכומטרי,7.5,2023-11-04T12:11:11.000000Z,2024-01-11T10:44:47.000000Z
2014,70,התנהגות אלגברית,2138,3636,1,Numeric bullet single choice,פסיכומטרי,3,2023-11-04T13:16:31.000000Z,2023-12-31T10:11:41.000000Z
2015,67,משוואות,2141,3638,1,Numeric bullet single choice,פסיכומטרי,7.5,2023-11-04T13:25:42.000000Z,2025-01-20T07:07:34.000000Z
2016,71,חיובי שלילי וערך מוחלט,2142,3641,1,Numeric bullet single choice,פסיכומטרי,8,2023-11-04T13:32:14.000000Z,2024-01-11T10:54:03.000000Z
2017,70,התנהגות אלגברית,2143,3644,1,Numeric bullet single choice,פסיכומטרי,4,2023-11-04T13:37:43.000000Z,2023-11-04T13:37:43.000000Z
2018,70,התנהגות אלגברית,2144,3648,1,Numeric bullet single choice,פסיכומטרי,3.5,2023-11-04T13:44:32.000000Z,2024-01-11T11:01:31.000000Z
2023,70,התנהגות אלגברית,2147,3649,1,Numeric bullet single choice,פסיכומטרי,6,2023-11-04T14:00:49.000000Z,2024-01-11T11:15:33.000000Z
2025,70,התנהגות אלגברית,2149,3652,1,Numeric bullet single choice,פסיכומטרי,3,2023-11-04T14:07:08.000000Z,2024-01-11T11:20:39.000000Z
2028,70,התנהגות אלגברית,2169,3653,1,Numeric bullet single choice,פסיכומטרי,5.5,2023-11-04T14:14:02.000000Z,2024-01-11T11:25:43.000000Z
2030,70,התנהגות אלגברית,2171,3654,1,Numeric bullet single choice,פסיכומטרי,7,2023-11-04T14:22:48.000000Z,2024-08-08T11:56:15.000000Z
2031,71,חיובי שלילי וערך מוחלט,2172,3656,1,Numeric bullet single choice,פסיכומטרי,2.5,2023-11-04T14:30:29.000000Z,2023-11-28T11:56:07.000000Z
1633,89,כלליות 1,2176,A_9471,1,Numeric bullet single choice,פסיכומטרי,5,2023-10-30T14:18:47.000000Z,2023-10-30T14:18:47.000000Z
2033,70,התנהגות אלגברית,2182,3659,1,Numeric bullet single choice,פסיכומטרי,6.5,2023-11-04T14:37:13.000000Z,2024-01-11T11:40:36.000000Z
2036,69,אי-שוויון,2193,3661,1,Numeric bullet single choice,פסיכומטרי,6,2023-11-04T14:44:16.000000Z,2023-12-31T10:18:46.000000Z
2038,70,התנהגות אלגברית,2194,3662,1,Numeric bullet single choice,פסיכומטרי,7,2023-11-04T14:48:47.000000Z,2024-01-11T11:46:14.000000Z
2052,91,יחס,2199,3663,1,Numeric bullet single choice,פסיכומטרי,3,2023-11-05T07:54:44.000000Z,2023-11-05T07:54:44.000000Z
2053,91,יחס,2200,3664,1,Numeric bullet single choice,פסיכומטרי,4,2023-11-05T07:58:15.000000Z,2023-11-05T07:58:15.000000Z
2054,91,יחס,2201,3665,1,Numeric bullet single choice,פסיכומטרי,3,2023-11-05T08:01:44.000000Z,2023-12-11T16:48:53.000000Z
2055,91,יחס,2202,3667,1,Numeric bullet single choice,פסיכומטרי,5,2023-11-05T08:05:32.000000Z,2023-12-11T16:49:41.000000Z
2056,91,יחס,2203,3668,1,Numeric bullet single choice,פסיכומטרי,5,2023-11-05T08:11:08.000000Z,2023-11-05T08:11:08.000000Z
2872,122,שטחים,2204,3670,1,Image and text,פסיכומטרי,8,2023-11-21T09:05:19.000000Z,2024-03-20T21:58:01.000000Z
2115,92,אחוזים,2209,3672,1,Numeric bullet single choice,פסיכומטרי,4,2023-11-13T16:30:33.000000Z,2024-01-04T07:54:45.000000Z
2117,92,אחוזים,2217,3673,1,Numeric bullet single choice,פסיכומטרי,5.5,2023-11-13T16:44:24.000000Z,2024-01-04T08:00:47.000000Z
2118,92,אחוזים,2218,3674,1,Numeric bullet single choice,פסיכומטרי,5,2023-11-14T05:41:54.000000Z,2024-01-04T08:03:26.000000Z
2119,92,אחוזים,2220,3675,1,Numeric bullet single choice,פסיכומטרי,5.5,2023-11-14T05:46:24.000000Z,2025-02-04T14:06:06.000000Z
2120,92,אחוזים,2221,3678,1,Numeric bullet single choice,פסיכומטרי,8,2023-11-14T05:52:06.000000Z,2024-01-04T08:11:18.000000Z
2123,92,אחוזים,2225,3680,1,Numeric bullet single choice,פסיכומטרי,4.5,2023-11-14T06:03:38.000000Z,2024-01-04T08:18:13.000000Z
2042,69,אי-שוויון,2231,4001,1,Numeric bullet single choice,פסיכומטרי,7,2023-11-04T15:01:10.000000Z,2023-12-31T10:46:52.000000Z
2976,74,חלוקה,2235,4003,1,Numeric bullet single choice,פסיכומטרי,6.5,2023-11-22T12:37:44.000000Z,2024-02-13T08:18:00.000000Z
3046,73,שלמים,2238,4004,1,Numeric bullet single choice,פסיכומטרי,4,2023-11-23T14:45:47.000000Z,2024-02-13T08:29:39.000000Z
3047,73,שלמים,2245,4005,1,Numeric bullet single choice,פסיכומטרי,7,2023-11-23T14:57:40.000000Z,2024-02-13T08:36:37.000000Z
3048,73,שלמים,2252,4006,1,Numeric bullet single choice,פסיכומטרי,6,2023-11-23T15:01:38.000000Z,2024-02-13T08:42:58.000000Z
3049,74,חלוקה,2253,4007,1,Numeric bullet single choice,פסיכומטרי,7.5,2023-11-23T15:06:21.000000Z,2024-02-21T12:45:05.000000Z
3518,122,שטחים,2255,4008,1,Image and text,פסיכומטרי,6,2023-11-28T05:25:51.000000Z,2024-12-30T09:21:38.000000Z
2124,92,אחוזים,2258,4009,1,Numeric bullet single choice,פסיכומטרי,3,2023-11-14T06:07:46.000000Z,2024-01-04T08:23:41.000000Z
3090,74,חלוקה,2260,4010,1,Numeric bullet single choice,פסיכומטרי,8.5,2023-11-24T08:51:02.000000Z,2024-02-21T12:45:32.000000Z
1879,67,משוואות,2300,4017,1,Numeric bullet single choice,פסיכומטרי,1,2023-11-02T11:01:42.000000Z,2023-11-28T13:00:24.000000Z
1880,67,משוואות,2301,4018,1,Numeric bullet single choice,פסיכומטרי,1,2023-11-02T11:09:08.000000Z,2023-11-29T10:53:03.000000Z
1881,67,משוואות,2302,4020,1,Numeric bullet single choice,פסיכומטרי,3,2023-11-02T11:16:32.000000Z,2023-11-28T13:25:05.000000Z
1882,67,משוואות,2303,4021,1,Numeric bullet single choice,פסיכומטרי,1,2023-11-02T11:22:21.000000Z,2023-11-28T13:56:34.000000Z
1883,67,משוואות,2304,4022,1,Numeric bullet single choice,פסיכומטרי,4,2023-11-02T11:29:02.000000Z,2023-11-28T14:07:13.000000Z
1884,67,משוואות,2305,4024,1,Numeric bullet single choice,פסיכומטרי,2.5,2023-11-02T11:33:32.000000Z,2023-11-29T10:52:11.000000Z
1885,67,משוואות,2306,4025,1,Numeric bullet single choice,פסיכומטרי,3,2023-11-02T11:48:49.000000Z,2023-11-29T10:59:18.000000Z
3091,70,התנהגות אלגברית,2345,4026,1,Numeric bullet single choice,פסיכומטרי,4,2023-11-24T08:55:32.000000Z,2024-02-22T10:07:38.000000Z
3093,74,חלוקה,2347,4027,1,Numeric bullet single choice,פסיכומטרי,4,2023-11-24T09:04:40.000000Z,2023-11-24T09:04:40.000000Z
3094,73,שלמים,2348,4028,1,Numeric bullet single choice,פסיכומטרי,7,2023-11-24T09:08:38.000000Z,2024-02-13T09:43:01.000000Z
3095,74,חלוקה,2349,4030,1,Numeric bullet single choice,פסיכומטרי,5,2023-11-24T09:12:56.000000Z,2024-02-21T13:09:33.000000Z
1640,89,כלליות 1,2350,4031,1,Numeric bullet single choice,פסיכומטרי,4,2023-10-30T16:50:00.000000Z,2023-11-23T08:32:27.000000Z
1641,89,כלליות 1,2351,4033,1,Numeric bullet single choice,פסיכומטרי,3,2023-10-30T16:55:53.000000Z,2023-10-30T16:57:11.000000Z
1644,90,כלליות 2,2354,4034,1,Numeric bullet single choice,פסיכומטרי,3,2023-10-30T17:08:13.000000Z,2023-11-27T06:47:14.000000Z
1646,90,כלליות 2,2356,4035,1,Numeric bullet single choice,פסיכומטרי,5,2023-10-30T17:21:00.000000Z,2023-10-30T17:21:36.000000Z
1647,90,כלליות 2,2357,4037,1,Numeric bullet single choice,פסיכומטרי,5,2023-10-30T17:26:37.000000Z,2023-10-30T17:27:43.000000Z
1863,67,משוואות,2907,4038,1,Numeric bullet single choice,פסיכומטרי,4,2023-11-02T09:34:05.000000Z,2023-11-29T12:01:16.000000Z
3775,119,מעגלים,A_9457,4041,1,Image and text,פסיכומטרי,7,2023-11-30T06:55:48.000000Z,2024-02-22T18:06:17.000000Z
3522,117,מרובעים,3002,4042,1,Image and text,פסיכומטרי,6,2023-11-28T05:42:34.000000Z,2023-11-28T05:42:34.000000Z
3297,119,מעגלים,A_9979,4043,1,Image and text,פסיכומטרי,7,2023-11-26T11:59:12.000000Z,2023-11-26T11:59:12.000000Z
3524,121,פיתגורס,3004,4044,1,Image and text,פסיכומטרי,4.5,2023-11-28T05:53:06.000000Z,2024-12-30T09:35:21.000000Z
3525,120,דמיון צורות,3005,4045,1,Image and text,פסיכומטרי,7.5,2023-11-28T06:00:16.000000Z,2024-02-23T10:21:05.000000Z
3526,121,פיתגורס,3006,4048,1,Image and text,פסיכומטרי,3,2023-11-28T06:04:44.000000Z,2023-11-28T06:04:44.000000Z
3528,120,דמיון צורות,3008,4050,1,Image and text,פסיכומטרי,6.5,2023-11-28T06:24:56.000000Z,2024-02-23T10:25:19.000000Z
2881,122,שטחים,3009,4051,1,Image and text,פסיכומטרי,7,2023-11-21T09:33:09.000000Z,2023-11-21T09:33:09.000000Z
2883,122,שטחים,3010,4052,1,Image and text,פסיכומטרי,6,2023-11-21T09:47:30.000000Z,2024-12-30T09:20:18.000000Z
692,119,מעגלים,סח  -  110  -  18,4053,1,Image and text,פסיכומטרי,7,2023-09-21T10:58:28.000000Z,2024-01-04T06:42:37.000000Z
2892,122,שטחים,3013,4054,1,Image and text,פסיכומטרי,7,2023-11-21T11:07:56.000000Z,2024-01-27T09:11:06.000000Z
2893,122,שטחים,3014,4055,1,Image and text,פסיכומטרי,6,2023-11-21T11:27:28.000000Z,2023-11-21T11:27:28.000000Z
2894,122,שטחים,3015,4056,1,Image and text,פסיכומטרי,5,2023-11-21T11:32:51.000000Z,2024-03-20T21:27:32.000000Z
2898,122,שטחים,3017,4057,1,Image and text,פסיכומטרי,4,2023-11-21T13:27:33.000000Z,2024-01-02T08:21:58.000000Z
2899,122,שטחים,3018,4058,1,Image and text,פסיכומטרי,7,2023-11-21T13:32:16.000000Z,2023-11-21T13:32:16.000000Z
2909,122,שטחים,3019,4063,1,Image and text,פסיכומטרי,8,2023-11-21T14:45:53.000000Z,2024-01-27T09:19:43.000000Z
2910,122,שטחים,3020,4068,1,Image and text,פסיכומטרי,7,2023-11-21T14:53:35.000000Z,2023-11-21T14:53:35.000000Z
2911,122,שטחים,3021,4075,1,Image and text,פסיכומטרי,6,2023-11-21T14:58:10.000000Z,2024-01-27T09:22:46.000000Z
2928,122,שטחים,3022,4082,1,Image and text,פסיכומטרי,6.5,2023-11-22T08:43:34.000000Z,2024-02-07T09:31:32.000000Z
2937,122,שטחים,3023,4083,1,Image and text,פסיכומטרי,9,2023-11-22T09:34:00.000000Z,2024-02-07T10:44:47.000000Z
2942,122,שטחים,3024,4086,1,Image and text,פסיכומטרי,4.5,2023-11-22T09:40:21.000000Z,2024-12-30T09:16:36.000000Z
3530,121,פיתגורס,3025,4087,1,Image and text,פסיכומטרי,8,2023-11-28T06:34:08.000000Z,2024-12-30T09:52:17.000000Z
3531,120,דמיון צורות,3026,4088,1,Image and text,פסיכומטרי,10,2023-11-28T06:49:33.000000Z,2024-02-23T10:48:29.000000Z
2945,122,שטחים,3027,4089,1,Image and text,פסיכומטרי,8.5,2023-11-22T09:53:34.000000Z,2024-02-07T10:47:45.000000Z
2964,122,שטחים,3028,4092,1,Image and text,פסיכומטרי,5,2023-11-22T10:42:00.000000Z,2024-02-07T10:50:01.000000Z
2967,122,שטחים,3029,4093,1,Image and text,פסיכומטרי,8,2023-11-22T10:52:11.000000Z,2023-11-22T10:52:11.000000Z
3532,116,משולשים,3030,4094,1,Image and text,פסיכומטרי,3,2023-11-28T07:05:03.000000Z,2023-11-28T07:05:31.000000Z
3533,115,קווים וזוויות,3031,4095,1,Image and text,פסיכומטרי,2,2023-11-28T07:11:03.000000Z,2023-11-28T07:11:43.000000Z
3534,117,מרובעים,3032,4098,1,Image and text,פסיכומטרי,2,2023-11-28T07:16:41.000000Z,2023-11-28T07:19:10.000000Z
3536,121,פיתגורס,3034,4099,1,Image and text,פסיכומטרי,2,2023-11-28T07:22:44.000000Z,2023-11-28T07:22:44.000000Z
3537,121,פיתגורס,3035,4101,1,Numeric bullet single choice,פסיכומטרי,3,2023-11-28T07:24:56.000000Z,2023-11-28T07:24:56.000000Z
712,119,מעגלים,סח  -  113  -  26,4103,1,Image and text,פסיכומטרי,7,2023-09-22T05:04:01.000000Z,2024-01-04T07:13:08.000000Z
719,119,מעגלים,סח  -  114  -  30,4104,1,Image and text,פסיכומטרי,7,2023-09-22T05:39:34.000000Z,2024-01-04T07:28:05.000000Z
3541,116,משולשים,3039,4106,1,Image and text,פסיכומטרי,3,2023-11-28T07:44:23.000000Z,2024-12-30T10:26:19.000000Z
689,119,מעגלים,סח -  109  - 15,4107,1,Image and text,פסיכומטרי,7,2023-09-21T10:31:36.000000Z,2024-01-04T06:37:00.000000Z
10377,119,מעגלים,סח - 320 - 6,4108,1,Image and text,פסיכומטרי,7,2024-06-16T15:08:12.000000Z,2024-06-16T15:08:12.000000Z
1957,119,מעגלים,1418,4109,1,Image and text,פסיכומטרי,6.5,2023-11-03T11:33:14.000000Z,2024-01-02T07:38:06.000000Z
2969,122,שטחים,3044,4110,1,Image and text,פסיכומטרי,4,2023-11-22T11:17:18.000000Z,2024-02-07T11:05:40.000000Z
2971,122,שטחים,3048,4113,1,Image and text,פסיכומטרי,6,2023-11-22T11:47:46.000000Z,2024-02-07T11:18:28.000000Z
3188,122,שטחים,3050,4114,1,Image and text,פסיכומטרי,6,2023-11-26T08:27:59.000000Z,2023-11-26T08:27:59.000000Z
3299,123,תלת-ממד,3055,4123,1,Numeric bullet single choice,פסיכומטרי,6,2023-11-26T12:04:40.000000Z,2024-02-07T08:57:01.000000Z
3189,122,שטחים,3056,4127,1,Image and text,פסיכומטרי,4.5,2023-11-26T08:32:27.000000Z,2024-02-07T12:57:46.000000Z
2754,119,מעגלים,1498,4129,1,Image and text,פסיכומטרי,6.5,2023-11-20T12:38:59.000000Z,2024-01-02T08:06:02.000000Z
3405,121,פיתגורס,3062,4134,1,Image and text,פסיכומטרי,8,2023-11-27T11:00:59.000000Z,2024-10-20T08:38:14.000000Z
3408,116,משולשים,3065,4135,1,Image and text,פסיכומטרי,3,2023-11-27T11:06:55.000000Z,2023-11-27T11:06:55.000000Z
3199,122,שטחים,3066,4137,1,Image and text,פסיכומטרי,9,2023-11-26T09:13:49.000000Z,2024-02-13T12:24:11.000000Z
3200,122,שטחים,3067,4138,1,Image and text,פסיכומטרי,3,2023-11-26T09:23:26.000000Z,2024-02-13T12:25:44.000000Z
3204,122,שטחים,3069,4139,1,Image and text,פסיכומטרי,8,2023-11-26T09:52:47.000000Z,2024-03-20T21:35:06.000000Z
3409,120,דמיון צורות,3072,4140,1,Image and text,פסיכומטרי,2,2023-11-27T11:10:06.000000Z,2024-02-23T10:16:15.000000Z
2755,119,מעגלים,1502,4141,1,Image and text,פסיכומטרי,6.5,2023-11-20T12:42:13.000000Z,2024-12-30T10:10:27.000000Z
3417,118,מצולעים,3075,4142,1,Image and text,פסיכומטרי,8,2023-11-27T11:20:21.000000Z,2024-02-20T08:17:30.000000Z
3213,122,שטחים,3076,4143,1,Image and text,פסיכומטרי,1,2023-11-26T10:16:09.000000Z,2023-11-26T10:16:09.000000Z
3216,122,שטחים,3077,4144,1,Image and text,פסיכומטרי,6,2023-11-26T10:21:58.000000Z,2024-02-13T12:39:58.000000Z
3218,122,שטחים,3079,4145,1,Image and text,פסיכומטרי,10,2023-11-26T10:26:21.000000Z,2023-11-26T10:26:21.000000Z
3423,115,קווים וזוויות,3080,4146,1,Image and text,פסיכומטרי,3,2023-11-27T11:29:01.000000Z,2024-02-14T11:57:08.000000Z
3425,118,מצולעים,3081,4147,1,Image and text,פסיכומטרי,4.5,2023-11-27T11:32:17.000000Z,2024-02-20T08:23:28.000000Z
3520,119,מעגלים,3001,4148,1,Image and text,פסיכומטרי,6.5,2023-11-28T05:33:20.000000Z,2024-02-22T16:21:01.000000Z
3230,122,שטחים,3088,4149,1,Image and text,פסיכומטרי,8.5,2023-11-26T10:52:26.000000Z,2024-02-13T12:58:11.000000Z
3241,121,פיתגורס,3091,4150,1,Image and text,פסיכומטרי,8,2023-11-26T11:05:01.000000Z,2023-11-26T11:05:01.000000Z
3245,122,שטחים,3092,4151,1,Image and text,פסיכומטרי,8,2023-11-26T11:08:32.000000Z,2023-11-26T11:08:32.000000Z
3432,117,מרובעים,3093,4152,1,Image and text,פסיכומטרי,5,2023-11-27T11:49:05.000000Z,2023-11-27T11:49:05.000000Z
3252,122,שטחים,3095,4156,1,Image and text,פסיכומטרי,6,2023-11-26T11:14:21.000000Z,2023-11-26T11:14:21.000000Z
3256,122,שטחים,3097,4158,1,Image and text,פסיכומטרי,2,2023-11-26T11:18:32.000000Z,2023-11-26T11:18:32.000000Z
3434,115,קווים וזוויות,3101,4159,1,Image and text,פסיכומטרי,2,2023-11-27T11:59:57.000000Z,2023-11-27T11:59:57.000000Z
3438,115,קווים וזוויות,3102,4160,1,Image and text,פסיכומטרי,3,2023-11-27T12:05:38.000000Z,2023-11-27T12:05:38.000000Z
3439,115,קווים וזוויות,3103,4161,1,Image and text,פסיכומטרי,3,2023-11-27T12:11:40.000000Z,2023-11-27T12:11:40.000000Z
3440,116,משולשים,3104,4162,1,Image and text,פסיכומטרי,4,2023-11-27T12:15:40.000000Z,2024-02-18T12:26:53.000000Z
4376,116,משולשים,3105,4163,1,Image and text,פסיכומטרי,4,2023-12-05T15:06:59.000000Z,2023-12-05T15:06:59.000000Z
4377,116,משולשים,3106,4168,1,Image and text,פסיכומטרי,4.5,2023-12-05T15:10:48.000000Z,2024-02-19T07:30:12.000000Z
4378,116,משולשים,3107,7269,1,Image and text,פסיכומטרי,1,2023-12-05T15:15:46.000000Z,2024-02-19T07:31:05.000000Z
4379,116,משולשים,3108,7408,1,Image and text,פסיכומטרי,2,2023-12-05T15:25:14.000000Z,2024-02-19T07:39:59.000000Z
3795,119,מעגלים,A_9460,7409,1,Image and text,פסיכומטרי,6.5,2023-11-30T07:16:43.000000Z,2024-02-26T08:58:49.000000Z
4381,116,משולשים,3110,7410,1,Image and text,פסיכומטרי,3,2023-12-05T15:41:17.000000Z,2024-02-19T07:42:29.000000Z
1971,119,מעגלים,1446,7411,1,Image and text,פסיכומטרי,6,2023-11-03T13:37:41.000000Z,2024-01-02T07:50:40.000000Z
3262,122,שטחים,3113,7418,1,Image and text,פסיכומטרי,4,2023-11-26T11:25:18.000000Z,2023-11-26T11:25:18.000000Z
3265,122,שטחים,3114,7420,1,Image and text,פסיכומטרי,2,2023-11-26T11:30:25.000000Z,2024-02-13T13:14:34.000000Z
4384,116,משולשים,3115,7429,1,Image and text,פסיכומטרי,7,2023-12-05T16:02:39.000000Z,2024-02-19T07:45:28.000000Z
4385,116,משולשים,3116,7431,1,Image and text,פסיכומטרי,3,2023-12-05T16:07:56.000000Z,2024-02-19T07:47:18.000000Z
1978,119,מעגלים,1470,7432,1,Image and text,פסיכומטרי,6,2023-11-03T14:32:40.000000Z,2024-01-02T07:57:19.000000Z
2729,119,מעגלים,1477,7437,1,Image and text,פסיכומטרי,6,2023-11-20T11:17:13.000000Z,2023-11-20T11:17:45.000000Z
4424,117,מרובעים,3123,7438,1,Image and text,פסיכומטרי,3,2023-12-06T09:32:33.000000Z,2023-12-06T09:32:33.000000Z
3279,122,שטחים,3124,7439,1,Image and text,פסיכומטרי,7,2023-11-26T11:43:50.000000Z,2024-02-13T13:24:03.000000Z
4427,116,משולשים,3132,7440,1,Image and text,פסיכומטרי,3,2023-12-06T09:35:41.000000Z,2023-12-06T09:35:41.000000Z
2228,67,משוואות,3402,7445,1,Numeric bullet single choice,פסיכומטרי,1.5,2023-11-15T12:07:10.000000Z,2023-11-29T12:25:05.000000Z
2229,75,אותיות וספרות,3403,7449,1,Numeric bullet single choice,פסיכומטרי,7.5,2023-11-15T12:16:42.000000Z,2023-12-13T12:29:36.000000Z
2230,68,ביטויים,3407,7450,1,Numeric bullet single choice,פסיכומטרי,3,2023-11-15T12:23:36.000000Z,2023-11-15T12:23:36.000000Z
2231,73,שלמים,3408,7451,1,Numeric bullet single choice,פסיכומטרי,7,2023-11-15T12:31:18.000000Z,2023-11-15T12:31:18.000000Z
2232,73,שלמים,3410,7452,1,Numeric bullet single choice,פסיכומטרי,4,2023-11-15T12:35:26.000000Z,2024-01-23T15:06:09.000000Z
2233,73,שלמים,3411,7457,1,Numeric bullet single choice,פסיכומטרי,7,2023-11-15T12:46:56.000000Z,2024-01-23T15:08:23.000000Z
2234,67,משוואות,3412,7459,1,Numeric bullet single choice,פסיכומטרי,7.5,2023-11-15T13:12:06.000000Z,2024-01-11T11:52:25.000000Z
2235,74,חלוקה,3415,7460,1,Numeric bullet single choice,פסיכומטרי,4,2023-11-15T13:16:53.000000Z,2023-11-15T13:16:53.000000Z
2236,72,פעולות מומצאות,3417,7469,1,Numeric bullet single choice,פסיכומטרי,8,2023-11-15T13:24:36.000000Z,2023-11-15T13:24:36.000000Z
3698,67,משוואות,3421,7470,1,Numeric bullet single choice,פסיכומטרי,1,2023-11-29T12:30:56.000000Z,2023-11-29T12:30:56.000000Z
2240,74,חלוקה,3426,7471,1,Numeric bullet single choice,פסיכומטרי,7,2023-11-15T13:45:51.000000Z,2023-11-15T13:45:51.000000Z
2241,67,משוואות,3427,7472,1,Numeric bullet single choice,פסיכומטרי,1,2023-11-15T13:50:26.000000Z,2023-11-29T12:38:03.000000Z
2242,71,חיובי שלילי וערך מוחלט,3430,7478,1,Numeric bullet single choice,פסיכומטרי,7.5,2023-11-15T13:58:42.000000Z,2023-11-29T16:04:25.000000Z
2243,75,אותיות וספרות,3431,7479,1,Numeric bullet single choice,פסיכומטרי,10,2023-11-15T14:07:29.000000Z,2023-12-13T12:19:38.000000Z
2244,73,שלמים,3434,7480,1,Numeric bullet single choice,פסיכומטרי,7,2023-11-15T14:12:32.000000Z,2024-01-23T15:14:49.000000Z
2246,72,פעולות מומצאות,3439,7486,1,Numeric bullet single choice,פסיכומטרי,7.5,2023-11-15T14:34:53.000000Z,2024-01-28T06:56:07.000000Z
2247,69,אי-שוויון,3442,7489,1,Numeric bullet single choice,פסיכומטרי,4,2023-11-15T14:41:18.000000Z,2024-01-11T11:56:28.000000Z
2248,73,שלמים,3443,7491,1,Numeric bullet single choice,פסיכומטרי,5,2023-11-15T14:44:10.000000Z,2023-11-15T14:44:10.000000Z
2250,73,שלמים,3450,7492,1,Numeric bullet single choice,פסיכומטרי,4,2023-11-15T14:57:32.000000Z,2023-11-29T17:28:16.000000Z
2251,73,שלמים,3454,7498,1,Numeric bullet single choice,פסיכומטרי,5,2023-11-15T15:02:23.000000Z,2024-01-25T12:57:10.000000Z
2252,67,משוואות,3456,7507,1,Numeric bullet single choice,פסיכומטרי,6.5,2023-11-15T15:06:08.000000Z,2024-01-11T12:55:37.000000Z
2253,68,ביטויים,3459,7509,1,Numeric bullet single choice,פסיכומטרי,7,2023-11-15T15:12:23.000000Z,2025-02-18T14:59:12.000000Z
2254,75,אותיות וספרות,3460,7510,1,Numeric bullet single choice,פסיכומטרי,10,2023-11-15T15:21:02.000000Z,2023-12-13T12:55:43.000000Z
3400,89,כלליות 1,3461,7512,1,Numeric bullet single choice,פסיכומטרי,4,2023-11-27T10:51:52.000000Z,2023-11-27T10:51:52.000000Z
3593,95,הספק,3462,7517,1,Numeric bullet single choice,פסיכומטרי,1,2023-11-28T11:01:38.000000Z,2024-02-22T11:28:45.000000Z
3595,94,תנועה,3466,7519,1,Numeric bullet single choice,פסיכומטרי,4,2023-11-28T11:06:07.000000Z,2023-11-28T11:06:28.000000Z
3597,92,אחוזים,3467,7529,1,Numeric bullet single choice,פסיכומטרי,5.5,2023-11-28T11:14:28.000000Z,2023-11-28T11:14:28.000000Z
3601,95,הספק,3469,7530,1,Numeric bullet single choice,פסיכומטרי,4.5,2023-11-28T11:28:22.000000Z,2024-08-19T05:05:46.000000Z
3602,94,תנועה,3470,7531,1,Numeric bullet single choice,פסיכומטרי,6,2023-11-28T11:31:55.000000Z,2024-02-07T07:29:44.000000Z
3606,97,הסתברות,3474,7538,1,Numeric bullet single choice,פסיכומטרי,3,2023-11-28T11:57:14.000000Z,2023-11-28T11:57:14.000000Z
3407,95,הספק,3475,7540,1,Numeric bullet single choice,פסיכומטרי,5,2023-11-27T11:04:25.000000Z,2024-02-22T11:23:17.000000Z
3410,94,תנועה,3476,7545,1,Numeric bullet single choice,פסיכומטרי,6,2023-11-27T11:12:02.000000Z,2023-11-27T11:12:02.000000Z
3608,92,אחוזים,3478,7547,1,Numeric bullet single choice,פסיכומטרי,4,2023-11-28T12:03:38.000000Z,2023-11-28T12:03:38.000000Z
3610,97,הסתברות,3479,7549,1,Numeric bullet single choice,פסיכומטרי,8,2023-11-28T12:08:43.000000Z,2023-11-28T12:08:43.000000Z
3612,95,הספק,3483,7550,1,Numeric bullet single choice,פסיכומטרי,3.5,2023-11-28T12:13:43.000000Z,2024-02-22T11:33:35.000000Z
3614,92,אחוזים,3484,7551,1,Numeric bullet single choice,פסיכומטרי,3,2023-11-28T12:17:40.000000Z,2023-11-28T12:17:40.000000Z
3615,95,הספק,3485,7557,1,Numeric bullet single choice,פסיכומטרי,3,2023-11-28T12:19:27.000000Z,2023-11-28T12:19:27.000000Z
3598,93,ממוצע,3486,7559,1,Numeric bullet single choice,פסיכומטרי,6.5,2023-11-28T11:16:38.000000Z,2024-02-20T11:16:07.000000Z
3616,93,ממוצע,3486,7566,1,Numeric bullet single choice,פסיכומטרי,6,2023-11-28T12:21:26.000000Z,2024-02-20T11:17:17.000000Z
3416,91,יחס,3487,7567,1,Numeric bullet single choice,פסיכומטרי,3.5,2023-11-27T11:19:00.000000Z,2023-11-27T11:19:00.000000Z
3617,92,אחוזים,3488,7569,1,Numeric bullet single choice,פסיכומטרי,4,2023-11-28T12:26:35.000000Z,2024-02-25T13:47:23.000000Z
3619,95,הספק,3490,7570,1,Numeric bullet single choice,פסיכומטרי,7.5,2023-11-28T12:29:46.000000Z,2024-02-22T11:36:46.000000Z
3620,94,תנועה,3492,7571,1,Numeric bullet single choice,פסיכומטרי,10,2023-11-28T12:32:58.000000Z,2024-02-07T07:45:01.000000Z
3621,96,צירופים,3493,7572,1,Numeric bullet single choice,פסיכומטרי,6.5,2023-11-28T12:34:42.000000Z,2023-11-28T12:34:42.000000Z
3622,94,תנועה,3494,7578,1,Numeric bullet single choice,פסיכומטרי,9,2023-11-28T12:44:23.000000Z,2024-02-07T07:48:56.000000Z
3623,97,הסתברות,3495,7579,1,Numeric bullet single choice,פסיכומטרי,7,2023-11-28T12:49:41.000000Z,2023-11-28T12:49:41.000000Z
3624,92,אחוזים,3496,7580,1,Numeric bullet single choice,פסיכומטרי,5,2023-11-28T12:56:00.000000Z,2024-02-25T13:50:48.000000Z
3625,97,הסתברות,3497,7585,1,Numeric bullet single choice,פסיכומטרי,7.5,2023-11-28T12:59:50.000000Z,2023-11-28T12:59:50.000000Z
3626,95,הספק,3498,7586,1,Numeric bullet single choice,פסיכומטרי,6,2023-11-28T13:04:16.000000Z,2024-02-22T11:40:49.000000Z
3627,96,צירופים,3499,7588,1,Numeric bullet single choice,פסיכומטרי,6,2023-11-28T13:06:02.000000Z,2024-02-15T09:25:33.000000Z
3628,94,תנועה,3500,7589,1,Numeric bullet single choice,פסיכומטרי,6,2023-11-28T13:09:32.000000Z,2024-02-07T07:53:07.000000Z
3426,95,הספק,3504,7590,1,Numeric bullet single choice,פסיכומטרי,5,2023-11-27T11:34:33.000000Z,2024-02-22T11:25:07.000000Z
3630,95,הספק,3506,7592,1,Numeric bullet single choice,פסיכומטרי,3.5,2023-11-28T13:13:32.000000Z,2024-02-22T11:42:10.000000Z
3631,95,הספק,3508,7597,1,Numeric bullet single choice,פסיכומטרי,4.5,2023-11-28T13:17:35.000000Z,2024-02-22T11:43:55.000000Z
3429,95,הספק,3511,7598,1,Numeric bullet single choice,פסיכומטרי,5,2023-11-27T11:39:05.000000Z,2024-02-22T11:27:41.000000Z
3632,94,תנועה,3512,7599,1,Numeric bullet single choice,פסיכומטרי,7.5,2023-11-28T13:20:13.000000Z,2024-02-07T07:55:10.000000Z
3634,92,אחוזים,3518,7605,1,Numeric bullet single choice,פסיכומטרי,7.5,2023-11-28T13:26:01.000000Z,2023-11-28T13:26:01.000000Z
3635,97,הסתברות,3519,7606,1,Numeric bullet single choice,פסיכומטרי,7.5,2023-11-28T13:30:30.000000Z,2023-11-28T13:30:30.000000Z
3636,121,פיתגורס,3520,7607,1,Image and text,פסיכומטרי,6,2023-11-28T13:34:28.000000Z,2024-12-30T09:38:56.000000Z
3543,121,פיתגורס,3524,7608,1,Image and text,פסיכומטרי,2.5,2023-11-28T08:02:23.000000Z,2024-02-17T09:16:31.000000Z
3544,122,שטחים,3525,7610,1,Numeric bullet single choice,פסיכומטרי,5,2023-11-28T08:05:14.000000Z,2024-02-13T14:24:37.000000Z
3545,123,תלת-ממד,3527,7611,1,Numeric bullet single choice,פסיכומטרי,5,2023-11-28T08:08:48.000000Z,2024-02-07T09:08:42.000000Z
3546,122,שטחים,3528,7612,1,Numeric bullet single choice,פסיכומטרי,7.5,2023-11-28T08:10:54.000000Z,2024-02-13T14:25:48.000000Z
3550,124,אנליטית,3533,7618,1,Image and text,פסיכומטרי,6.5,2023-11-28T08:23:30.000000Z,2024-02-25T07:53:06.000000Z
3552,116,משולשים,3534,7619,1,Numeric bullet single choice,פסיכומטרי,10,2023-11-28T08:27:15.000000Z,2023-11-28T08:27:15.000000Z
3558,121,פיתגורס,3534,7620,1,Image and text,פסיכומטרי,3.5,2023-11-28T08:57:45.000000Z,2024-12-30T09:34:25.000000Z
3553,123,תלת-ממד,3535,7625,1,Numeric bullet single choice,פסיכומטרי,9.5,2023-11-28T08:32:43.000000Z,2024-02-07T09:11:37.000000Z
3554,116,משולשים,3536,7627,1,Image and text,פסיכומטרי,6,2023-11-28T08:36:05.000000Z,2023-11-28T08:36:05.000000Z
3556,121,פיתגורס,3540,7628,1,Image and text,פסיכומטרי,8.5,2023-11-28T08:49:32.000000Z,2024-12-30T09:51:42.000000Z
3559,122,שטחים,3544,7632,1,Numeric bullet single choice,פסיכומטרי,2,2023-11-28T08:59:32.000000Z,2024-02-13T14:29:03.000000Z
3563,122,שטחים,3545,7638,1,Image and text,פסיכומטרי,6.5,2023-11-28T09:14:27.000000Z,2023-11-28T09:14:27.000000Z
2730,119,מעגלים,1478,7645,1,Image and text,פסיכומטרי,6,2023-11-20T11:22:56.000000Z,2024-01-02T08:02:22.000000Z
3566,124,אנליטית,3547,7646,1,Image and text,פסיכומטרי,7.5,2023-11-28T09:22:16.000000Z,2024-02-25T07:54:58.000000Z
3567,122,שטחים,3548,7648,1,Numeric bullet single choice,פסיכומטרי,2,2023-11-28T09:25:03.000000Z,2023-11-28T09:25:03.000000Z
3569,122,שטחים,3549,7649,1,Numeric bullet single choice,פסיכומטרי,2,2023-11-28T09:28:16.000000Z,2024-02-13T14:32:48.000000Z
3570,118,מצולעים,3550,7650,1,Numeric bullet single choice,פסיכומטרי,6,2023-11-28T09:33:26.000000Z,2024-02-21T13:03:01.000000Z
3572,122,שטחים,3552,7651,1,Numeric bullet single choice,פסיכומטרי,4,2023-11-28T09:36:52.000000Z,2023-11-28T09:36:52.000000Z
3573,123,תלת-ממד,3553,7657,1,Image and text,פסיכומטרי,5,2023-11-28T09:41:06.000000Z,2023-11-28T09:41:06.000000Z
3574,122,שטחים,3554,7659,1,Image and text,פסיכומטרי,4,2023-11-28T09:45:06.000000Z,2024-12-30T09:17:06.000000Z
3575,123,תלת-ממד,3555,7666,1,Numeric bullet single choice,פסיכומטרי,10,2023-11-28T09:47:21.000000Z,2023-11-28T09:47:21.000000Z
3576,116,משולשים,3556,7668,1,Image and text,פסיכומטרי,6.5,2023-11-28T09:53:54.000000Z,2024-02-18T12:58:36.000000Z
3380,119,מעגלים,A_10082,7670,1,Image and text,פסיכומטרי,6,2023-11-27T09:48:27.000000Z,2024-02-19T14:52:57.000000Z
3579,122,שטחים,3558,7671,1,Image and text,פסיכומטרי,10,2023-11-28T10:02:58.000000Z,2023-11-28T10:02:58.000000Z
3581,121,פיתגורס,3560,7672,1,Image and text,פסיכומטרי,8,2023-11-28T10:10:50.000000Z,2024-12-30T09:51:09.000000Z
3583,122,שטחים,3564,7677,1,Numeric bullet single choice,פסיכומטרי,4,2023-11-28T10:13:15.000000Z,2024-02-20T06:51:59.000000Z
3584,120,דמיון צורות,3565,7678,1,Image and text,פסיכומטרי,5,2023-11-28T10:16:55.000000Z,2024-02-23T10:52:13.000000Z
3585,121,פיתגורס,3567,7679,1,Image and text,פסיכומטרי,3,2023-11-28T10:20:35.000000Z,2024-02-17T09:17:45.000000Z
3586,122,שטחים,3568,7685,1,Numeric bullet single choice,פסיכומטרי,4,2023-11-28T10:22:56.000000Z,2024-02-22T17:38:35.000000Z
3588,123,תלת-ממד,3574,7689,1,Text question with image answers,פסיכומטרי,7.5,2023-11-28T10:34:07.000000Z,2024-12-29T11:48:25.000000Z
3589,123,תלת-ממד,3576,7690,1,Numeric bullet single choice,פסיכומטרי,9,2023-11-28T10:38:57.000000Z,2024-02-07T09:15:53.000000Z
3590,124,אנליטית,3577,7691,1,Image and text,פסיכומטרי,6.5,2023-11-28T10:45:25.000000Z,2024-12-30T09:57:57.000000Z
3591,122,שטחים,3578,7692,1,Image and text,פסיכומטרי,7,2023-11-28T10:50:59.000000Z,2023-11-28T10:50:59.000000Z
3592,121,פיתגורס,3579,7700,1,Image and text,פסיכומטרי,7.5,2023-11-28T10:56:07.000000Z,2024-12-30T09:33:00.000000Z
6386,122,שטחים,3582,9144,1,Numeric bullet single choice,פסיכומטרי,4,2023-12-28T04:25:14.000000Z,2023-12-28T04:25:14.000000Z
6385,95,הספק,3584,9147,1,Numeric bullet single choice,פסיכומטרי,2,2023-12-28T04:20:01.000000Z,2023-12-28T04:20:01.000000Z
3833,119,מעגלים,A_9468,9148,1,Image and text,פסיכומטרי,6,2023-11-30T08:01:08.000000Z,2024-02-26T09:34:24.000000Z
6328,75,אותיות וספרות,3587,9149,1,Numeric bullet single choice,פסיכומטרי,3,2023-12-27T11:40:46.000000Z,2023-12-27T11:40:46.000000Z
6327,118,מצולעים,3588,9151,1,Numeric bullet single choice,פסיכומטרי,3,2023-12-27T11:33:54.000000Z,2023-12-27T11:33:54.000000Z
6326,120,דמיון צורות,3589,9153,1,Numeric bullet single choice,פסיכומטרי,3.5,2023-12-27T11:26:12.000000Z,2024-02-23T11:02:06.000000Z
6325,67,משוואות,3590,9154,1,Numeric bullet single choice,פסיכומטרי,3,2023-12-27T11:18:51.000000Z,2023-12-27T11:18:51.000000Z
6324,70,התנהגות אלגברית,3591,9156,1,Numeric bullet single choice,פסיכומטרי,4,2023-12-27T11:13:05.000000Z,2024-02-22T10:31:47.000000Z
6322,97,הסתברות,3592,9157,1,Numeric bullet single choice,פסיכומטרי,1,2023-12-27T11:03:23.000000Z,2023-12-27T11:03:23.000000Z
6320,75,אותיות וספרות,3593,9159,1,Numeric bullet single choice,פסיכומטרי,4,2023-12-27T10:59:14.000000Z,2023-12-27T10:59:14.000000Z
6309,123,תלת-ממד,3595,9160,1,Image and text,פסיכומטרי,5.5,2023-12-27T10:33:28.000000Z,2024-02-07T09:24:40.000000Z
6306,121,פיתגורס,3596,9163,1,Image and text,פסיכומטרי,7,2023-12-27T10:27:26.000000Z,2023-12-27T10:27:26.000000Z
3385,92,אחוזים,3600,9164,1,Numeric bullet single choice,פסיכומטרי,8,2023-11-27T10:24:09.000000Z,2023-11-27T10:24:09.000000Z
6302,74,חלוקה,3601,9168,1,Numeric bullet single choice,פסיכומטרי,1,2023-12-27T10:21:24.000000Z,2023-12-27T10:21:24.000000Z
6299,89,כלליות 1,3602,9171,1,Numeric bullet single choice,פסיכומטרי,2,2023-12-27T10:18:53.000000Z,2023-12-27T10:18:53.000000Z
6296,122,שטחים,3603,9172,1,Numeric bullet single choice,פסיכומטרי,5,2023-12-27T10:14:09.000000Z,2023-12-27T10:14:09.000000Z
6292,121,פיתגורס,3604,9173,1,Image and text,פסיכומטרי,6,2023-12-27T10:09:45.000000Z,2023-12-27T10:09:45.000000Z
6288,70,התנהגות אלגברית,3607,9174,1,Numeric bullet single choice,פסיכומטרי,4,2023-12-27T09:59:24.000000Z,2024-02-22T10:27:44.000000Z
6286,118,מצולעים,3608,9175,1,Image and text,פסיכומטרי,7,2023-12-27T09:51:30.000000Z,2023-12-27T09:51:30.000000Z
3386,95,הספק,3609,9176,1,Numeric bullet single choice,פסיכומטרי,4,2023-11-27T10:29:46.000000Z,2023-11-27T10:29:46.000000Z
6162,74,חלוקה,3610,9177,1,Numeric bullet single choice,פסיכומטרי,5,2023-12-26T17:57:55.000000Z,2024-02-13T13:12:11.000000Z
6159,75,אותיות וספרות,3611,9178,1,Numeric bullet single choice,פסיכומטרי,8,2023-12-26T17:51:34.000000Z,2023-12-26T17:53:13.000000Z
6151,93,ממוצע,3612,9180,1,Numeric bullet single choice,פסיכומטרי,4,2023-12-26T17:37:08.000000Z,2024-02-20T11:31:35.000000Z
6149,67,משוואות,3613,9181,1,Numeric bullet single choice,פסיכומטרי,4,2023-12-26T17:32:55.000000Z,2024-06-23T07:58:15.000000Z
6146,123,תלת-ממד,3614,9183,1,Numeric bullet single choice,פסיכומטרי,5,2023-12-26T17:15:39.000000Z,2024-02-07T09:22:16.000000Z
6144,70,התנהגות אלגברית,3616,9184,1,Numeric bullet single choice,פסיכומטרי,5,2023-12-26T17:11:37.000000Z,2024-02-22T10:26:45.000000Z
5074,72,פעולות מומצאות,3618,9185,1,Numeric bullet single choice,פסיכומטרי,7,2023-12-18T06:14:11.000000Z,2023-12-18T06:14:33.000000Z
5073,94,תנועה,3619,9186,1,Numeric bullet single choice,פסיכומטרי,4,2023-12-18T06:02:43.000000Z,2023-12-18T06:14:43.000000Z
5072,122,שטחים,3620,9187,1,Image and text,פסיכומטרי,8,2023-12-18T05:57:44.000000Z,2024-12-30T09:15:58.000000Z
5071,73,שלמים,3621,9188,1,Numeric bullet single choice,פסיכומטרי,2,2023-12-18T05:45:31.000000Z,2024-02-13T11:35:51.000000Z
5011,121,פיתגורס,3623,9189,1,Image and text,פסיכומטרי,6,2023-12-17T11:43:56.000000Z,2023-12-17T11:43:56.000000Z
5003,122,שטחים,3624,9190,1,Image and text,פסיכומטרי,4,2023-12-17T11:32:08.000000Z,2024-02-13T14:46:39.000000Z
4998,123,תלת-ממד,3625,9191,1,Numeric bullet single choice,פסיכומטרי,8,2023-12-17T11:24:06.000000Z,2023-12-17T11:24:06.000000Z
4990,89,כלליות 1,3626,9192,1,Numeric bullet single choice,פסיכומטרי,3,2023-12-17T11:12:12.000000Z,2023-12-17T11:12:12.000000Z
4924,92,אחוזים,3627,9194,1,Numeric bullet single choice,פסיכומטרי,6.5,2023-12-16T16:52:32.000000Z,2024-02-25T14:01:51.000000Z
4923,118,מצולעים,3629,9195,1,Numeric bullet single choice,פסיכומטרי,7,2023-12-16T16:02:59.000000Z,2023-12-16T16:02:59.000000Z
4922,116,משולשים,3630,9196,1,Image and text,פסיכומטרי,6,2023-12-16T15:55:18.000000Z,2024-12-30T10:27:49.000000Z
3393,94,תנועה,3631,9197,1,Numeric bullet single choice,פסיכומטרי,5,2023-11-27T10:38:25.000000Z,2023-11-27T10:38:25.000000Z
4921,75,אותיות וספרות,3632,9198,1,Numeric bullet single choice,פסיכומטרי,7,2023-12-16T15:40:50.000000Z,2023-12-16T15:40:50.000000Z
4431,96,צירופים,3633,9199,1,Numeric bullet single choice,פסיכומטרי,6,2023-12-06T09:40:48.000000Z,2024-02-15T09:34:12.000000Z
4436,71,חיובי שלילי וערך מוחלט,3634,9200,1,Numeric bullet single choice,פסיכומטרי,7,2023-12-06T09:46:30.000000Z,2024-02-22T10:00:23.000000Z
4440,74,חלוקה,3635,10002,1,Numeric bullet single choice,פסיכומטרי,7,2023-12-06T09:53:20.000000Z,2024-02-21T11:24:45.000000Z
4442,124,אנליטית,3636,10003,1,Image and text,פסיכומטרי,6,2023-12-06T09:58:34.000000Z,2024-02-25T08:08:00.000000Z
4444,96,צירופים,3638,10004,1,Numeric bullet single choice,פסיכומטרי,6,2023-12-06T10:01:41.000000Z,2023-12-06T10:01:41.000000Z
4454,68,ביטויים,3641,10005,1,Numeric bullet single choice,פסיכומטרי,5,2023-12-06T10:15:04.000000Z,2023-12-06T10:15:04.000000Z
4463,120,דמיון צורות,3644,10007,1,Image and text,פסיכומטרי,5,2023-12-06T10:23:42.000000Z,2024-02-23T10:58:16.000000Z
4561,74,חלוקה,3648,10008,1,Numeric bullet single choice,פסיכומטרי,4,2023-12-07T07:31:07.000000Z,2023-12-07T07:31:07.000000Z
4568,91,יחס,3649,10055,1,Numeric bullet single choice,פסיכומטרי,3,2023-12-07T07:39:08.000000Z,2024-02-21T09:04:51.000000Z
4574,97,הסתברות,3652,10056,1,Numeric bullet single choice,פסיכומטרי,5,2023-12-07T07:49:21.000000Z,2023-12-07T07:49:21.000000Z
4576,122,שטחים,3653,10057,1,Image and text,פסיכומטרי,8.5,2023-12-07T07:58:28.000000Z,2024-02-26T11:37:37.000000Z
4580,70,התנהגות אלגברית,3654,10059,1,Numeric bullet single choice,פסיכומטרי,9,2023-12-07T08:09:50.000000Z,2023-12-07T08:09:50.000000Z
4581,124,אנליטית,3656,10060,1,Image and text,פסיכומטרי,5.5,2023-12-07T08:14:52.000000Z,2024-02-25T08:09:53.000000Z
3856,119,מעגלים,A_9471,11001,1,Image and text,פסיכומטרי,6,2023-11-30T09:34:21.000000Z,2024-02-26T10:10:34.000000Z
4585,95,הספק,3659,11003,1,Numeric bullet single choice,פסיכומטרי,6,2023-12-07T08:32:14.000000Z,2024-02-22T12:43:10.000000Z
4586,90,כלליות 2,3661,11007,1,Numeric bullet single choice,פסיכומטרי,3,2023-12-07T08:36:36.000000Z,2023-12-07T08:36:36.000000Z
4589,122,שטחים,3662,11012,1,Image and text,פסיכומטרי,6,2023-12-07T08:46:38.000000Z,2023-12-07T08:46:38.000000Z
4590,122,שטחים,3663,11017,1,Numeric bullet single choice,פסיכומטרי,2,2023-12-07T08:49:00.000000Z,2023-12-07T08:49:00.000000Z
4591,89,כלליות 1,3664,11018,1,Numeric bullet single choice,פסיכומטרי,3,2023-12-07T08:57:08.000000Z,2024-02-21T07:52:38.000000Z
4592,94,תנועה,3665,11019,1,Numeric bullet single choice,פסיכומטרי,3,2023-12-07T09:00:59.000000Z,2024-02-07T08:22:51.000000Z
4594,68,ביטויים,3667,11020,1,Numeric bullet single choice,פסיכומטרי,6,2023-12-07T09:10:29.000000Z,2023-12-07T09:10:29.000000Z
4595,122,שטחים,3668,11021,1,Numeric bullet single choice,פסיכומטרי,5,2023-12-07T09:12:19.000000Z,2023-12-07T09:12:19.000000Z
3397,95,הספק,3670,11023,1,Numeric bullet single choice,פסיכומטרי,6,2023-11-27T10:47:07.000000Z,2024-02-22T11:21:20.000000Z
4597,93,ממוצע,3672,11024,1,Numeric bullet single choice,פסיכומטרי,7,2023-12-07T09:22:43.000000Z,2023-12-07T09:22:43.000000Z
4599,71,חיובי שלילי וערך מוחלט,3673,11025,1,Numeric bullet single choice,פסיכומטרי,9,2023-12-07T09:29:37.000000Z,2024-02-22T10:04:11.000000Z
4602,72,פעולות מומצאות,3674,11027,1,Numeric bullet single choice,פסיכומטרי,6,2023-12-07T09:36:16.000000Z,2024-02-18T08:53:39.000000Z
4603,123,תלת-ממד,3675,11030,1,Image and text,פסיכומטרי,5,2023-12-07T09:38:40.000000Z,2023-12-07T09:38:40.000000Z
4836,92,אחוזים,3678,11032,1,Numeric bullet single choice,פסיכומטרי,7,2023-12-12T16:01:31.000000Z,2023-12-12T16:01:31.000000Z
4837,71,חיובי שלילי וערך מוחלט,3680,11033,1,Numeric bullet single choice,פסיכומטרי,9,2023-12-12T16:08:55.000000Z,2023-12-12T16:08:55.000000Z
2057,91,יחס,4001,11035,1,Numeric bullet single choice,פסיכומטרי,2,2023-11-05T08:14:02.000000Z,2023-11-05T08:14:02.000000Z
2058,91,יחס,4003,11037,1,Numeric bullet single choice,פסיכומטרי,2,2023-11-05T08:18:25.000000Z,2023-12-11T16:59:55.000000Z
2059,91,יחס,4004,11038,1,Numeric bullet single choice,פסיכומטרי,2,2023-11-05T08:21:00.000000Z,2023-12-14T06:27:53.000000Z
2060,91,יחס,4005,11043,1,Numeric bullet single choice,פסיכומטרי,2.5,2023-11-05T08:24:03.000000Z,2023-12-14T06:30:10.000000Z
2061,91,יחס,4006,12001,1,Numeric bullet single choice,פסיכומטרי,3,2023-11-05T08:26:41.000000Z,2023-12-14T06:31:49.000000Z
2062,91,יחס,4007,12002,1,Numeric bullet single choice,פסיכומטרי,4.5,2023-11-05T08:29:53.000000Z,2023-11-05T08:31:22.000000Z
2063,91,יחס,4008,12003,1,Numeric bullet single choice,פסיכומטרי,2.5,2023-11-05T08:36:38.000000Z,2023-12-14T06:34:04.000000Z
2064,91,יחס,4009,12004,1,Numeric bullet single choice,פסיכומטרי,6,2023-11-05T08:41:51.000000Z,2023-11-05T08:42:16.000000Z
2125,92,אחוזים,4010,12009,1,Numeric bullet single choice,פסיכומטרי,3.5,2023-11-14T06:10:41.000000Z,2023-11-14T06:10:41.000000Z
2481,94,תנועה,4017,12013,1,Numeric bullet single choice,פסיכומטרי,6.5,2023-11-17T07:31:13.000000Z,2024-01-11T14:33:49.000000Z
2483,94,תנועה,4018,12014,1,Numeric bullet single choice,פסיכומטרי,4.5,2023-11-17T07:34:12.000000Z,2023-11-17T07:34:12.000000Z
2486,94,תנועה,4020,12015,1,Numeric bullet single choice,פסיכומטרי,6.5,2023-11-17T07:38:39.000000Z,2024-01-11T14:52:35.000000Z
2490,94,תנועה,4021,12016,1,Numeric bullet single choice,פסיכומטרי,7,2023-11-17T07:44:44.000000Z,2024-01-11T14:58:22.000000Z
2493,94,תנועה,4022,12017,1,Numeric bullet single choice,פסיכומטרי,6,2023-11-17T07:48:44.000000Z,2024-01-11T15:05:41.000000Z
2507,95,הספק,4024,12019,1,Numeric bullet single choice,פסיכומטרי,5.5,2023-11-17T08:24:41.000000Z,2024-01-16T12:45:38.000000Z
2508,95,הספק,4025,12021,1,Numeric bullet single choice,פסיכומטרי,4.5,2023-11-17T08:27:54.000000Z,2024-01-16T12:50:49.000000Z
2509,95,הספק,4026,12022,1,Numeric bullet single choice,פסיכומטרי,7,2023-11-17T08:34:46.000000Z,2024-01-16T13:06:37.000000Z
2510,95,הספק,4027,12024,1,Numeric bullet single choice,פסיכומטרי,7.5,2023-11-17T09:21:23.000000Z,2024-01-16T13:13:54.000000Z
2511,95,הספק,4028,12025,1,Numeric bullet single choice,פסיכומטרי,6.5,2023-11-17T09:24:09.000000Z,2024-01-16T14:47:04.000000Z
2512,95,הספק,4030,12026,1,Numeric bullet single choice,פסיכומטרי,8,2023-11-17T09:26:48.000000Z,2024-01-16T13:23:51.000000Z
2065,91,יחס,4031,13002,1,Numeric bullet single choice,פסיכומטרי,2.5,2023-11-05T08:47:14.000000Z,2023-12-14T06:38:52.000000Z
2128,92,אחוזים,4033,13003,1,Numeric bullet single choice,פסיכומטרי,5,2023-11-14T06:20:11.000000Z,2024-01-04T08:31:02.000000Z
2513,95,הספק,4034,13004,1,Numeric bullet single choice,פסיכומטרי,6,2023-11-17T09:29:28.000000Z,2024-01-16T13:31:05.000000Z
2514,95,הספק,4035,13005,1,Numeric bullet single choice,פסיכומטרי,7,2023-11-17T09:32:04.000000Z,2024-01-16T13:37:58.000000Z
2300,93,ממוצע,4037,13006,1,Numeric bullet single choice,פסיכומטרי,2,2023-11-16T09:39:49.000000Z,2024-01-04T14:20:35.000000Z
2334,93,ממוצע,4038,13007,1,Numeric bullet single choice,פסיכומטרי,3.5,2023-11-16T12:17:41.000000Z,2024-01-04T14:29:54.000000Z
2178,96,צירופים,4041,13008,1,Numeric bullet single choice,פסיכומטרי,8,2023-11-14T18:03:23.000000Z,2024-01-17T10:56:50.000000Z
2179,96,צירופים,4042,13009,1,Numeric bullet single choice,פסיכומטרי,8,2023-11-14T18:14:12.000000Z,2024-01-17T11:02:05.000000Z
2180,96,צירופים,4043,13010,1,Numeric bullet single choice,פסיכומטרי,6,2023-11-15T07:49:39.000000Z,2024-01-17T11:09:44.000000Z
2181,96,צירופים,4044,13011,1,Numeric bullet single choice,פסיכומטרי,2,2023-11-15T07:52:16.000000Z,2024-01-22T12:40:01.000000Z
2182,96,צירופים,4045,13012,1,Numeric bullet single choice,פסיכומטרי,7,2023-11-15T07:55:14.000000Z,2024-12-15T07:18:36.000000Z
2185,96,צירופים,4048,13014,1,Numeric bullet single choice,פסיכומטרי,9,2023-11-15T08:40:20.000000Z,2023-11-15T08:40:20.000000Z
2255,97,הסתברות,4050,13015,1,Numeric bullet single choice,פסיכומטרי,6,2023-11-15T17:11:12.000000Z,2024-01-22T15:45:20.000000Z
2256,97,הסתברות,4051,13016,1,Numeric bullet single choice,פסיכומטרי,9,2023-11-15T17:16:29.000000Z,2024-01-25T09:31:51.000000Z
2257,97,הסתברות,4052,13017,1,Numeric bullet single choice,פסיכומטרי,8,2023-11-15T17:21:18.000000Z,2024-01-25T14:34:07.000000Z
2258,97,הסתברות,4053,13018,1,Numeric bullet single choice,פסיכומטרי,8.5,2023-11-15T17:27:24.000000Z,2024-01-25T14:48:01.000000Z
2259,97,הסתברות,4054,13019,1,Numeric bullet single choice,פסיכומטרי,8,2023-11-15T17:31:16.000000Z,2024-01-25T14:54:16.000000Z
2260,97,הסתברות,4055,13020,1,Numeric bullet single choice,פסיכומטרי,8,2023-11-15T17:36:43.000000Z,2024-01-29T11:07:50.000000Z
2261,97,הסתברות,4056,13022,1,Numeric bullet single choice,פסיכומטרי,8,2023-11-15T17:41:24.000000Z,2024-01-25T15:01:31.000000Z
2262,97,הסתברות,4057,13286,1,Numeric bullet single choice,פסיכומטרי,8,2023-11-15T17:45:35.000000Z,2024-01-25T15:03:34.000000Z
2263,96,צירופים,4058,A_0189,1,Numeric bullet single choice,פסיכומטרי,6,2023-11-15T17:50:25.000000Z,2024-01-22T15:50:01.000000Z
2066,91,יחס,4063,A_0267,1,Numeric bullet single choice,פסיכומטרי,3,2023-11-05T08:50:11.000000Z,2023-11-05T08:50:11.000000Z
2338,93,ממוצע,4068,A_0573,1,Numeric bullet single choice,פסיכומטרי,6,2023-11-16T12:22:53.000000Z,2024-01-04T14:38:16.000000Z
3435,94,תנועה,4075,A_10000,1,Image and text,פסיכומטרי,7,2023-11-27T12:03:14.000000Z,2023-11-27T12:03:14.000000Z
2067,91,יחס,4082,A_10001,1,Numeric bullet single choice,פסיכומטרי,2,2023-11-05T08:54:24.000000Z,2023-11-05T08:54:24.000000Z
2068,91,יחס,4083,A_10002,1,Numeric bullet single choice,פסיכומטרי,2.5,2023-11-05T09:00:01.000000Z,2023-12-14T09:16:44.000000Z
2070,91,יחס,4086,A_10003,1,Numeric bullet single choice,פסיכומטרי,3,2023-11-05T09:08:35.000000Z,2023-12-14T06:45:50.000000Z
2071,91,יחס,4087,A_10004,1,Numeric bullet single choice,פסיכומטרי,4,2023-11-05T09:11:34.000000Z,2023-11-05T09:11:34.000000Z
2072,91,יחס,4088,A_10006,1,Numeric bullet single choice,פסיכומטרי,2,2023-11-05T09:15:01.000000Z,2023-11-05T09:15:01.000000Z
2073,91,יחס,4089,A_10008,1,Numeric bullet single choice,פסיכומטרי,2,2023-11-05T09:17:53.000000Z,2023-12-14T06:53:46.000000Z
1649,91,יחס,4092,A_10010,1,Numeric bullet single choice,פסיכומטרי,5,2023-10-30T17:43:41.000000Z,2023-12-14T06:58:50.000000Z
2075,91,יחס,4093,A_10011,1,Numeric bullet single choice,פסיכומטרי,2,2023-11-05T09:23:23.000000Z,2023-12-14T06:59:43.000000Z
2076,91,יחס,4094,A_10012,1,Numeric bullet single choice,פסיכומטרי,2,2023-11-05T09:26:12.000000Z,2023-11-05T09:26:12.000000Z
2077,91,יחס,4095,A_10013,1,Numeric bullet single choice,פסיכומטרי,3,2023-11-05T09:30:50.000000Z,2023-12-14T07:03:07.000000Z
2078,91,יחס,4098,A_10014,1,Numeric bullet single choice,פסיכומטרי,1,2023-11-05T09:38:28.000000Z,2023-12-14T07:04:28.000000Z
2079,91,יחס,4099,A_10015,1,Numeric bullet single choice,פסיכומטרי,1,2023-11-05T09:41:44.000000Z,2023-11-05T09:41:44.000000Z
1651,91,יחס,4101,A_10016,1,Numeric bullet single choice,פסיכומטרי,3,2023-10-30T17:56:38.000000Z,2023-12-14T07:11:56.000000Z
2081,91,יחס,4103,A_10017,1,Numeric bullet single choice,פסיכומטרי,3.5,2023-11-05T09:50:57.000000Z,2023-12-14T07:13:28.000000Z
2082,91,יחס,4104,A_10018,1,Numeric bullet single choice,פסיכומטרי,3,2023-11-05T09:54:54.000000Z,2023-11-05T09:54:54.000000Z
2083,91,יחס,4106,A_10019,1,Numeric bullet single choice,פסיכומטרי,2,2023-11-05T10:00:20.000000Z,2023-11-05T10:00:20.000000Z
2084,91,יחס,4107,A_10020,1,Numeric bullet single choice,פסיכומטרי,4,2023-11-05T10:05:43.000000Z,2023-12-14T07:30:50.000000Z
2129,92,אחוזים,4108,A_10021,1,Numeric bullet single choice,פסיכומטרי,1,2023-11-14T06:22:14.000000Z,2023-11-14T06:22:14.000000Z
2130,92,אחוזים,4109,A_10022,1,Numeric bullet single choice,פסיכומטרי,1,2023-11-14T06:24:59.000000Z,2023-11-14T06:24:59.000000Z
2131,92,אחוזים,4110,A_10025,1,Numeric bullet single choice,פסיכומטרי,1,2023-11-14T06:39:19.000000Z,2024-01-04T08:32:34.000000Z
2133,92,אחוזים,4113,A_10026,1,Numeric bullet single choice,פסיכומטרי,1,2023-11-14T06:45:09.000000Z,2024-01-04T08:34:14.000000Z
2134,92,אחוזים,4114,A_10027,1,Numeric bullet single choice,פסיכומטרי,1,2023-11-14T06:47:02.000000Z,2024-02-26T09:11:37.000000Z
2140,92,אחוזים,4123,A_10028,1,Numeric bullet single choice,פסיכומטרי,3,2023-11-14T07:06:19.000000Z,2024-01-04T08:50:24.000000Z
2144,92,אחוזים,4127,A_10029,1,Numeric bullet single choice,פסיכומטרי,2,2023-11-14T07:17:16.000000Z,2024-01-04T10:01:00.000000Z
2146,92,אחוזים,4129,A_10030,1,Numeric bullet single choice,פסיכומטרי,4,2023-11-14T07:27:32.000000Z,2024-01-04T10:06:01.000000Z
2495,94,תנועה,4134,A_10031,1,Numeric bullet single choice,פסיכומטרי,4.5,2023-11-17T07:53:19.000000Z,2024-01-11T15:08:19.000000Z
2497,94,תנועה,4135,A_10032,1,Numeric bullet single choice,פסיכומטרי,3.5,2023-11-17T07:56:23.000000Z,2024-01-11T15:11:45.000000Z
2499,94,תנועה,4137,A_10033,1,Numeric bullet single choice,פסיכומטרי,3.5,2023-11-17T07:59:13.000000Z,2024-01-11T15:15:11.000000Z
2500,94,תנועה,4138,A_10034,1,Numeric bullet single choice,פסיכומטרי,5,2023-11-17T08:01:49.000000Z,2024-01-11T15:20:22.000000Z
2501,94,תנועה,4139,A_10035,1,Numeric bullet single choice,פסיכומטרי,6,2023-11-17T08:05:51.000000Z,2024-01-11T15:26:07.000000Z
2502,94,תנועה,4140,A_10036,1,Numeric bullet single choice,פסיכומטרי,7,2023-11-17T08:10:30.000000Z,2024-01-11T15:35:29.000000Z
2503,94,תנועה,4141,A_10037,1,Numeric bullet single choice,פסיכומטרי,1,2023-11-17T08:12:35.000000Z,2024-01-11T15:37:04.000000Z
2504,94,תנועה,4142,A_10039,1,Numeric bullet single choice,פסיכומטרי,3,2023-11-17T08:15:01.000000Z,2024-01-11T15:42:37.000000Z
2505,94,תנועה,4143,A_10040,1,Numeric bullet single choice,פסיכומטרי,5,2023-11-17T08:18:42.000000Z,2024-01-11T15:47:03.000000Z
2515,95,הספק,4144,A_10041,1,Numeric bullet single choice,פסיכומטרי,2,2023-11-17T09:34:15.000000Z,2024-01-16T13:42:22.000000Z
2516,95,הספק,4145,A_10042,1,Numeric bullet single choice,פסיכומטרי,2.5,2023-11-17T09:36:21.000000Z,2024-01-16T13:46:39.000000Z
2517,95,הספק,4146,A_10045,1,Numeric bullet single choice,פסיכומטרי,3.5,2023-11-17T09:39:09.000000Z,2024-01-16T13:51:03.000000Z
2518,95,הספק,4147,A_10046,1,Numeric bullet single choice,פסיכומטרי,4.5,2023-11-17T09:42:35.000000Z,2024-01-16T13:58:51.000000Z
2519,95,הספק,4148,A_10047,1,Numeric bullet single choice,פסיכומטרי,1,2023-11-17T09:44:16.000000Z,2024-01-16T14:01:35.000000Z
2520,95,הספק,4149,A_10048,1,Numeric bullet single choice,פסיכומטרי,2,2023-11-17T09:45:57.000000Z,2024-01-16T14:12:51.000000Z
2521,95,הספק,4150,A_10050,1,Numeric bullet single choice,פסיכומטרי,3,2023-11-17T09:48:08.000000Z,2024-01-16T14:17:46.000000Z
2522,95,הספק,4151,A_10052,1,Numeric bullet single choice,פסיכומטרי,3.5,2023-11-17T09:51:38.000000Z,2024-01-16T14:25:02.000000Z
2523,95,הספק,4152,A_10053,1,Numeric bullet single choice,פסיכומטרי,7,2023-11-17T09:55:07.000000Z,2024-01-16T14:26:52.000000Z
2524,95,הספק,4156,A_10054,1,Numeric bullet single choice,פסיכומטרי,6.5,2023-11-17T09:57:54.000000Z,2024-01-16T14:31:06.000000Z
2339,93,ממוצע,4158,A_10056,1,Numeric bullet single choice,פסיכומטרי,4.5,2023-11-16T12:24:54.000000Z,2024-01-04T14:42:36.000000Z
2341,93,ממוצע,4159,A_10057,1,Numeric bullet single choice,פסיכומטרי,6.5,2023-11-16T12:27:00.000000Z,2024-01-04T14:44:37.000000Z
2344,93,ממוצע,4160,A_10058,1,Numeric bullet single choice,פסיכומטרי,5,2023-11-16T12:30:20.000000Z,2024-01-04T14:46:42.000000Z
2346,93,ממוצע,4161,A_10059,1,Numeric bullet single choice,פסיכומטרי,3,2023-11-16T12:32:54.000000Z,2024-01-04T14:48:40.000000Z
2349,93,ממוצע,4162,A_10060,1,Numeric bullet single choice,פסיכומטרי,3.5,2023-11-16T12:36:04.000000Z,2024-01-04T14:50:34.000000Z
2351,93,ממוצע,4163,A_10061,1,Numeric bullet single choice,פסיכומטרי,6,2023-11-16T12:38:07.000000Z,2024-01-04T14:51:52.000000Z
2361,93,ממוצע,4168,A_10062,1,Numeric bullet single choice,פסיכומטרי,7,2023-11-16T12:49:53.000000Z,2024-01-04T14:57:10.000000Z
2882,168,השלמת משפטים מילולי,7269,A_10063,1,Numeric bullet single choice,פסיכומטרי,7,2023-11-21T09:34:06.000000Z,2023-12-06T06:49:48.000000Z
2590,167,אנלוגיות,7408,A_10064,1,Numeric bullet single choice,פסיכומטרי,7,2023-11-19T10:25:04.000000Z,2023-12-04T08:25:07.000000Z
2599,168,השלמת משפטים מילולי,7409,A_10065,1,Numeric bullet single choice,פסיכומטרי,5,2023-11-19T10:54:38.000000Z,2023-12-10T12:52:16.000000Z
2600,168,השלמת משפטים מילולי,7410,A_10066,1,Numeric bullet single choice,פסיכומטרי,7,2023-11-19T11:00:20.000000Z,2023-12-10T12:52:54.000000Z
2602,168,השלמת משפטים מילולי,7411,A_10068,1,Numeric bullet single choice,פסיכומטרי,9,2023-11-19T11:04:09.000000Z,2023-12-10T12:53:32.000000Z
2606,174,משמעות מילולית,7418,A_10069,1,Numeric bullet single choice,פסיכומטרי,3,2023-11-19T11:13:21.000000Z,2024-01-16T14:58:37.000000Z
2607,173,עריכת ניסוי,7420,A_10070,1,Numeric bullet single choice,פסיכומטרי,5,2023-11-19T11:17:51.000000Z,2023-11-19T11:17:51.000000Z
2612,168,השלמת משפטים מילולי,7429,A_10071,1,Numeric bullet single choice,פסיכומטרי,4,2023-11-19T11:24:41.000000Z,2023-11-19T11:24:41.000000Z
2648,168,השלמת משפטים מילולי,7431,A_10072,1,Numeric bullet single choice,פסיכומטרי,3,2023-11-20T08:30:24.000000Z,2023-12-06T08:11:18.000000Z
2651,168,השלמת משפטים מילולי,7432,A_10073,1,Numeric bullet single choice,פסיכומטרי,3,2023-11-20T08:36:07.000000Z,2023-12-07T10:57:15.000000Z
2656,172,כללים וסידורים,7437,A_10075,1,Numeric bullet single choice,פסיכומטרי,8,2023-11-20T08:52:34.000000Z,2023-11-20T08:52:34.000000Z
2657,174,משמעות מילולית,7438,A_10079,1,Numeric bullet single choice,פסיכומטרי,3,2023-11-20T08:54:36.000000Z,2024-01-16T15:01:37.000000Z
2663,172,כללים וסידורים,7439,A_10080,1,Numeric bullet single choice,פסיכומטרי,6,2023-11-20T09:11:54.000000Z,2023-11-20T09:11:54.000000Z
2665,172,כללים וסידורים,7440,סג - 60 - 17,1,Numeric bullet single choice,פסיכומטרי,9,2023-11-20T09:14:30.000000Z,2024-01-08T12:25:55.000000Z
2667,167,אנלוגיות,7445,A_10083,1,Numeric bullet single choice,פסיכומטרי,3,2023-11-20T09:16:32.000000Z,2023-12-04T08:24:42.000000Z
2671,168,השלמת משפטים מילולי,7449,סח  -  110  -  16,1,Numeric bullet single choice,פסיכומטרי,3,2023-11-20T09:22:14.000000Z,2023-12-10T12:56:53.000000Z
2674,168,השלמת משפטים מילולי,7450,סח  -  111  -  20,1,Numeric bullet single choice,פסיכומטרי,4,2023-11-20T09:26:11.000000Z,2023-12-06T08:35:23.000000Z
2677,168,השלמת משפטים מילולי,7451,A_10086,1,Numeric bullet single choice,פסיכומטרי,3,2023-11-20T09:32:19.000000Z,2023-12-06T08:44:22.000000Z
2680,168,השלמת משפטים מילולי,7452,A_10087,1,Numeric bullet single choice,פסיכומטרי,2,2023-11-20T09:36:26.000000Z,2023-12-10T12:58:08.000000Z
2682,172,כללים וסידורים,7457,סח  -  111  -  21,1,Numeric bullet single choice,פסיכומטרי,3,2023-11-20T09:39:17.000000Z,2024-01-08T11:42:14.000000Z
2684,172,כללים וסידורים,7459,A_10089,1,Numeric bullet single choice,פסיכומטרי,8,2023-11-20T09:42:33.000000Z,2024-01-08T11:50:36.000000Z
2687,174,משמעות מילולית,7460,A_10092,1,Numeric bullet single choice,פסיכומטרי,3,2023-11-20T09:45:53.000000Z,2024-01-16T15:05:45.000000Z
2831,168,השלמת משפטים מילולי,7469,A_10094,1,Numeric bullet single choice,פסיכומטרי,4,2023-11-21T05:11:11.000000Z,2023-12-10T12:58:43.000000Z
2915,168,השלמת משפטים מילולי,7470,A_10095,1,Numeric bullet single choice,פסיכומטרי,5,2023-11-21T17:02:11.000000Z,2023-12-10T12:59:24.000000Z
2916,168,השלמת משפטים מילולי,7471,A_10097,1,Numeric bullet single choice,פסיכומטרי,6,2023-11-21T17:05:31.000000Z,2023-12-06T09:58:26.000000Z
2917,168,השלמת משפטים מילולי,7472,A_10098,1,Numeric bullet single choice,פסיכומטרי,2,2023-11-21T17:09:16.000000Z,2023-12-10T13:00:06.000000Z
2832,174,משמעות מילולית,7478,A_10099,1,Numeric bullet single choice,פסיכומטרי,4,2023-11-21T05:25:40.000000Z,2024-01-16T15:12:17.000000Z
2833,173,עריכת ניסוי,7479,A_10100,1,Numeric bullet single choice,פסיכומטרי,3,2023-11-21T05:29:54.000000Z,2023-12-14T09:52:54.000000Z
2834,172,כללים וסידורים,7480,A_10101,1,Numeric bullet single choice,פסיכומטרי,10,2023-11-21T05:36:27.000000Z,2024-01-08T12:09:30.000000Z
2836,167,אנלוגיות,7486,A_10102,1,Numeric bullet single choice,פסיכומטרי,2,2023-11-21T05:40:16.000000Z,2023-12-04T08:27:11.000000Z
2887,168,השלמת משפטים מילולי,7489,A_10103,1,Numeric bullet single choice,פסיכומטרי,3,2023-11-21T10:06:08.000000Z,2023-12-07T11:07:44.000000Z
2890,168,השלמת משפטים מילולי,7491,A_10104,1,Numeric bullet single choice,פסיכומטרי,8,2023-11-21T10:29:28.000000Z,2023-12-10T13:02:33.000000Z
2891,168,השלמת משפטים מילולי,7492,A_10105,1,Numeric bullet single choice,פסיכומטרי,7,2023-11-21T10:32:06.000000Z,2023-12-10T13:03:29.000000Z
2840,174,משמעות מילולית,7498,A_10106,1,Numeric bullet single choice,פסיכומטרי,4,2023-11-21T05:50:37.000000Z,2024-01-16T15:20:16.000000Z
2940,167,אנלוגיות,7507,A_10107,1,Numeric bullet single choice,פסיכומטרי,2,2023-11-22T09:37:04.000000Z,2024-08-12T04:56:37.000000Z
2944,168,השלמת משפטים מילולי,7509,A_10109,1,Numeric bullet single choice,פסיכומטרי,7,2023-11-22T09:43:29.000000Z,2024-03-07T07:26:39.000000Z
2947,168,השלמת משפטים מילולי,7510,A_10111,1,Numeric bullet single choice,פסיכומטרי,8,2023-11-22T10:05:09.000000Z,2024-03-07T07:34:32.000000Z
2950,168,השלמת משפטים מילולי,7512,A_10114,1,Numeric bullet single choice,פסיכומטרי,4,2023-11-22T10:12:01.000000Z,2024-03-07T07:48:22.000000Z
2952,172,כללים וסידורים,7517,A_10117,1,Numeric bullet single choice,פסיכומטרי,7,2023-11-22T10:16:09.000000Z,2024-02-29T07:54:39.000000Z
2953,174,משמעות מילולית,7519,A_10118,1,Numeric bullet single choice,פסיכומטרי,3,2023-11-22T10:18:20.000000Z,2024-02-18T13:07:48.000000Z
2960,168,השלמת משפטים מילולי,7529,A_10119,1,Numeric bullet single choice,פסיכומטרי,3,2023-11-22T10:27:11.000000Z,2024-03-07T07:53:19.000000Z
2961,168,השלמת משפטים מילולי,7530,A_10121,1,Numeric bullet single choice,פסיכומטרי,4,2023-11-22T10:29:38.000000Z,2024-03-07T08:00:33.000000Z
2993,168,השלמת משפטים מילולי,7531,A_10124,1,Numeric bullet single choice,פסיכומטרי,4,2023-11-23T06:13:18.000000Z,2024-03-07T08:02:46.000000Z
2996,172,כללים וסידורים,7538,A_10125,1,Numeric bullet single choice,פסיכומטרי,5,2023-11-23T06:18:46.000000Z,2024-02-29T07:57:35.000000Z
2997,172,כללים וסידורים,7540,A_10126,1,Numeric bullet single choice,פסיכומטרי,6,2023-11-23T06:22:47.000000Z,2024-02-29T08:00:32.000000Z
2998,167,אנלוגיות,7545,A_10127,1,Numeric bullet single choice,פסיכומטרי,8,2023-11-23T06:24:27.000000Z,2023-11-23T06:24:27.000000Z
3000,167,אנלוגיות,7547,A_10128,1,Numeric bullet single choice,פסיכומטרי,5,2023-11-23T06:26:33.000000Z,2024-06-10T10:45:05.000000Z
3001,168,השלמת משפטים מילולי,7549,A_10129,1,Numeric bullet single choice,פסיכומטרי,5,2023-11-23T06:29:31.000000Z,2024-03-07T08:08:06.000000Z
3002,168,השלמת משפטים מילולי,7550,A_10131,1,Numeric bullet single choice,פסיכומטרי,5,2023-11-23T06:31:37.000000Z,2024-03-07T08:15:25.000000Z
3003,168,השלמת משפטים מילולי,7551,A_10132,1,Numeric bullet single choice,פסיכומטרי,5,2023-11-23T06:34:36.000000Z,2024-03-07T08:34:30.000000Z
3006,173,עריכת ניסוי,7557,A_10133,1,Numeric bullet single choice,פסיכומטרי,2,2023-11-23T06:40:49.000000Z,2023-11-23T06:40:49.000000Z
3007,172,כללים וסידורים,7559,A_10134,1,Numeric bullet single choice,פסיכומטרי,6,2023-11-23T06:47:07.000000Z,2024-02-29T08:09:43.000000Z
3009,167,אנלוגיות,7566,A_10135,1,Numeric bullet single choice,פסיכומטרי,9,2023-11-23T06:50:51.000000Z,2023-11-23T06:50:51.000000Z
3010,167,אנלוגיות,7567,A_10136,1,Numeric bullet single choice,פסיכומטרי,4,2023-11-23T06:53:02.000000Z,2023-11-23T06:53:02.000000Z
2377,168,השלמת משפטים מילולי,7569,A_10138,1,Numeric bullet single choice,פסיכומטרי,2,2023-11-16T13:08:30.000000Z,2023-12-10T13:03:56.000000Z
2579,168,השלמת משפטים מילולי,7570,A_10139,1,Numeric bullet single choice,פסיכומטרי,6,2023-11-19T09:49:14.000000Z,2023-12-10T13:04:28.000000Z
2580,168,השלמת משפטים מילולי,7571,A_10140,1,Numeric bullet single choice,פסיכומטרי,5,2023-11-19T09:55:04.000000Z,2025-03-02T06:49:41.000000Z
2581,168,השלמת משפטים מילולי,7572,A_10141,1,Numeric bullet single choice,פסיכומטרי,7,2023-11-19T10:01:06.000000Z,2023-12-10T13:05:23.000000Z
2585,173,עריכת ניסוי,7578,A_10142,1,Numeric bullet single choice,פסיכומטרי,5,2023-11-19T10:09:15.000000Z,2023-12-14T09:54:31.000000Z
2588,172,כללים וסידורים,7579,A_10144,1,Numeric bullet single choice,פסיכומטרי,4,2023-11-19T10:16:32.000000Z,2024-01-08T12:20:22.000000Z
2589,172,כללים וסידורים,7580,A_10145,1,Numeric bullet single choice,פסיכומטרי,8,2023-11-19T10:20:30.000000Z,2024-01-08T12:24:47.000000Z
2591,167,אנלוגיות,7585,A_10146,1,Numeric bullet single choice,פסיכומטרי,6,2023-11-19T10:27:22.000000Z,2023-11-19T10:27:22.000000Z
2592,167,אנלוגיות,7586,A_10147,1,Numeric bullet single choice,פסיכומטרי,5,2023-11-19T10:29:15.000000Z,2023-11-19T10:29:15.000000Z
2597,167,אנלוגיות,7588,A_10148,1,Numeric bullet single choice,פסיכומטרי,10,2023-11-19T10:44:40.000000Z,2023-11-19T10:44:40.000000Z
2598,168,השלמת משפטים מילולי,7589,A_10151,1,Numeric bullet single choice,פסיכומטרי,2,2023-11-19T10:49:42.000000Z,2023-12-06T11:26:47.000000Z
2601,168,השלמת משפטים מילולי,7590,A_10152,1,Numeric bullet single choice,פסיכומטרי,4,2023-11-19T11:02:08.000000Z,2023-12-06T11:37:20.000000Z
2605,168,השלמת משפטים מילולי,7592,A_10153,1,Numeric bullet single choice,פסיכומטרי,10,2023-11-19T11:13:01.000000Z,2023-12-10T13:07:26.000000Z
2608,172,כללים וסידורים,7597,A_10155,1,Numeric bullet single choice,פסיכומטרי,5,2023-11-19T11:19:37.000000Z,2024-01-08T12:30:40.000000Z
2611,174,משמעות מילולית,7598,A_10206,1,Numeric bullet single choice,פסיכומטרי,2,2023-11-19T11:23:00.000000Z,2024-01-16T15:21:45.000000Z
2614,173,עריכת ניסוי,7599,A_10207,1,Numeric bullet single choice,פסיכומטרי,5,2023-11-19T11:29:16.000000Z,2023-11-19T11:29:16.000000Z
2616,167,אנלוגיות,7605,A_10208,1,Numeric bullet single choice,פסיכומטרי,6,2023-11-19T11:31:57.000000Z,2023-12-04T08:32:06.000000Z
2618,167,אנלוגיות,7606,A_10211,1,Numeric bullet single choice,פסיכומטרי,3,2023-11-19T11:33:35.000000Z,2023-11-19T11:33:35.000000Z
2620,167,אנלוגיות,7607,A_10212,1,Numeric bullet single choice,פסיכומטרי,3,2023-11-19T11:35:18.000000Z,2023-11-19T11:35:18.000000Z
2622,167,אנלוגיות,7608,A_10213,1,Numeric bullet single choice,פסיכומטרי,8,2023-11-19T11:37:13.000000Z,2023-11-19T11:37:13.000000Z
2626,168,השלמת משפטים מילולי,7610,A_10214,1,Numeric bullet single choice,פסיכומטרי,9,2023-11-19T11:46:07.000000Z,2023-12-10T13:08:03.000000Z
2628,168,השלמת משפטים מילולי,7611,A_10216,1,Numeric bullet single choice,פסיכומטרי,9,2023-11-19T11:50:05.000000Z,2023-12-10T13:08:42.000000Z
2630,168,השלמת משפטים מילולי,7612,A_10217,1,Numeric bullet single choice,פסיכומטרי,9,2023-11-19T11:53:52.000000Z,2023-12-10T13:09:22.000000Z
2873,173,עריכת ניסוי,7618,A_10219,1,Numeric bullet single choice,פסיכומטרי,7,2023-11-21T09:08:54.000000Z,2023-12-14T10:01:37.000000Z
2874,172,כללים וסידורים,7619,A_10220,1,Numeric bullet single choice,פסיכומטרי,3,2023-11-21T09:12:29.000000Z,2024-01-08T12:39:20.000000Z
2876,172,כללים וסידורים,7620,A_10224,1,Numeric bullet single choice,פסיכומטרי,6,2023-11-21T09:20:57.000000Z,2024-01-08T12:45:11.000000Z
2877,167,אנלוגיות,7625,A_10226,1,Numeric bullet single choice,פסיכומטרי,4,2023-11-21T09:23:13.000000Z,2023-12-04T08:33:28.000000Z
2879,167,אנלוגיות,7627,A_10228,1,Numeric bullet single choice,פסיכומטרי,8,2023-11-21T09:26:55.000000Z,2023-12-04T08:37:28.000000Z
2880,167,אנלוגיות,7628,A_10229,1,Numeric bullet single choice,פסיכומטרי,5,2023-11-21T09:28:41.000000Z,2023-11-21T09:28:41.000000Z
2885,168,השלמת משפטים מילולי,7632,A_10235,1,Numeric bullet single choice,פסיכומטרי,9,2023-11-21T09:54:35.000000Z,2023-12-10T13:10:09.000000Z
2895,173,עריכת ניסוי,7638,A_10237,1,Numeric bullet single choice,פסיכומטרי,6,2023-11-21T11:41:49.000000Z,2023-12-14T10:03:33.000000Z
3089,167,אנלוגיות,7645,A_10238,1,Numeric bullet single choice,פסיכומטרי,6,2023-11-24T08:37:35.000000Z,2023-11-24T08:37:35.000000Z
3088,167,אנלוגיות,7646,A_10239,1,Numeric bullet single choice,פסיכומטרי,7,2023-11-24T08:34:58.000000Z,2023-11-24T08:34:58.000000Z
3086,167,אנלוגיות,7648,A_10240,1,Numeric bullet single choice,פסיכומטרי,7,2023-11-24T08:32:02.000000Z,2023-11-24T08:32:02.000000Z
3085,168,השלמת משפטים מילולי,7649,A_10241,1,Numeric bullet single choice,פסיכומטרי,6,2023-11-24T08:30:34.000000Z,2024-03-07T09:29:29.000000Z
3084,168,השלמת משפטים מילולי,7650,A_10242,1,Numeric bullet single choice,פסיכומטרי,4,2023-11-24T08:26:11.000000Z,2024-03-07T09:27:39.000000Z
3083,168,השלמת משפטים מילולי,7651,A_10245,1,Numeric bullet single choice,פסיכומטרי,6,2023-11-24T08:21:44.000000Z,2024-03-07T09:24:21.000000Z
3081,172,כללים וסידורים,7657,A_10247,1,Numeric bullet single choice,פסיכומטרי,7,2023-11-24T08:05:47.000000Z,2024-02-29T08:20:12.000000Z
3079,172,כללים וסידורים,7659,A_10248,1,Numeric bullet single choice,פסיכומטרי,3,2023-11-24T07:58:22.000000Z,2024-02-29T08:15:47.000000Z
3077,167,אנלוגיות,7666,A_10250,1,Numeric bullet single choice,פסיכומטרי,7,2023-11-24T07:52:20.000000Z,2023-11-24T07:52:20.000000Z
3075,167,אנלוגיות,7668,A_10251,1,Numeric bullet single choice,פסיכומטרי,4,2023-11-24T07:49:17.000000Z,2023-11-24T07:49:17.000000Z
3073,168,השלמת משפטים מילולי,7670,A_10252,1,Numeric bullet single choice,פסיכומטרי,7,2023-11-24T07:42:55.000000Z,2024-03-07T09:11:09.000000Z
3072,168,השלמת משפטים מילולי,7671,A_10253,1,Numeric bullet single choice,פסיכומטרי,7,2023-11-24T07:39:21.000000Z,2024-03-07T09:01:34.000000Z
3071,168,השלמת משפטים מילולי,7672,A_10254,1,Numeric bullet single choice,פסיכומטרי,8,2023-11-24T07:34:42.000000Z,2024-03-07T08:44:36.000000Z
3070,172,כללים וסידורים,7677,A_10256,1,Numeric bullet single choice,פסיכומטרי,7,2023-11-24T07:29:00.000000Z,2024-02-29T08:11:20.000000Z
3069,174,משמעות מילולית,7678,A_10260,1,Numeric bullet single choice,פסיכומטרי,2,2023-11-24T07:24:58.000000Z,2024-02-18T13:13:05.000000Z
3067,173,עריכת ניסוי,7679,A_10262,1,Numeric bullet single choice,פסיכומטרי,6,2023-11-24T07:20:55.000000Z,2024-02-15T14:08:44.000000Z
2926,167,אנלוגיות,7685,A_10263,1,Numeric bullet single choice,פסיכומטרי,3,2023-11-21T19:18:00.000000Z,2023-11-21T19:18:00.000000Z
2922,168,השלמת משפטים מילולי,7689,A_10265,1,Numeric bullet single choice,פסיכומטרי,4,2023-11-21T19:11:49.000000Z,2023-12-10T13:10:44.000000Z
2921,168,השלמת משפטים מילולי,7690,A_10266,1,Numeric bullet single choice,פסיכומטרי,5,2023-11-21T19:07:30.000000Z,2023-12-08T05:03:37.000000Z
2920,168,השלמת משפטים מילולי,7691,A_11585,1,Numeric bullet single choice,פסיכומטרי,2,2023-11-21T18:59:24.000000Z,2023-12-06T12:13:08.000000Z
2919,168,השלמת משפטים מילולי,7692,A_11586,1,Numeric bullet single choice,פסיכומטרי,9,2023-11-21T18:55:56.000000Z,2023-12-10T13:11:48.000000Z
2918,173,עריכת ניסוי,7700,A_11587,1,Numeric bullet single choice,פסיכומטרי,3,2023-11-21T18:49:16.000000Z,2023-11-21T18:49:16.000000Z
7044,168,השלמת משפטים מילולי,9144,A_11588,1,Numeric bullet single choice,פסיכומטרי,4,2024-01-02T12:42:18.000000Z,2024-04-14T11:10:26.000000Z
7045,168,השלמת משפטים מילולי,9147,A_11589,1,Numeric bullet single choice,פסיכומטרי,7,2024-01-02T12:46:47.000000Z,2024-04-14T11:52:30.000000Z
7046,168,השלמת משפטים מילולי,9148,A_11592,1,Numeric bullet single choice,פסיכומטרי,7,2024-01-02T12:50:54.000000Z,2024-04-14T11:56:20.000000Z
7047,168,השלמת משפטים מילולי,9149,A_11609,1,Numeric bullet single choice,פסיכומטרי,5,2024-01-02T12:56:10.000000Z,2024-04-14T11:59:28.000000Z
7377,168,השלמת משפטים מילולי,9151,A_11610,1,Numeric bullet single choice,פסיכומטרי,6,2024-01-15T09:17:27.000000Z,2024-04-18T09:59:14.000000Z
7378,168,השלמת משפטים מילולי,9153,A_11611,1,Numeric bullet single choice,פסיכומטרי,7,2024-01-15T09:21:45.000000Z,2024-04-18T10:11:33.000000Z
7379,168,השלמת משפטים מילולי,9154,A_11612,1,Numeric bullet single choice,פסיכומטרי,7,2024-01-15T09:26:00.000000Z,2024-04-18T10:14:28.000000Z
7380,168,השלמת משפטים מילולי,9156,A_11613,1,Numeric bullet single choice,פסיכומטרי,6,2024-01-15T09:29:55.000000Z,2024-04-18T10:16:07.000000Z
7381,168,השלמת משפטים מילולי,9157,A_11614,1,Numeric bullet single choice,פסיכומטרי,5,2024-01-15T09:33:42.000000Z,2024-04-18T10:19:32.000000Z
7382,168,השלמת משפטים מילולי,9159,A_11615,1,Numeric bullet single choice,פסיכומטרי,6,2024-01-15T09:40:32.000000Z,2024-04-18T10:25:55.000000Z
7383,168,השלמת משפטים מילולי,9160,A_11616,1,Numeric bullet single choice,פסיכומטרי,7,2024-01-15T09:44:00.000000Z,2024-04-18T13:11:24.000000Z
7385,168,השלמת משפטים מילולי,9163,A_11617,1,Numeric bullet single choice,פסיכומטרי,5,2024-01-15T09:52:02.000000Z,2024-04-18T13:16:38.000000Z
7386,168,השלמת משפטים מילולי,9164,A_11618,1,Numeric bullet single choice,פסיכומטרי,7,2024-01-15T09:56:19.000000Z,2024-01-15T09:56:19.000000Z
7389,168,השלמת משפטים מילולי,9168,A_11619,1,Numeric bullet single choice,פסיכומטרי,6,2024-01-15T10:09:03.000000Z,2024-04-18T13:32:12.000000Z
7392,168,השלמת משפטים מילולי,9171,A_11620,1,Numeric bullet single choice,פסיכומטרי,5,2024-01-15T10:48:23.000000Z,2024-04-18T13:43:33.000000Z
7393,168,השלמת משפטים מילולי,9172,A_11621,1,Numeric bullet single choice,פסיכומטרי,7,2024-01-15T10:52:48.000000Z,2024-04-18T13:48:01.000000Z
7395,168,השלמת משפטים מילולי,9173,A_11622,1,Numeric bullet single choice,פסיכומטרי,6,2024-01-15T10:56:34.000000Z,2024-04-18T13:51:47.000000Z
7426,168,השלמת משפטים מילולי,9174,A_11623,1,Numeric bullet single choice,פסיכומטרי,4,2024-01-16T03:54:14.000000Z,2024-01-16T03:54:14.000000Z
7427,168,השלמת משפטים מילולי,9175,A_11624,1,Numeric bullet single choice,פסיכומטרי,5,2024-01-16T03:57:38.000000Z,2024-01-16T03:57:38.000000Z
7428,168,השלמת משפטים מילולי,9176,A_11661,1,Numeric bullet single choice,פסיכומטרי,6,2024-01-16T04:01:12.000000Z,2024-01-16T04:01:12.000000Z
7429,168,השלמת משפטים מילולי,9177,A_11663,1,Numeric bullet single choice,פסיכומטרי,5,2024-01-16T04:06:18.000000Z,2024-01-16T04:06:18.000000Z
7503,168,השלמת משפטים מילולי,9178,A_11665,1,Numeric bullet single choice,פסיכומטרי,6,2024-01-17T19:06:34.000000Z,2024-11-28T07:49:01.000000Z
7504,168,השלמת משפטים מילולי,9180,A_11666,1,Numeric bullet single choice,פסיכומטרי,5,2024-01-17T19:11:40.000000Z,2025-03-10T16:09:06.000000Z
7505,168,השלמת משפטים מילולי,9181,A_11667,1,Numeric bullet single choice,פסיכומטרי,6,2024-01-17T19:16:48.000000Z,2024-01-17T19:16:48.000000Z
7507,168,השלמת משפטים מילולי,9183,A_11668,1,Numeric bullet single choice,פסיכומטרי,5,2024-01-17T19:26:09.000000Z,2024-01-17T19:26:09.000000Z
7508,168,השלמת משפטים מילולי,9184,A_11669,1,Numeric bullet single choice,פסיכומטרי,5,2024-01-17T19:30:50.000000Z,2024-01-17T19:30:50.000000Z
7509,168,השלמת משפטים מילולי,9185,A_11670,1,Numeric bullet single choice,פסיכומטרי,5,2024-01-17T19:34:51.000000Z,2024-01-17T19:34:51.000000Z
7510,168,השלמת משפטים מילולי,9186,A_11671,1,Numeric bullet single choice,פסיכומטרי,6,2024-01-17T19:38:58.000000Z,2024-12-25T15:40:26.000000Z
7511,168,השלמת משפטים מילולי,9187,A_11672,1,Numeric bullet single choice,פסיכומטרי,5,2024-01-18T04:38:33.000000Z,2024-01-18T04:38:33.000000Z
7512,168,השלמת משפטים מילולי,9188,A_11673,1,Numeric bullet single choice,פסיכומטרי,6,2024-01-18T04:42:08.000000Z,2024-01-18T04:42:08.000000Z
7513,168,השלמת משפטים מילולי,9189,A_11674,1,Numeric bullet single choice,פסיכומטרי,6,2024-01-18T04:46:46.000000Z,2024-01-18T04:46:46.000000Z
7514,168,השלמת משפטים מילולי,9190,A_11675,1,Numeric bullet single choice,פסיכומטרי,6,2024-01-18T04:50:36.000000Z,2024-01-18T04:50:36.000000Z
7515,168,השלמת משפטים מילולי,9191,A_11676,1,Numeric bullet single choice,פסיכומטרי,6,2024-01-18T04:57:17.000000Z,2024-01-18T04:57:17.000000Z
7623,168,השלמת משפטים מילולי,9192,A_11677,1,Numeric bullet single choice,פסיכומטרי,5,2024-01-20T19:44:27.000000Z,2024-01-20T19:44:27.000000Z
7624,168,השלמת משפטים מילולי,9194,A_11678,1,Numeric bullet single choice,פסיכומטרי,7,2024-01-20T20:09:25.000000Z,2024-01-20T20:09:25.000000Z
7625,168,השלמת משפטים מילולי,9195,A_11680,1,Numeric bullet single choice,פסיכומטרי,5,2024-01-20T20:13:42.000000Z,2024-01-20T20:13:42.000000Z
7626,168,השלמת משפטים מילולי,9196,A_11685,1,Numeric bullet single choice,פסיכומטרי,4,2024-01-20T20:20:00.000000Z,2024-01-20T20:20:00.000000Z
7627,168,השלמת משפטים מילולי,9197,A_11686,1,Numeric bullet single choice,פסיכומטרי,5,2024-01-20T20:25:25.000000Z,2024-01-20T20:25:25.000000Z
7628,168,השלמת משפטים מילולי,9198,A_11687,1,Numeric bullet single choice,פסיכומטרי,5,2024-01-20T20:29:11.000000Z,2024-01-20T20:29:11.000000Z
7629,168,השלמת משפטים מילולי,9199,A_11689,1,Numeric bullet single choice,פסיכומטרי,5,2024-01-20T20:32:20.000000Z,2024-01-20T20:32:20.000000Z
7630,168,השלמת משפטים מילולי,9200,A_11691,1,Numeric bullet single choice,פסיכומטרי,4,2024-01-20T20:36:59.000000Z,2024-01-20T20:36:59.000000Z
3413,172,כללים וסידורים,10002,A_11692,1,Numeric bullet single choice,פסיכומטרי,5,2023-11-27T11:16:46.000000Z,2024-02-29T15:55:03.000000Z
3415,172,כללים וסידורים,10003,A_11694,1,Numeric bullet single choice,פסיכומטרי,4,2023-11-27T11:18:58.000000Z,2024-02-29T16:04:01.000000Z
3418,172,כללים וסידורים,10004,A_11695,1,Numeric bullet single choice,פסיכומטרי,9,2023-11-27T11:22:09.000000Z,2024-02-29T16:08:12.000000Z
3420,172,כללים וסידורים,10005,A_11697,1,Numeric bullet single choice,פסיכומטרי,3,2023-11-27T11:24:12.000000Z,2024-02-29T16:12:26.000000Z
3422,172,כללים וסידורים,10007,A_11699,1,Numeric bullet single choice,פסיכומטרי,10,2023-11-27T11:28:42.000000Z,2024-03-02T21:27:41.000000Z
3424,172,כללים וסידורים,10008,A_11700,1,Numeric bullet single choice,פסיכומטרי,10,2023-11-27T11:31:36.000000Z,2023-11-27T11:31:36.000000Z
3427,172,כללים וסידורים,10055,A_11702,1,Image and text,פסיכומטרי,8,2023-11-27T11:35:33.000000Z,2024-02-29T16:34:50.000000Z
3433,172,כללים וסידורים,10056,A_11703,1,Numeric bullet single choice,פסיכומטרי,9,2023-11-27T11:51:25.000000Z,2024-02-29T16:39:50.000000Z
3437,172,כללים וסידורים,10057,A_11704,1,Image and text,פסיכומטרי,8,2023-11-27T12:04:30.000000Z,2024-02-29T16:46:38.000000Z
3442,172,כללים וסידורים,10059,A_11705,1,Image and text,פסיכומטרי,3,2023-11-27T12:23:02.000000Z,2024-02-29T16:50:28.000000Z
3444,172,כללים וסידורים,10060,A_11706,1,Numeric bullet single choice,פסיכומטרי,10,2023-11-27T12:25:42.000000Z,2024-03-02T21:26:20.000000Z
1788,171,שאלות פסקה,11001,A_11707,1,Numeric bullet single choice,פסיכומטרי,10,2023-11-01T14:54:52.000000Z,2023-11-28T10:31:02.000000Z
1790,171,שאלות פסקה,11003,A_11708,1,Numeric bullet single choice,פסיכומטרי,6,2023-11-01T15:28:37.000000Z,2023-11-01T15:28:37.000000Z
1793,171,שאלות פסקה,11007,A_11709,1,Numeric bullet single choice,פסיכומטרי,7,2023-11-01T15:44:06.000000Z,2023-11-01T15:44:06.000000Z
1798,171,שאלות פסקה,11012,A_11710,1,Numeric bullet single choice,פסיכומטרי,6,2023-11-01T15:59:42.000000Z,2023-11-01T15:59:42.000000Z
1808,171,שאלות פסקה,11017,A_11712,1,Numeric bullet single choice,פסיכומטרי,4,2023-11-02T06:27:07.000000Z,2023-11-28T11:09:15.000000Z
1810,171,שאלות פסקה,11018,A_11713,1,Numeric bullet single choice,פסיכומטרי,3,2023-11-02T06:30:09.000000Z,2023-11-30T05:44:21.000000Z
1812,171,שאלות פסקה,11019,A_11714,1,Numeric bullet single choice,פסיכומטרי,7,2023-11-02T06:33:26.000000Z,2023-11-30T05:48:41.000000Z
1813,171,שאלות פסקה,11020,A_11715,1,Numeric bullet single choice,פסיכומטרי,7,2023-11-02T06:36:07.000000Z,2023-11-02T06:36:07.000000Z
1815,171,שאלות פסקה,11021,A_11716,1,Numeric bullet single choice,פסיכומטרי,5,2023-11-02T06:39:33.000000Z,2023-11-30T05:51:03.000000Z
1820,171,שאלות פסקה,11023,A_11717,1,Numeric bullet single choice,פסיכומטרי,8,2023-11-02T07:05:51.000000Z,2023-11-02T07:05:51.000000Z
1821,171,שאלות פסקה,11024,A_11720,1,Numeric bullet single choice,פסיכומטרי,7,2023-11-02T07:17:00.000000Z,2023-11-30T05:57:28.000000Z
1822,171,שאלות פסקה,11025,A_11721,1,Numeric bullet single choice,פסיכומטרי,3,2023-11-02T07:21:45.000000Z,2023-11-30T06:02:39.000000Z
1824,171,שאלות פסקה,11027,A_11722,1,Numeric bullet single choice,פסיכומטרי,4,2023-11-02T07:41:19.000000Z,2023-11-30T06:05:50.000000Z
1825,171,שאלות פסקה,11030,A_11725,1,Numeric bullet single choice,פסיכומטרי,7,2023-11-02T07:50:00.000000Z,2023-11-30T07:11:51.000000Z
1827,171,שאלות פסקה,11032,A_11726,1,Numeric bullet single choice,פסיכומטרי,2,2023-11-02T07:56:08.000000Z,2023-11-30T06:14:54.000000Z
1828,171,שאלות פסקה,11033,A_11727,1,Numeric bullet single choice,פסיכומטרי,3,2023-11-02T08:00:06.000000Z,2023-11-02T08:00:06.000000Z
1887,171,שאלות פסקה,11035,A_11730,1,Numeric bullet single choice,פסיכומטרי,1,2023-11-02T12:21:37.000000Z,2023-11-02T12:21:37.000000Z
1889,171,שאלות פסקה,11037,A_11731,1,Numeric bullet single choice,פסיכומטרי,6,2023-11-02T12:28:34.000000Z,2023-11-02T12:28:34.000000Z
1890,171,שאלות פסקה,11038,A_11732,1,Numeric bullet single choice,פסיכומטרי,7,2023-11-02T12:31:24.000000Z,2023-11-30T06:28:44.000000Z
1895,171,שאלות פסקה,11043,A_11733,1,Numeric bullet single choice,פסיכומטרי,4,2023-11-02T12:44:34.000000Z,2023-11-02T12:44:34.000000Z
2814,198,Sentence Completions,12001,A_11734,1,English layout,פסיכומטרי,3,2023-11-20T15:13:05.000000Z,2023-11-20T15:13:05.000000Z
9632,246,Sentence Completions,12001,A_11735,1,English layout,אמירנט,3,2024-05-19T06:27:13.000000Z,2024-05-19T06:27:13.000000Z
2815,198,Sentence Completions,12002,A_11737,1,English layout,פסיכומטרי,3,2023-11-20T15:17:35.000000Z,2023-11-20T15:17:35.000000Z
9633,246,Sentence Completions,12002,A_11738,1,English layout,אמירנט,3,2024-05-19T06:28:28.000000Z,2024-05-19T06:28:28.000000Z
2816,198,Sentence Completions,12003,A_11739,1,English layout,פסיכומטרי,2,2023-11-20T15:20:47.000000Z,2023-11-20T15:20:47.000000Z
9634,246,Sentence Completions,12003,A_11740,1,English layout,אמירנט,2,2024-05-19T06:29:02.000000Z,2024-05-19T06:29:02.000000Z
9635,246,Sentence Completions,12004,A_11742,1,English layout,אמירנט,4,2024-05-19T06:31:23.000000Z,2024-05-19T06:31:23.000000Z
2818,198,Sentence Completions,12009,A_11744,1,English layout,פסיכומטרי,5,2023-11-20T15:31:35.000000Z,2024-05-19T06:33:06.000000Z
9636,246,Sentence Completions,12009,A_11745,1,English layout,אמירנט,5,2024-05-19T06:33:28.000000Z,2024-05-19T06:33:28.000000Z
2819,198,Sentence Completions,12013,A_11746,1,English layout,פסיכומטרי,6,2023-11-20T15:44:48.000000Z,2024-05-19T06:34:18.000000Z
9637,246,Sentence Completions,12013,A_11760,1,English layout,אמירנט,6,2024-05-19T06:34:07.000000Z,2024-05-19T06:34:07.000000Z
2820,198,Sentence Completions,12014,A_11761,1,English layout,פסיכומטרי,3,2023-11-20T15:47:13.000000Z,2023-11-20T15:47:13.000000Z
9638,246,Sentence Completions,12014,A_11762,1,English layout,אמירנט,3,2024-05-19T06:34:49.000000Z,2024-05-19T06:34:49.000000Z
2821,198,Sentence Completions,12015,A_11763,1,English layout,פסיכומטרי,6,2023-11-20T15:49:52.000000Z,2023-11-20T15:49:52.000000Z
9639,198,Sentence Completions,12015,A_11764,1,English layout,פסיכומטרי,6,2024-05-19T06:35:24.000000Z,2024-05-19T06:35:24.000000Z
2822,198,Sentence Completions,12016,A_11765,1,English layout,פסיכומטרי,8,2023-11-20T15:52:48.000000Z,2023-11-20T15:52:48.000000Z
9640,246,Sentence Completions,12016,A_11766,1,English layout,אמירנט,8,2024-05-19T06:37:44.000000Z,2024-05-19T06:37:44.000000Z
2823,198,Sentence Completions,12017,A_11767,1,English layout,פסיכומטרי,3,2023-11-20T15:56:08.000000Z,2023-11-20T15:56:08.000000Z
9641,246,Sentence Completions,12017,A_11768,1,English layout,אמירנט,3,2024-05-19T06:38:31.000000Z,2024-05-19T06:38:31.000000Z
2824,198,Sentence Completions,12019,A_11769,1,English layout,פסיכומטרי,7,2023-11-20T16:04:12.000000Z,2024-05-19T06:39:20.000000Z
9642,246,Sentence Completions,12019,A_11770,1,English layout,אמירנט,7,2024-05-19T06:39:30.000000Z,2024-05-19T06:39:30.000000Z
2825,198,Sentence Completions,12021,A_11771,1,English layout,פסיכומטרי,5,2023-11-20T16:11:40.000000Z,2023-11-20T16:11:40.000000Z
9643,246,Sentence Completions,12021,A_11772,1,English layout,אמירנט,5,2024-05-19T06:40:01.000000Z,2024-05-19T06:40:01.000000Z
9644,246,Sentence Completions,12022,A_11776,1,English layout,אמירנט,7,2024-05-19T06:41:07.000000Z,2024-05-19T06:41:07.000000Z
2827,198,Sentence Completions,12024,A_11777,1,English layout,פסיכומטרי,7,2023-11-20T16:21:10.000000Z,2024-05-19T06:41:35.000000Z
9645,246,Sentence Completions,12024,A_11778,1,English layout,אמירנט,7,2024-05-19T06:41:52.000000Z,2024-05-19T06:42:14.000000Z
2828,198,Sentence Completions,12025,A_11779,1,English layout,פסיכומטרי,4,2023-11-20T16:23:20.000000Z,2024-05-19T06:42:52.000000Z
9646,246,Sentence Completions,12025,A_11780,1,English layout,אמירנט,4,2024-05-19T06:43:02.000000Z,2024-05-19T06:43:02.000000Z
2829,198,Sentence Completions,12026,A_11781,1,English layout,פסיכומטרי,9,2023-11-20T16:26:47.000000Z,2023-11-20T16:26:47.000000Z
9647,246,Sentence Completions,12026,A_11782,1,English layout,אמירנט,9,2024-05-19T06:43:33.000000Z,2024-05-19T06:43:33.000000Z
2335,200,Restatements,13002,A_11784,1,English layout,פסיכומטרי,7,2023-11-16T12:17:46.000000Z,2023-11-16T12:17:46.000000Z
9689,249,Restatements,13002,A_11785,1,English layout,אמירנט,7,2024-05-19T13:14:20.000000Z,2024-05-19T13:14:20.000000Z
9690,249,Restatements,13003,A_11786,1,English layout,אמירנט,5,2024-05-19T13:15:04.000000Z,2024-05-19T13:15:04.000000Z
2332,200,Restatements,13004,A_11787,1,English layout,פסיכומטרי,5,2023-11-16T12:07:32.000000Z,2023-11-16T12:07:32.000000Z
9691,249,Restatements,13004,A_11789,1,English layout,אמירנט,5,2024-05-19T13:17:14.000000Z,2024-05-19T13:17:14.000000Z
2331,200,Restatements,13005,A_11791,1,English layout,פסיכומטרי,8,2023-11-16T12:05:30.000000Z,2024-05-19T13:17:31.000000Z
9692,249,Restatements,13005,A_11793,1,English layout,אמירנט,8,2024-05-19T13:17:42.000000Z,2024-05-19T13:17:42.000000Z
2330,200,Restatements,13006,A_11794,1,English layout,פסיכומטרי,8,2023-11-16T12:03:29.000000Z,2023-11-16T12:03:29.000000Z
9693,249,Restatements,13006,A_11795,1,English layout,אמירנט,8,2024-05-19T13:18:53.000000Z,2024-05-19T13:18:53.000000Z
2329,200,Restatements,13007,A_11799,1,English layout,פסיכומטרי,7,2023-11-16T12:01:38.000000Z,2023-11-16T12:01:38.000000Z
9694,249,Restatements,13007,A_11800,1,English layout,אמירנט,7,2024-05-19T13:19:22.000000Z,2024-12-22T06:53:53.000000Z
2328,200,Restatements,13008,A_230,1,English layout,פסיכומטרי,3,2023-11-16T11:59:28.000000Z,2023-11-16T11:59:28.000000Z
9696,249,Restatements,13008,A_2931,1,English layout,אמירנט,3,2024-05-19T13:26:18.000000Z,2024-05-19T13:26:18.000000Z
2327,200,Restatements,13009,A_2934,1,English layout,פסיכומטרי,1,2023-11-16T11:57:16.000000Z,2023-11-16T11:57:16.000000Z
9697,249,Restatements,13009,A_2935,1,English layout,אמירנט,1,2024-05-19T13:26:47.000000Z,2024-05-19T13:26:47.000000Z
2326,200,Restatements,13010,A_2941,1,English layout,פסיכומטרי,3,2023-11-16T11:53:00.000000Z,2023-11-16T11:53:00.000000Z
9698,249,Restatements,13010,A_2949,1,English layout,אמירנט,3,2024-05-19T13:27:31.000000Z,2024-05-19T13:27:31.000000Z
2325,200,Restatements,13011,A_9109,1,English layout,פסיכומטרי,10,2023-11-16T11:49:50.000000Z,2023-11-16T11:49:50.000000Z
9699,249,Restatements,13011,A_9110,1,English layout,אמירנט,10,2024-05-19T13:28:41.000000Z,2024-05-19T13:28:41.000000Z
2324,200,Restatements,13012,A_9112,1,English layout,פסיכומטרי,3,2023-11-16T11:46:18.000000Z,2023-11-16T11:46:18.000000Z
9700,249,Restatements,13012,A_9113,1,English layout,אמירנט,3,2024-05-19T13:29:24.000000Z,2024-05-19T13:29:24.000000Z
2323,200,Restatements,13014,A_9114,1,English layout,פסיכומטרי,3,2023-11-16T11:39:12.000000Z,2023-11-16T11:39:12.000000Z
9701,249,Restatements,13014,A_9142,1,English layout,אמירנט,3,2024-05-19T13:30:08.000000Z,2024-12-22T07:17:36.000000Z
2322,200,Restatements,13015,A_9143,1,English layout,פסיכומטרי,7,2023-11-16T11:36:11.000000Z,2023-11-16T11:36:11.000000Z
9702,249,Restatements,13015,A_9144,1,English layout,אמירנט,7,2024-05-19T13:31:35.000000Z,2024-05-19T13:31:35.000000Z
2321,200,Restatements,13016,A_9145,1,English layout,פסיכומטרי,2,2023-11-16T11:31:38.000000Z,2023-11-16T11:31:38.000000Z
9703,249,Restatements,13016,A_9146,1,English layout,אמירנט,2,2024-05-19T13:32:14.000000Z,2024-05-19T13:32:14.000000Z
9704,249,Restatements,13017,A_9147,1,English layout,אמירנט,2,2024-05-19T13:32:44.000000Z,2024-05-19T13:32:44.000000Z
2319,200,Restatements,13018,A_9148,1,English layout,פסיכומטרי,3,2023-11-16T11:25:15.000000Z,2023-11-16T11:25:15.000000Z
9705,249,Restatements,13018,A_9149,1,English layout,אמירנט,3,2024-05-19T13:33:18.000000Z,2024-12-22T07:22:36.000000Z
9706,249,Restatements,13019,A_9150,1,English layout,אמירנט,7,2024-05-19T13:34:47.000000Z,2024-12-22T07:25:20.000000Z
2317,200,Restatements,13020,A_9151,1,English layout,פסיכומטרי,3,2023-11-16T11:18:34.000000Z,2023-11-16T11:18:34.000000Z
9707,249,Restatements,13020,A_9152,1,English layout,אמירנט,3,2024-05-19T13:35:14.000000Z,2024-05-19T13:35:14.000000Z
2309,200,Restatements,13022,A_9153,1,English layout,פסיכומטרי,8,2023-11-16T10:25:48.000000Z,2023-11-16T10:25:48.000000Z
9695,249,Restatements,13022,A_9154,1,English layout,אמירנט,8,2024-05-19T13:25:24.000000Z,2024-05-19T13:25:24.000000Z
1856,67,משוואות,13286,A_9155,1,Numeric bullet single choice,פסיכומטרי,1,2023-11-02T09:12:10.000000Z,2023-11-29T17:39:16.000000Z
1819,116,משולשים,A_0189,A_9156,1,Image and text,פסיכומטרי,3,2023-11-02T06:53:57.000000Z,2023-11-30T08:27:51.000000Z
1843,67,משוואות,A_0267,A_9157,1,Numeric bullet single choice,פסיכומטרי,7,2023-11-02T08:31:05.000000Z,2023-12-03T13:20:16.000000Z
3258,67,משוואות,A_0573,A_9188,1,Numeric bullet single choice,פסיכומטרי,3.5,2023-11-26T11:19:27.000000Z,2024-02-19T09:16:25.000000Z
3181,124,אנליטית,A_10000,A_9190,1,Image and text,פסיכומטרי,3,2023-11-26T07:53:42.000000Z,2024-02-25T07:43:22.000000Z
3182,124,אנליטית,A_10001,A_9191,1,Image and text,פסיכומטרי,3,2023-11-26T07:59:44.000000Z,2023-11-26T07:59:44.000000Z
3303,123,תלת-ממד,A_10002,A_9192,1,Numeric bullet single choice,פסיכומטרי,6.5,2023-11-26T12:09:30.000000Z,2024-02-07T08:58:19.000000Z
3304,123,תלת-ממד,A_10003,A_9193,1,Numeric bullet single choice,פסיכומטרי,6,2023-11-26T12:13:39.000000Z,2023-11-26T12:13:39.000000Z
3306,120,דמיון צורות,A_10004,A_9194,1,Numeric bullet single choice,פסיכומטרי,3,2023-11-26T12:16:38.000000Z,2024-02-07T09:00:30.000000Z
3307,123,תלת-ממד,A_10006,A_9196,1,Image and text,פסיכומטרי,4,2023-11-26T12:19:40.000000Z,2024-02-07T09:03:24.000000Z
3313,123,תלת-ממד,A_10008,A_9197,1,Numeric bullet single choice,פסיכומטרי,8,2023-11-26T12:27:26.000000Z,2024-02-07T09:05:24.000000Z
1236,91,יחס,A_10010,A_9198,1,Numeric bullet single choice,פסיכומטרי,4,2023-10-02T15:23:50.000000Z,2023-10-02T15:27:07.000000Z
1144,91,יחס,A_10011,A_9200,1,Numeric bullet single choice,פסיכומטרי,4,2023-10-01T03:34:21.000000Z,2023-10-01T03:34:21.000000Z
1145,91,יחס,A_10012,A_9201,1,Numeric bullet single choice,פסיכומטרי,5,2023-10-01T03:37:49.000000Z,2023-12-14T07:35:00.000000Z
1146,91,יחס,A_10013,A_9202,1,Numeric bullet single choice,פסיכומטרי,6,2023-10-01T03:41:21.000000Z,2023-10-01T03:41:21.000000Z
1147,89,כלליות 1,A_10014,A_9203,1,Numeric bullet single choice,פסיכומטרי,3,2023-10-01T03:45:06.000000Z,2023-10-01T03:45:06.000000Z
1148,92,אחוזים,A_10015,A_9204,1,Numeric bullet single choice,פסיכומטרי,7,2023-10-01T03:48:21.000000Z,2023-10-01T03:48:21.000000Z
1149,92,אחוזים,A_10016,A_9205,1,Numeric bullet single choice,פסיכומטרי,6,2023-10-01T03:50:37.000000Z,2023-10-01T03:50:37.000000Z
1150,90,כלליות 2,A_10017,A_9206,1,Numeric bullet single choice,פסיכומטרי,5,2023-10-01T03:53:57.000000Z,2023-10-01T03:53:57.000000Z
1151,90,כלליות 2,A_10018,A_9207,1,Numeric bullet single choice,פסיכומטרי,6,2023-10-01T03:57:09.000000Z,2023-10-01T03:57:45.000000Z
1152,90,כלליות 2,A_10019,A_9208,1,Numeric bullet single choice,פסיכומטרי,5,2023-10-01T04:01:43.000000Z,2023-10-01T04:01:43.000000Z
1153,94,תנועה,A_10020,A_9212,1,Image and text,פסיכומטרי,7,2023-10-01T04:05:54.000000Z,2024-02-06T16:20:53.000000Z
1154,94,תנועה,A_10021,A_9213,1,Numeric bullet single choice,פסיכומטרי,8.5,2023-10-01T04:09:54.000000Z,2024-01-11T15:57:24.000000Z
1155,94,תנועה,A_10022,A_9214,1,Numeric bullet single choice,פסיכומטרי,7,2023-10-01T04:12:44.000000Z,2024-01-11T16:05:09.000000Z
1158,95,הספק,A_10025,A_9215,1,Numeric bullet single choice,פסיכומטרי,6.5,2023-10-01T04:26:08.000000Z,2024-01-16T14:44:41.000000Z
1159,91,יחס,A_10026,A_9216,1,Numeric bullet single choice,פסיכומטרי,7,2023-10-01T04:32:14.000000Z,2023-12-14T07:38:51.000000Z
1166,93,ממוצע,A_10027,A_9217,1,Numeric bullet single choice,פסיכומטרי,4.5,2023-10-01T07:39:22.000000Z,2024-01-06T15:12:18.000000Z
1135,93,ממוצע,A_10028,A_9218,1,Numeric bullet single choice,פסיכומטרי,2.5,2023-10-01T03:05:53.000000Z,2024-01-06T15:15:14.000000Z
1136,96,צירופים,A_10029,A_9222,1,Numeric bullet single choice,פסיכומטרי,1.5,2023-10-01T03:08:46.000000Z,2024-01-25T08:07:59.000000Z
1137,96,צירופים,A_10030,A_9223,1,Numeric bullet single choice,פסיכומטרי,8,2023-10-01T03:13:44.000000Z,2024-01-25T08:10:02.000000Z
1138,96,צירופים,A_10031,A_9224,1,Numeric bullet single choice,פסיכומטרי,6.5,2023-10-01T03:16:08.000000Z,2024-01-25T08:14:21.000000Z
1699,96,צירופים,A_10032,A_9225,1,Numeric bullet single choice,פסיכומטרי,8.5,2023-10-31T12:08:55.000000Z,2024-01-25T08:18:18.000000Z
1139,96,צירופים,A_10033,A_9227,1,Numeric bullet single choice,פסיכומטרי,7,2023-10-01T03:17:51.000000Z,2024-01-25T08:19:47.000000Z
1140,96,צירופים,A_10034,A_9228,1,Numeric bullet single choice,פסיכומטרי,3.5,2023-10-01T03:20:38.000000Z,2024-01-25T08:26:14.000000Z
1141,96,צירופים,A_10035,A_9229,1,Numeric bullet single choice,פסיכומטרי,5,2023-10-01T03:23:29.000000Z,2024-01-25T08:29:06.000000Z
1142,97,הסתברות,A_10036,A_9232,1,Numeric bullet single choice,פסיכומטרי,5,2023-10-01T03:27:26.000000Z,2024-02-06T11:11:03.000000Z
1143,97,הסתברות,A_10037,A_9236,1,Numeric bullet single choice,פסיכומטרי,6,2023-10-01T03:29:47.000000Z,2024-02-06T11:09:18.000000Z
1076,97,הסתברות,A_10039,A_9237,1,Numeric bullet single choice,פסיכומטרי,7,2023-09-28T09:56:47.000000Z,2024-02-21T12:25:37.000000Z
1077,97,הסתברות,A_10040,A_9238,1,Numeric bullet single choice,פסיכומטרי,6.5,2023-09-28T10:01:02.000000Z,2024-02-06T11:23:32.000000Z
1078,97,הסתברות,A_10041,A_9240,1,Numeric bullet single choice,פסיכומטרי,9,2023-09-28T10:07:03.000000Z,2024-02-06T11:32:06.000000Z
1082,97,הסתברות,A_10042,A_9243,1,Numeric bullet single choice,פסיכומטרי,7,2023-09-28T10:18:08.000000Z,2024-02-06T11:37:05.000000Z
1085,92,אחוזים,A_10045,A_9244,1,Numeric bullet single choice,פסיכומטרי,6,2023-09-28T10:31:38.000000Z,2023-09-28T10:31:38.000000Z
1087,90,כלליות 2,A_10046,A_9246,1,Numeric bullet single choice,פסיכומטרי,6,2023-09-28T10:36:18.000000Z,2023-09-28T10:36:39.000000Z
1089,90,כלליות 2,A_10047,A_9248,1,Numeric bullet single choice,פסיכומטרי,4,2023-09-28T10:42:09.000000Z,2023-11-27T06:10:51.000000Z
1091,90,כלליות 2,A_10048,A_9250,1,Numeric bullet single choice,פסיכומטרי,3,2023-09-28T10:44:17.000000Z,2023-09-28T10:44:17.000000Z
1094,89,כלליות 1,A_10050,A_9251,1,Numeric bullet single choice,פסיכומטרי,4,2023-09-28T10:55:21.000000Z,2023-09-28T10:56:00.000000Z
1097,89,כלליות 1,A_10052,A_9252,1,Numeric bullet single choice,פסיכומטרי,8.5,2023-09-28T11:05:43.000000Z,2024-01-02T07:58:43.000000Z
1103,90,כלליות 2,A_10053,A_9253,1,Numeric bullet single choice,פסיכומטרי,4,2023-09-28T15:18:32.000000Z,2023-11-27T06:13:30.000000Z
1104,90,כלליות 2,A_10054,A_9256,1,Numeric bullet single choice,פסיכומטרי,8.5,2023-09-28T15:22:03.000000Z,2023-11-27T06:15:06.000000Z
1107,90,כלליות 2,A_10056,A_9257,1,Numeric bullet single choice,פסיכומטרי,5,2023-09-28T15:31:37.000000Z,2023-09-28T15:31:37.000000Z
1108,89,כלליות 1,A_10057,A_9258,1,Numeric bullet single choice,פסיכומטרי,2.5,2023-09-28T15:34:30.000000Z,2024-01-02T08:18:02.000000Z
1109,89,כלליות 1,A_10058,A_9259,1,Numeric bullet single choice,פסיכומטרי,6,2023-09-28T15:43:31.000000Z,2023-12-11T13:29:17.000000Z
1110,89,כלליות 1,A_10059,A_9261,1,Numeric bullet single choice,פסיכומטרי,6,2023-09-28T15:46:22.000000Z,2023-11-28T08:51:55.000000Z
1111,90,כלליות 2,A_10060,A_9262,1,Numeric bullet single choice,פסיכומטרי,7,2023-09-28T15:52:15.000000Z,2023-11-27T06:18:59.000000Z
1112,94,תנועה,A_10061,A_9263,1,Numeric bullet single choice,פסיכומטרי,6,2023-09-28T15:57:58.000000Z,2024-01-11T16:12:00.000000Z
1181,70,התנהגות אלגברית,A_10062,A_9264,1,Numeric bullet single choice,פסיכומטרי,3,2023-10-01T08:39:25.000000Z,2024-01-11T12:28:13.000000Z
1182,70,התנהגות אלגברית,A_10063,A_9265,1,Numeric bullet single choice,פסיכומטרי,1.5,2023-10-01T08:45:41.000000Z,2024-01-11T12:31:38.000000Z
1192,70,התנהגות אלגברית,A_10064,A_9266,1,Numeric bullet single choice,פסיכומטרי,5,2023-10-02T04:36:40.000000Z,2024-01-11T12:44:42.000000Z
1193,71,חיובי שלילי וערך מוחלט,A_10065,A_9269,1,Numeric bullet single choice,פסיכומטרי,5,2023-10-02T04:41:51.000000Z,2024-01-11T12:52:44.000000Z
1194,70,התנהגות אלגברית,A_10066,A_9271,1,Numeric bullet single choice,פסיכומטרי,1,2023-10-02T04:46:51.000000Z,2024-01-11T13:04:26.000000Z
1196,71,חיובי שלילי וערך מוחלט,A_10068,A_9272,1,Numeric bullet single choice,פסיכומטרי,9.5,2023-10-02T04:56:21.000000Z,2024-01-11T13:14:41.000000Z
3870,70,התנהגות אלגברית,A_10069,A_9273,1,Numeric bullet single choice,פסיכומטרי,4,2023-11-30T12:21:10.000000Z,2023-11-30T12:21:10.000000Z
289,70,התנהגות אלגברית,A_10070,A_9274,1,Numeric bullet single choice,פסיכומטרי,6,2023-09-08T13:19:11.000000Z,2024-01-11T13:23:04.000000Z
3871,70,התנהגות אלגברית,A_10071,A_9276,1,Numeric bullet single choice,פסיכומטרי,4,2023-11-30T12:27:19.000000Z,2024-02-22T10:17:21.000000Z
3872,70,התנהגות אלגברית,A_10072,A_9277,1,Numeric bullet single choice,פסיכומטרי,5,2023-11-30T12:32:38.000000Z,2024-02-22T10:19:19.000000Z
3873,70,התנהגות אלגברית,A_10073,A_9278,1,Numeric bullet single choice,פסיכומטרי,5,2023-11-30T12:53:40.000000Z,2023-11-30T12:53:40.000000Z
3875,70,התנהגות אלגברית,A_10075,A_9279,1,Numeric bullet single choice,פסיכומטרי,5,2023-11-30T13:06:00.000000Z,2023-11-30T13:06:00.000000Z
3222,121,פיתגורס,A_10079,A_9280,1,Image and text,פסיכומטרי,2,2023-11-26T10:39:21.000000Z,2023-11-26T10:39:21.000000Z
3329,124,אנליטית,A_10080,A_9281,1,Image and text,פסיכומטרי,7,2023-11-26T14:00:52.000000Z,2024-02-25T07:51:48.000000Z
10345,119,מעגלים,סג - 60 - 17,A_9282,1,Numeric bullet single choice,פסיכומטרי,6,2024-06-15T16:59:48.000000Z,2024-06-15T16:59:48.000000Z
3381,118,מצולעים,A_10083,A_9284,1,Image and text,פסיכומטרי,8,2023-11-27T09:55:10.000000Z,2023-11-27T09:55:10.000000Z
690,119,מעגלים,סח  -  110  -  16,A_9285,1,Image and text,פסיכומטרי,6,2023-09-21T10:37:39.000000Z,2024-01-04T06:39:44.000000Z
694,119,מעגלים,סח  -  111  -  20,A_9287,1,Image and text,פסיכומטרי,6,2023-09-21T11:10:01.000000Z,2024-01-04T06:56:06.000000Z
3384,118,מצולעים,A_10086,A_9288,1,Image and text,פסיכומטרי,10,2023-11-27T10:22:06.000000Z,2023-11-27T10:22:31.000000Z
3388,116,משולשים,A_10087,A_9291,1,Image and text,פסיכומטרי,4,2023-11-27T10:31:43.000000Z,2023-11-27T10:31:43.000000Z
695,119,מעגלים,סח  -  111  -  21,A_9292,1,Image and text,פסיכומטרי,6,2023-09-21T11:19:41.000000Z,2024-01-04T07:06:22.000000Z
3454,118,מצולעים,A_10089,A_9294,1,Image and text,פסיכומטרי,7,2023-11-27T13:13:43.000000Z,2024-02-20T08:25:52.000000Z
3464,117,מרובעים,A_10092,A_9295,1,Image and text,פסיכומטרי,7,2023-11-27T13:44:45.000000Z,2023-11-27T13:44:45.000000Z
3219,121,פיתגורס,A_10094,A_9296,1,Image and text,פסיכומטרי,2,2023-11-26T10:26:52.000000Z,2024-02-17T09:03:23.000000Z
3217,121,פיתגורס,A_10095,A_9297,1,Numeric bullet single choice,פסיכומטרי,6,2023-11-26T10:22:53.000000Z,2024-02-17T09:00:46.000000Z
3215,121,פיתגורס,A_10097,A_9298,1,Image and text,פסיכומטרי,5,2023-11-26T10:17:26.000000Z,2024-02-17T08:59:35.000000Z
3212,121,פיתגורס,A_10098,A_9300,1,Image and text,פסיכומטרי,5,2023-11-26T10:13:09.000000Z,2024-02-17T08:58:22.000000Z
3209,121,פיתגורס,A_10099,A_9301,1,Image and text,פסיכומטרי,4,2023-11-26T10:08:29.000000Z,2024-02-17T08:57:19.000000Z
3208,121,פיתגורס,A_10100,A_9302,1,Image and text,פסיכומטרי,3,2023-11-26T10:04:40.000000Z,2024-02-17T08:55:51.000000Z
3206,121,פיתגורס,A_10101,A_9304,1,Image and text,פסיכומטרי,3,2023-11-26T09:59:24.000000Z,2024-02-17T08:54:51.000000Z
3205,121,פיתגורס,A_10102,A_9305,1,Image and text,פסיכומטרי,3,2023-11-26T09:55:08.000000Z,2024-02-17T08:53:37.000000Z
3203,121,פיתגורס,A_10103,A_9307,1,Image and text,פסיכומטרי,4,2023-11-26T09:47:29.000000Z,2023-11-26T09:47:29.000000Z
3201,121,פיתגורס,A_10104,A_9308,1,Image and text,פסיכומטרי,7.5,2023-11-26T09:40:27.000000Z,2024-02-17T08:50:59.000000Z
3162,121,פיתגורס,A_10105,A_9310,1,Image and text,פסיכומטרי,5,2023-11-25T16:32:37.000000Z,2023-11-25T16:32:37.000000Z
2147,92,אחוזים,A_10106,A_9312,1,Numeric bullet single choice,פסיכומטרי,6,2023-11-14T10:56:20.000000Z,2023-11-14T10:56:20.000000Z
2148,92,אחוזים,A_10107,A_9313,1,Numeric bullet single choice,פסיכומטרי,7,2023-11-14T11:07:13.000000Z,2024-04-10T06:26:09.000000Z
2149,92,אחוזים,A_10109,A_9314,1,Numeric bullet single choice,פסיכומטרי,3,2023-11-14T11:19:50.000000Z,2023-11-14T11:19:50.000000Z
2154,94,תנועה,A_10111,A_9315,1,Numeric bullet single choice,פסיכומטרי,8,2023-11-14T11:45:23.000000Z,2024-01-11T16:20:49.000000Z
2157,91,יחס,A_10114,A_9316,1,Numeric bullet single choice,פסיכומטרי,7,2023-11-14T12:08:03.000000Z,2023-12-14T07:39:46.000000Z
2161,92,אחוזים,A_10117,A_9317,1,Numeric bullet single choice,פסיכומטרי,5,2023-11-14T12:21:42.000000Z,2023-11-14T12:21:42.000000Z
2162,92,אחוזים,A_10118,A_9318,1,Numeric bullet single choice,פסיכומטרי,7,2023-11-14T12:29:54.000000Z,2023-11-14T12:29:54.000000Z
2163,92,אחוזים,A_10119,A_9319,1,Numeric bullet single choice,פסיכומטרי,7,2023-11-14T12:36:43.000000Z,2023-11-14T12:36:43.000000Z
2164,92,אחוזים,A_10121,A_9320,1,Numeric bullet single choice,פסיכומטרי,8,2023-11-14T12:41:58.000000Z,2023-11-14T12:41:58.000000Z
3119,75,אותיות וספרות,A_10124,A_9322,1,Numeric bullet single choice,פסיכומטרי,5,2023-11-25T10:38:18.000000Z,2023-11-25T10:38:18.000000Z
3120,95,הספק,A_10125,A_9323,1,Numeric bullet single choice,פסיכומטרי,6,2023-11-25T10:43:52.000000Z,2023-11-25T10:43:52.000000Z
3121,70,התנהגות אלגברית,A_10126,A_9324,1,Numeric bullet single choice,פסיכומטרי,8.5,2023-11-25T10:51:22.000000Z,2024-02-22T10:10:42.000000Z
3122,73,שלמים,A_10127,A_9325,1,Numeric bullet single choice,פסיכומטרי,6,2023-11-25T11:01:49.000000Z,2024-02-13T11:11:07.000000Z
3123,95,הספק,A_10128,A_9326,1,Numeric bullet single choice,פסיכומטרי,6,2023-11-25T11:13:12.000000Z,2023-11-25T11:13:12.000000Z
3124,90,כלליות 2,A_10129,A_9327,1,Numeric bullet single choice,פסיכומטרי,4,2023-11-25T11:27:30.000000Z,2025-03-05T07:57:26.000000Z
3126,95,הספק,A_10131,A_9328,1,Numeric bullet single choice,פסיכומטרי,7,2023-11-25T11:43:38.000000Z,2023-11-25T11:43:38.000000Z
3127,75,אותיות וספרות,A_10132,A_9329,1,Numeric bullet single choice,פסיכומטרי,5,2023-11-25T11:49:42.000000Z,2023-11-25T11:49:42.000000Z
3128,93,ממוצע,A_10133,A_9330,1,Numeric bullet single choice,פסיכומטרי,5,2023-11-25T11:54:00.000000Z,2024-02-13T11:15:21.000000Z
3129,69,אי-שוויון,A_10134,A_9331,1,Numeric bullet single choice,פסיכומטרי,4,2023-11-25T12:01:30.000000Z,2023-11-25T12:03:34.000000Z
3130,94,תנועה,A_10135,A_9334,1,Numeric bullet single choice,פסיכומטרי,7,2023-11-25T12:10:20.000000Z,2024-02-03T10:37:51.000000Z
3131,73,שלמים,A_10136,A_9335,1,Numeric bullet single choice,פסיכומטרי,5,2023-11-25T12:16:50.000000Z,2024-02-13T11:23:21.000000Z
3133,121,פיתגורס,A_10138,A_9338,1,Numeric bullet single choice,פסיכומטרי,7,2023-11-25T12:26:34.000000Z,2023-11-25T12:26:34.000000Z
3102,75,אותיות וספרות,A_10139,A_9339,1,Numeric bullet single choice,פסיכומטרי,5,2023-11-25T08:20:27.000000Z,2023-11-25T08:20:27.000000Z
3103,75,אותיות וספרות,A_10140,A_9340,1,Numeric bullet single choice,פסיכומטרי,4,2023-11-25T08:29:54.000000Z,2023-11-25T08:29:54.000000Z
3104,71,חיובי שלילי וערך מוחלט,A_10141,A_9341,1,Numeric bullet single choice,פסיכומטרי,3,2023-11-25T08:40:44.000000Z,2023-11-25T08:40:44.000000Z
3105,70,התנהגות אלגברית,A_10142,A_9342,1,Numeric bullet single choice,פסיכומטרי,4,2023-11-25T08:48:20.000000Z,2024-02-22T10:09:04.000000Z
3107,73,שלמים,A_10144,A_9344,1,Numeric bullet single choice,פסיכומטרי,4,2023-11-25T08:58:07.000000Z,2024-02-13T09:57:30.000000Z
3108,89,כלליות 1,A_10145,A_9345,1,Numeric bullet single choice,פסיכומטרי,8,2023-11-25T09:06:38.000000Z,2024-02-21T06:46:20.000000Z
3109,69,אי-שוויון,A_10146,A_9346,1,Numeric bullet single choice,פסיכומטרי,3,2023-11-25T09:15:46.000000Z,2024-02-25T08:17:20.000000Z
3110,69,אי-שוויון,A_10147,A_9347,1,Numeric bullet single choice,פסיכומטרי,2,2023-11-25T09:21:12.000000Z,2023-11-25T09:21:12.000000Z
3111,75,אותיות וספרות,A_10148,A_9348,1,Numeric bullet single choice,פסיכומטרי,5,2023-11-25T09:27:25.000000Z,2023-11-25T09:28:10.000000Z
3113,69,אי-שוויון,A_10151,A_9349,1,Numeric bullet single choice,פסיכומטרי,2,2023-11-25T09:39:09.000000Z,2023-11-25T09:39:52.000000Z
3114,75,אותיות וספרות,A_10152,A_9350,1,Numeric bullet single choice,פסיכומטרי,7.5,2023-11-25T09:43:40.000000Z,2024-02-13T10:15:11.000000Z
3115,122,שטחים,A_10153,A_9351,1,Image and text,פסיכומטרי,6.5,2023-11-25T09:53:20.000000Z,2023-11-25T09:55:54.000000Z
3117,90,כלליות 2,A_10155,A_9352,1,Numeric bullet single choice,פסיכומטרי,4,2023-11-25T10:10:49.000000Z,2023-11-25T10:10:49.000000Z
3274,122,שטחים,A_10206,A_9353,1,Image and text,פסיכומטרי,6,2023-11-26T11:38:19.000000Z,2023-11-26T11:38:19.000000Z
3281,122,שטחים,A_10207,A_9354,1,Image and text,פסיכומטרי,6,2023-11-26T11:45:49.000000Z,2023-11-26T11:45:49.000000Z
3293,122,שטחים,A_10208,A_9355,1,Image and text,פסיכומטרי,5,2023-11-26T11:56:28.000000Z,2023-11-26T11:56:28.000000Z
3308,122,שטחים,A_10211,A_9413,1,Image and text,פסיכומטרי,2.5,2023-11-26T12:19:42.000000Z,2023-11-26T12:19:42.000000Z
3311,122,שטחים,A_10212,A_9415,1,Image and text,פסיכומטרי,5.5,2023-11-26T12:26:25.000000Z,2023-11-26T12:26:25.000000Z
3314,122,שטחים,A_10213,A_9416,1,Image and text,פסיכומטרי,7,2023-11-26T12:34:35.000000Z,2023-11-26T12:34:35.000000Z
3316,122,שטחים,A_10214,A_9417,1,Image and text,פסיכומטרי,5,2023-11-26T12:41:07.000000Z,2023-11-26T12:41:07.000000Z
3318,122,שטחים,A_10216,A_9418,1,Image and text,פסיכומטרי,6,2023-11-26T12:52:38.000000Z,2023-11-26T12:52:38.000000Z
3319,122,שטחים,A_10217,A_9419,1,Image and text,פסיכומטרי,2,2023-11-26T13:01:11.000000Z,2024-02-13T13:44:52.000000Z
3320,122,שטחים,A_10219,A_9421,1,Image and text,פסיכומטרי,7,2023-11-26T13:06:32.000000Z,2023-11-26T13:06:32.000000Z
3321,122,שטחים,A_10220,A_9423,1,Image and text,פסיכומטרי,7,2023-11-26T13:12:21.000000Z,2024-02-13T13:48:33.000000Z
3322,122,שטחים,A_10224,A_9424,1,Image and text,פסיכומטרי,7,2023-11-26T13:17:23.000000Z,2024-02-13T13:49:28.000000Z
3323,122,שטחים,A_10226,A_9425,1,Image and text,פסיכומטרי,7,2023-11-26T13:23:29.000000Z,2023-11-26T13:23:29.000000Z
3324,122,שטחים,A_10228,A_9426,1,Image and text,פסיכומטרי,5,2023-11-26T13:30:35.000000Z,2023-11-26T13:30:35.000000Z
3325,122,שטחים,A_10229,A_9427,1,Image and text,פסיכומטרי,6.5,2023-11-26T13:37:41.000000Z,2023-11-26T13:37:41.000000Z
3326,122,שטחים,A_10235,A_9428,1,Image and text,פסיכומטרי,7,2023-11-26T13:45:40.000000Z,2023-11-26T13:45:40.000000Z
3327,122,שטחים,A_10237,A_9430,1,Image and text,פסיכומטרי,8.5,2023-11-26T13:52:31.000000Z,2023-11-26T13:52:31.000000Z
3328,122,שטחים,A_10238,A_9431,1,Image and text,פסיכומטרי,7,2023-11-26T14:00:17.000000Z,2024-02-13T14:01:29.000000Z
3467,121,פיתגורס,A_10239,A_9432,1,Image and text,פסיכומטרי,9,2023-11-27T14:06:24.000000Z,2024-10-20T08:39:23.000000Z
3469,121,פיתגורס,A_10240,A_9433,1,Image and text,פסיכומטרי,9,2023-11-27T14:16:51.000000Z,2025-01-23T13:11:22.000000Z
3471,116,משולשים,A_10241,A_9434,1,Image and text,פסיכומטרי,7,2023-11-27T14:24:41.000000Z,2023-11-27T14:24:41.000000Z
3475,116,משולשים,A_10242,A_9435,1,Image and text,פסיכומטרי,10,2023-11-27T14:41:21.000000Z,2023-11-27T14:41:21.000000Z
3490,122,שטחים,A_10245,A_9436,1,Image and text,פסיכומטרי,8,2023-11-27T17:11:37.000000Z,2024-02-13T14:13:29.000000Z
3491,122,שטחים,A_10247,A_9437,1,Image and text,פסיכומטרי,7,2023-11-27T17:18:56.000000Z,2023-11-27T17:19:29.000000Z
3492,122,שטחים,A_10248,A_9438,1,Image and text,פסיכומטרי,6.5,2023-11-27T17:26:22.000000Z,2024-02-13T14:20:55.000000Z
3493,122,שטחים,A_10250,A_9439,1,Image and text,פסיכומטרי,9,2023-11-27T17:37:56.000000Z,2024-02-13T14:23:55.000000Z
3494,91,יחס,A_10251,A_9440,1,Image and text,פסיכומטרי,7.5,2023-11-27T17:47:26.000000Z,2024-02-21T13:07:37.000000Z
3159,121,פיתגורס,A_10252,A_9442,1,Image and text,פסיכומטרי,6,2023-11-25T16:25:00.000000Z,2023-11-25T16:25:00.000000Z
3154,121,פיתגורס,A_10253,A_9443,1,Image and text,פסיכומטרי,5,2023-11-25T16:18:50.000000Z,2025-02-06T08:17:48.000000Z
3152,121,פיתגורס,A_10254,A_9445,1,Image and text,פסיכומטרי,8,2023-11-25T16:09:19.000000Z,2023-11-25T16:09:19.000000Z
3144,121,פיתגורס,A_10256,A_9446,1,Numeric bullet single choice,פסיכומטרי,5,2023-11-25T15:37:32.000000Z,2024-02-17T08:36:41.000000Z
3284,120,דמיון צורות,A_10260,A_9447,1,Image and text,פסיכומטרי,7,2023-11-26T11:48:38.000000Z,2024-02-23T10:14:37.000000Z
3253,120,דמיון צורות,A_10262,A_9451,1,Image and text,פסיכומטרי,2.5,2023-11-26T11:15:00.000000Z,2024-02-23T10:09:57.000000Z
3248,120,דמיון צורות,A_10263,סח  -  112  -  24,1,Image and text,פסיכומטרי,5,2023-11-26T11:10:45.000000Z,2024-02-23T10:09:00.000000Z
3237,120,דמיון צורות,A_10265,סח  -  121  -  13,1,Image and text,פסיכומטרי,4.5,2023-11-26T11:00:01.000000Z,2024-02-23T10:05:54.000000Z
3234,120,דמיון צורות,A_10266,סח  - 108  -  12,1,Image and text,פסיכומטרי,5,2023-11-26T10:55:46.000000Z,2023-11-26T12:07:21.000000Z
1758,69,אי-שוויון,A_11585,סח -  107  -  8,1,Numeric bullet single choice,פסיכומטרי,7,2023-11-01T12:50:03.000000Z,2024-01-02T08:42:08.000000Z
1762,70,התנהגות אלגברית,A_11586,A_9459,1,Numeric bullet single choice,פסיכומטרי,4.5,2023-11-01T13:05:18.000000Z,2024-01-11T13:33:51.000000Z
1765,69,אי-שוויון,A_11587,1479,1,Numeric bullet single choice,פסיכומטרי,6,2023-11-01T13:17:36.000000Z,2024-01-02T08:57:44.000000Z
1771,70,התנהגות אלגברית,A_11588,1536,1,Numeric bullet single choice,פסיכומטרי,7,2023-11-01T13:31:42.000000Z,2024-01-02T09:44:31.000000Z
1777,70,התנהגות אלגברית,A_11589,1554,1,Numeric bullet single choice,פסיכומטרי,3,2023-11-01T13:48:26.000000Z,2024-01-02T09:59:25.000000Z
1783,70,התנהגות אלגברית,A_11592,A_9465,1,Numeric bullet single choice,פסיכומטרי,4,2023-11-01T14:17:49.000000Z,2024-01-02T12:31:38.000000Z
2172,200,Restatements,A_11609,3546,1,English layout,פסיכומטרי,6,2023-11-14T14:29:10.000000Z,2024-05-19T13:49:01.000000Z
9708,249,Restatements,A_11609,A_10088,1,English layout,אמירנט,6,2024-05-19T13:49:16.000000Z,2024-05-19T13:49:16.000000Z
9709,249,Restatements,A_11610,A_9455,1,English layout,אמירנט,3,2024-05-20T01:13:14.000000Z,2024-05-20T01:13:14.000000Z
9710,249,Restatements,A_11611,A_9458,1,English layout,אמירנט,3,2024-05-20T01:13:58.000000Z,2024-05-20T01:13:58.000000Z
2187,200,Restatements,A_11612,סח  -  106  -  6,1,English layout,פסיכומטרי,5,2023-11-15T08:49:00.000000Z,2023-11-15T08:49:00.000000Z
9711,249,Restatements,A_11612,סח  -  107  -  7,1,English layout,אמירנט,5,2024-05-20T01:14:42.000000Z,2024-05-20T01:14:42.000000Z
2188,200,Restatements,A_11613,A_9485,1,English layout,פסיכומטרי,6,2023-11-15T08:55:50.000000Z,2024-05-20T01:16:15.000000Z
9712,249,Restatements,A_11613,A_9486,1,English layout,אמירנט,6,2024-05-20T01:16:27.000000Z,2024-05-20T01:16:27.000000Z
9713,249,Restatements,A_11614,A_9487,1,English layout,אמירנט,7,2024-05-20T01:17:19.000000Z,2024-12-22T07:33:54.000000Z
2190,200,Restatements,A_11615,A_9490,1,English layout,פסיכומטרי,7,2023-11-15T09:36:15.000000Z,2024-05-20T01:19:35.000000Z
9714,249,Restatements,A_11615,A_9492,1,English layout,אמירנט,7,2024-05-20T01:19:51.000000Z,2024-12-22T07:35:55.000000Z
2191,200,Restatements,A_11616,A_9493,1,English layout,פסיכומטרי,7,2023-11-15T09:42:32.000000Z,2024-05-20T01:20:37.000000Z
9715,200,Restatements,A_11616,A_9494,1,English layout,פסיכומטרי,7,2024-05-20T01:21:20.000000Z,2024-05-20T01:21:20.000000Z
2198,200,Restatements,A_11617,A_9495,1,English layout,פסיכומטרי,7,2023-11-15T10:31:41.000000Z,2024-05-20T01:22:35.000000Z
9716,249,Restatements,A_11617,A_9496,1,English layout,אמירנט,7,2024-05-20T01:22:47.000000Z,2024-12-22T07:37:01.000000Z
2214,200,Restatements,A_11618,A_9497,1,English layout,פסיכומטרי,7,2023-11-15T11:22:58.000000Z,2024-05-20T01:24:48.000000Z
9717,249,Restatements,A_11618,A_9498,1,English layout,אמירנט,7,2024-05-20T01:24:59.000000Z,2024-05-20T01:24:59.000000Z
9718,249,Restatements,A_11619,A_9501,1,English layout,אמירנט,7,2024-05-20T01:26:11.000000Z,2024-12-22T07:38:54.000000Z
2219,200,Restatements,A_11620,A_9502,1,English layout,פסיכומטרי,3,2023-11-15T11:38:01.000000Z,2024-05-20T01:27:46.000000Z
9719,249,Restatements,A_11620,A_9503,1,English layout,אמירנט,3,2024-05-20T01:27:54.000000Z,2024-12-22T07:40:28.000000Z
9720,249,Restatements,A_11621,A_9504,1,English layout,אמירנט,10,2024-05-20T01:29:41.000000Z,2024-12-22T07:42:18.000000Z
9721,249,Restatements,A_11622,A_9505,1,English layout,אמירנט,5,2024-05-20T01:30:48.000000Z,2024-12-22T07:45:07.000000Z
2226,200,Restatements,A_11623,A_9506,1,English layout,פסיכומטרי,7,2023-11-15T11:56:23.000000Z,2024-05-20T01:31:43.000000Z
9722,249,Restatements,A_11623,A_9507,1,English layout,אמירנט,7,2024-05-20T01:31:52.000000Z,2024-05-20T01:31:52.000000Z
2227,200,Restatements,A_11624,A_9510,1,English layout,פסיכומטרי,9,2023-11-15T12:01:23.000000Z,2024-05-20T01:32:28.000000Z
9723,249,Restatements,A_11624,A_9511,1,English layout,אמירנט,9,2024-05-20T01:32:39.000000Z,2024-05-20T01:32:39.000000Z
3362,92,אחוזים,A_11661,A_9513,1,Numeric bullet single choice,פסיכומטרי,4.5,2023-11-27T08:32:36.000000Z,2024-02-25T13:15:46.000000Z
3369,92,אחוזים,A_11663,A_9517,1,Numeric bullet single choice,פסיכומטרי,2.5,2023-11-27T08:53:13.000000Z,2023-11-27T08:53:13.000000Z
3373,92,אחוזים,A_11665,A_9518,1,Numeric bullet single choice,פסיכומטרי,5.5,2023-11-27T09:10:33.000000Z,2024-02-25T13:29:38.000000Z
3376,92,אחוזים,A_11666,A_9519,1,Numeric bullet single choice,פסיכומטרי,4,2023-11-27T09:17:10.000000Z,2023-11-27T09:17:10.000000Z
3346,91,יחס,A_11667,A_9520,1,Numeric bullet single choice,פסיכומטרי,3,2023-11-27T06:54:44.000000Z,2024-02-21T08:19:00.000000Z
3347,91,יחס,A_11668,A_9521,1,Numeric bullet single choice,פסיכומטרי,2.5,2023-11-27T06:58:32.000000Z,2023-11-27T06:58:32.000000Z
3348,91,יחס,A_11669,A_9522,1,Numeric bullet single choice,פסיכומטרי,5,2023-11-27T07:18:59.000000Z,2023-11-27T07:18:59.000000Z
3350,91,יחס,A_11670,A_9524,1,Numeric bullet single choice,פסיכומטרי,2.5,2023-11-27T07:24:50.000000Z,2023-11-27T07:24:50.000000Z
3358,91,יחס,A_11671,A_9525,1,Numeric bullet single choice,פסיכומטרי,6,2023-11-27T08:17:42.000000Z,2024-02-21T08:28:35.000000Z
1876,91,יחס,A_11672,A_9526,1,Numeric bullet single choice,פסיכומטרי,3.5,2023-11-02T10:48:00.000000Z,2023-12-14T07:44:26.000000Z
2281,93,ממוצע,A_11673,A_9527,1,Numeric bullet single choice,פסיכומטרי,6.5,2023-11-16T08:54:57.000000Z,2024-01-06T15:21:21.000000Z
2282,93,ממוצע,A_11674,A_9528,1,Numeric bullet single choice,פסיכומטרי,8,2023-11-16T08:59:09.000000Z,2023-11-16T08:59:09.000000Z
2284,93,ממוצע,A_11675,A_9529,1,Numeric bullet single choice,פסיכומטרי,7,2023-11-16T09:04:39.000000Z,2024-01-06T15:36:18.000000Z
2288,93,ממוצע,A_11676,A_9530,1,Numeric bullet single choice,פסיכומטרי,6,2023-11-16T09:16:01.000000Z,2024-01-06T15:38:24.000000Z
2291,93,ממוצע,A_11677,A_9531,1,Numeric bullet single choice,פסיכומטרי,3.5,2023-11-16T09:21:03.000000Z,2024-01-06T15:41:06.000000Z
2294,93,ממוצע,A_11678,A_9532,1,Numeric bullet single choice,פסיכומטרי,6,2023-11-16T09:27:19.000000Z,2024-01-06T15:47:51.000000Z
1655,89,כלליות 1,A_11680,A_9533,1,Numeric bullet single choice,פסיכומטרי,4,2023-10-31T05:41:33.000000Z,2023-11-23T08:44:44.000000Z
3557,115,קווים וזוויות,A_11685,A_9534,1,Image and text,פסיכומטרי,4,2023-11-28T08:51:40.000000Z,2023-11-28T08:51:40.000000Z
3561,116,משולשים,A_11686,A_9535,1,Image and text,פסיכומטרי,5,2023-11-28T09:05:05.000000Z,2024-02-18T12:56:16.000000Z
3562,117,מרובעים,A_11687,A_9537,1,Image and text,פסיכומטרי,4,2023-11-28T09:13:18.000000Z,2023-11-28T09:14:26.000000Z
3565,117,מרובעים,A_11689,A_9538,1,Numeric bullet single choice,פסיכומטרי,5,2023-11-28T09:18:18.000000Z,2023-11-28T09:18:18.000000Z
3577,118,מצולעים,A_11691,A_9539,1,Image and text,פסיכומטרי,6.5,2023-11-28T09:57:01.000000Z,2024-02-20T08:34:17.000000Z
3580,118,מצולעים,A_11692,A_9540,1,Image and text,פסיכומטרי,5,2023-11-28T10:05:02.000000Z,2023-11-28T10:05:02.000000Z
3669,116,משולשים,A_11694,A_9541,1,Image and text,פסיכומטרי,5.5,2023-11-29T07:12:51.000000Z,2024-02-18T13:04:50.000000Z
3670,116,משולשים,A_11695,A_9542,1,Numeric bullet single choice,פסיכומטרי,4,2023-11-29T07:16:52.000000Z,2024-06-25T09:59:27.000000Z
3676,117,מרובעים,A_11697,A_9543,1,Image and text,פסיכומטרי,7.5,2023-11-29T07:46:12.000000Z,2024-02-20T07:00:27.000000Z
3678,116,משולשים,A_11699,A_9545,1,Image and text,פסיכומטרי,4,2023-11-29T07:58:01.000000Z,2024-02-21T12:53:50.000000Z
3681,118,מצולעים,A_11700,A_9546,1,Image and text,פסיכומטרי,7,2023-11-29T08:12:28.000000Z,2024-02-20T08:38:23.000000Z
3685,117,מרובעים,A_11702,A_9547,1,Image and text,פסיכומטרי,4,2023-11-29T08:27:46.000000Z,2023-11-29T08:27:46.000000Z
3689,118,מצולעים,A_11703,A_9548,1,Image and text,פסיכומטרי,2,2023-11-29T08:43:10.000000Z,2024-02-20T08:58:15.000000Z
5204,168,השלמת משפטים מילולי,A_11704,A_9549,1,Numeric bullet single choice,פסיכומטרי,6,2023-12-19T09:35:42.000000Z,2024-03-07T10:53:54.000000Z
5213,168,השלמת משפטים מילולי,A_11705,A_9551,1,Numeric bullet single choice,פסיכומטרי,6,2023-12-19T09:48:51.000000Z,2024-03-07T10:56:52.000000Z
5214,168,השלמת משפטים מילולי,A_11706,A_9552,1,Numeric bullet single choice,פסיכומטרי,7,2023-12-19T10:00:13.000000Z,2024-03-07T11:01:56.000000Z
5215,168,השלמת משפטים מילולי,A_11707,A_9553,1,Numeric bullet single choice,פסיכומטרי,4,2023-12-19T10:10:48.000000Z,2024-03-07T11:04:25.000000Z
5216,168,השלמת משפטים מילולי,A_11708,A_9554,1,Numeric bullet single choice,פסיכומטרי,3,2023-12-19T10:17:42.000000Z,2024-03-07T11:07:58.000000Z
5218,168,השלמת משפטים מילולי,A_11709,A_9555,1,Numeric bullet single choice,פסיכומטרי,5,2023-12-19T10:24:20.000000Z,2024-03-07T11:30:38.000000Z
5645,168,השלמת משפטים מילולי,A_11710,A_9556,1,Numeric bullet single choice,פסיכומטרי,4,2023-12-25T12:18:43.000000Z,2024-03-11T09:16:29.000000Z
5655,168,השלמת משפטים מילולי,A_11712,A_9558,1,Numeric bullet single choice,פסיכומטרי,5,2023-12-25T12:36:36.000000Z,2024-03-11T09:52:10.000000Z
5662,168,השלמת משפטים מילולי,A_11713,A_9559,1,Numeric bullet single choice,פסיכומטרי,7,2023-12-25T12:45:17.000000Z,2024-03-11T11:02:56.000000Z
5666,168,השלמת משפטים מילולי,A_11714,A_9560,1,Numeric bullet single choice,פסיכומטרי,9,2023-12-25T12:55:36.000000Z,2024-03-11T11:08:56.000000Z
5669,168,השלמת משפטים מילולי,A_11715,A_9561,1,Numeric bullet single choice,פסיכומטרי,8,2023-12-25T13:02:06.000000Z,2024-03-11T11:17:15.000000Z
5675,168,השלמת משפטים מילולי,A_11716,A_9562,1,Numeric bullet single choice,פסיכומטרי,10,2023-12-25T13:11:19.000000Z,2024-03-11T11:27:50.000000Z
5683,168,השלמת משפטים מילולי,A_11717,A_9563,1,Numeric bullet single choice,פסיכומטרי,6,2023-12-25T13:24:23.000000Z,2024-03-11T11:36:44.000000Z
5706,168,השלמת משפטים מילולי,A_11720,A_9565,1,Numeric bullet single choice,פסיכומטרי,3,2023-12-25T13:57:07.000000Z,2024-03-11T11:53:18.000000Z
5712,168,השלמת משפטים מילולי,A_11721,A_9566,1,Numeric bullet single choice,פסיכומטרי,4,2023-12-25T14:05:49.000000Z,2024-03-11T12:00:09.000000Z
3207,71,חיובי שלילי וערך מוחלט,A_11722,A_9567,1,Numeric bullet single choice,פסיכומטרי,5,2023-11-26T09:59:30.000000Z,2023-11-26T10:00:03.000000Z
3214,67,משוואות,A_11725,A_9568,1,Numeric bullet single choice,פסיכומטרי,2,2023-11-26T10:16:44.000000Z,2023-11-26T10:16:44.000000Z
3339,122,שטחים,A_11726,A_9569,1,Image and text,פסיכומטרי,5,2023-11-27T05:45:13.000000Z,2023-11-27T05:45:13.000000Z
3340,71,חיובי שלילי וערך מוחלט,A_11727,A_9570,1,Numeric bullet single choice,פסיכומטרי,7,2023-11-27T05:58:49.000000Z,2024-02-21T11:50:31.000000Z
3443,67,משוואות,A_11730,A_9571,1,Numeric bullet single choice,פסיכומטרי,3,2023-11-27T12:24:49.000000Z,2024-02-19T09:31:48.000000Z
3447,116,משולשים,A_11731,A_9572,1,Image and text,פסיכומטרי,5,2023-11-27T12:39:06.000000Z,2024-02-18T12:28:43.000000Z
3451,67,משוואות,A_11732,A_9574,1,Numeric bullet single choice,פסיכומטרי,2.5,2023-11-27T13:06:41.000000Z,2024-02-19T09:34:28.000000Z
2166,173,עריכת ניסוי,A_11733,A_9575,1,Numeric bullet single choice,פסיכומטרי,8,2023-11-14T13:42:24.000000Z,2023-12-14T10:10:02.000000Z
3455,67,משוואות,A_11733,A_9576,1,Numeric bullet single choice,פסיכומטרי,2,2023-11-27T13:15:21.000000Z,2024-02-19T09:36:46.000000Z
3462,71,חיובי שלילי וערך מוחלט,A_11734,A_9577,1,Numeric bullet single choice,פסיכומטרי,4.5,2023-11-27T13:42:27.000000Z,2024-02-21T11:44:14.000000Z
3466,89,כלליות 1,A_11735,A_9583,1,Numeric bullet single choice,פסיכומטרי,6,2023-11-27T13:55:45.000000Z,2024-02-21T07:27:25.000000Z
3470,89,כלליות 1,A_11737,A_9585,1,Numeric bullet single choice,פסיכומטרי,3,2023-11-27T14:20:12.000000Z,2024-02-21T07:36:54.000000Z
3342,67,משוואות,A_11738,A_9586,1,Numeric bullet single choice,פסיכומטרי,5,2023-11-27T06:27:24.000000Z,2023-11-27T06:27:24.000000Z
1669,89,כלליות 1,A_11739,A_9587,1,Numeric bullet single choice,פסיכומטרי,2,2023-10-31T06:53:27.000000Z,2023-10-31T06:53:27.000000Z
1670,90,כלליות 2,A_11740,A_9588,1,Numeric bullet single choice,פסיכומטרי,4,2023-10-31T07:08:26.000000Z,2023-11-23T09:06:17.000000Z
1672,89,כלליות 1,A_11742,A_9590,1,Image and text,פסיכומטרי,4,2023-10-31T07:55:51.000000Z,2023-11-23T09:12:02.000000Z
1677,89,כלליות 1,A_11744,A_9775,1,Numeric bullet single choice,פסיכומטרי,3.5,2023-10-31T08:30:44.000000Z,2023-11-23T09:31:54.000000Z
1680,96,צירופים,A_11745,A_9776,1,Numeric bullet single choice,פסיכומטרי,6.5,2023-10-31T08:43:37.000000Z,2024-01-25T08:32:43.000000Z
1682,89,כלליות 1,A_11746,A_9778,1,Numeric bullet single choice,פסיכומטרי,1,2023-10-31T09:09:30.000000Z,2023-11-23T09:32:38.000000Z
5852,168,השלמת משפטים מילולי,A_11760,A_9779,1,Numeric bullet single choice,פסיכומטרי,3,2023-12-26T07:49:37.000000Z,2024-03-11T12:24:05.000000Z
5855,168,השלמת משפטים מילולי,A_11761,A_9780,1,Numeric bullet single choice,פסיכומטרי,3,2023-12-26T07:55:18.000000Z,2024-03-11T12:29:20.000000Z
5863,168,השלמת משפטים מילולי,A_11762,A_9781,1,Numeric bullet single choice,פסיכומטרי,5,2023-12-26T08:01:09.000000Z,2024-03-11T12:33:07.000000Z
5874,168,השלמת משפטים מילולי,A_11763,A_9782,1,Numeric bullet single choice,פסיכומטרי,5,2023-12-26T08:07:16.000000Z,2024-03-11T12:38:24.000000Z
5891,168,השלמת משפטים מילולי,A_11764,A_9784,1,Numeric bullet single choice,פסיכומטרי,6,2023-12-26T08:20:15.000000Z,2024-03-11T12:44:06.000000Z
5897,168,השלמת משפטים מילולי,A_11765,A_9785,1,Numeric bullet single choice,פסיכומטרי,8,2023-12-26T08:28:41.000000Z,2024-03-11T12:54:07.000000Z
6136,168,השלמת משפטים מילולי,A_11766,A_9787,1,Numeric bullet single choice,פסיכומטרי,3,2023-12-26T16:20:40.000000Z,2024-03-28T09:34:48.000000Z
6137,168,השלמת משפטים מילולי,A_11767,A_9788,1,Numeric bullet single choice,פסיכומטרי,5,2023-12-26T16:25:36.000000Z,2024-04-14T06:36:25.000000Z
6138,168,השלמת משפטים מילולי,A_11768,A_9789,1,Numeric bullet single choice,פסיכומטרי,7,2023-12-26T16:29:38.000000Z,2024-04-14T06:53:32.000000Z
6139,168,השלמת משפטים מילולי,A_11769,A_9791,1,Numeric bullet single choice,פסיכומטרי,5,2023-12-26T16:33:24.000000Z,2024-04-14T07:03:14.000000Z
6140,168,השלמת משפטים מילולי,A_11770,A_9792,1,Numeric bullet single choice,פסיכומטרי,6,2023-12-26T16:36:34.000000Z,2024-04-14T07:10:26.000000Z
6141,168,השלמת משפטים מילולי,A_11771,A_9793,1,Numeric bullet single choice,פסיכומטרי,10,2023-12-26T16:43:39.000000Z,2024-04-14T07:35:15.000000Z
2165,173,עריכת ניסוי,A_11772,A_9794,1,Numeric bullet single choice,פסיכומטרי,6,2023-11-14T13:32:18.000000Z,2023-12-14T10:15:26.000000Z
2168,173,עריכת ניסוי,A_11776,A_9797,1,Numeric bullet single choice,פסיכומטרי,4,2023-11-14T14:00:12.000000Z,2023-12-14T10:26:48.000000Z
2169,173,עריכת ניסוי,A_11777,A_9802,1,Numeric bullet single choice,פסיכומטרי,10,2023-11-14T14:09:22.000000Z,2023-11-14T14:09:22.000000Z
2170,173,עריכת ניסוי,A_11778,A_9803,1,Numeric bullet single choice,פסיכומטרי,4,2023-11-14T14:15:17.000000Z,2023-12-14T10:28:29.000000Z
2171,172,כללים וסידורים,A_11779,A_9804,1,Numeric bullet single choice,פסיכומטרי,6,2023-11-14T14:22:43.000000Z,2024-01-08T13:01:28.000000Z
2173,173,עריכת ניסוי,A_11780,A_9805,1,Numeric bullet single choice,פסיכומטרי,5,2023-11-14T14:29:26.000000Z,2023-12-14T10:31:45.000000Z
2174,173,עריכת ניסוי,A_11781,A_9806,1,Numeric bullet single choice,פסיכומטרי,7,2023-11-14T14:37:30.000000Z,2023-12-14T10:34:16.000000Z
2175,173,עריכת ניסוי,A_11782,A_9807,1,Numeric bullet single choice,פסיכומטרי,9,2023-11-14T14:46:36.000000Z,2023-12-14T10:44:17.000000Z
2192,174,משמעות מילולית,A_11784,A_9808,1,Numeric bullet single choice,פסיכומטרי,4,2023-11-15T09:59:18.000000Z,2024-01-16T15:25:36.000000Z
2193,174,משמעות מילולית,A_11785,A_9809,1,Numeric bullet single choice,פסיכומטרי,2,2023-11-15T10:04:19.000000Z,2024-01-16T15:27:58.000000Z
2194,174,משמעות מילולית,A_11786,A_9810,1,Numeric bullet single choice,פסיכומטרי,3,2023-11-15T10:09:35.000000Z,2024-01-16T15:29:52.000000Z
2195,174,משמעות מילולית,A_11787,A_9811,1,Numeric bullet single choice,פסיכומטרי,3,2023-11-15T10:15:29.000000Z,2024-01-16T15:33:44.000000Z
2197,174,משמעות מילולית,A_11789,A_9815,1,Numeric bullet single choice,פסיכומטרי,4,2023-11-15T10:30:01.000000Z,2024-01-16T15:41:17.000000Z
2210,174,משמעות מילולית,A_11791,A_9816,1,Numeric bullet single choice,פסיכומטרי,3,2023-11-15T11:05:13.000000Z,2024-01-16T15:54:24.000000Z
2212,174,משמעות מילולית,A_11793,A_9818,1,Numeric bullet single choice,פסיכומטרי,2,2023-11-15T11:14:42.000000Z,2024-01-16T16:07:58.000000Z
2213,174,משמעות מילולית,A_11794,A_9819,1,Numeric bullet single choice,פסיכומטרי,3,2023-11-15T11:22:33.000000Z,2024-01-16T16:10:47.000000Z
2215,174,משמעות מילולית,A_11795,A_9820,1,Numeric bullet single choice,פסיכומטרי,4,2023-11-15T11:27:07.000000Z,2024-01-16T16:14:26.000000Z
2222,174,משמעות מילולית,A_11799,A_9821,1,Numeric bullet single choice,פסיכומטרי,2,2023-11-15T11:46:47.000000Z,2024-01-16T16:30:07.000000Z
2224,174,משמעות מילולית,A_11800,A_9823,1,Numeric bullet single choice,פסיכומטרי,9,2023-11-15T11:51:46.000000Z,2024-03-20T09:53:59.000000Z
1742,67,משוואות,A_230,A_9824,1,Numeric bullet single choice,פסיכומטרי,7,2023-11-01T11:27:10.000000Z,2023-12-03T13:26:37.000000Z
1743,67,משוואות,A_2931,A_9826,1,Numeric bullet single choice,פסיכומטרי,6,2023-11-01T11:30:41.000000Z,2023-12-03T13:31:56.000000Z
1746,67,משוואות,A_2934,A_9827,1,Numeric bullet single choice,פסיכומטרי,8.5,2023-11-01T11:52:56.000000Z,2023-12-03T13:40:15.000000Z
1747,67,משוואות,A_2935,A_9831,1,Numeric bullet single choice,פסיכומטרי,4.5,2023-11-01T12:00:34.000000Z,2024-11-19T07:08:10.000000Z
1770,67,משוואות,A_2941,A_9836,1,Numeric bullet single choice,פסיכומטרי,8.5,2023-11-01T13:28:11.000000Z,2024-11-10T03:39:29.000000Z
1780,67,משוואות,A_2949,A_9840,1,Numeric bullet single choice,פסיכומטרי,2.5,2023-11-01T14:05:58.000000Z,2023-12-05T06:20:33.000000Z
3510,89,כלליות 1,A_9109,A_9841,1,Numeric bullet single choice,פסיכומטרי,3,2023-11-28T05:08:52.000000Z,2024-02-21T07:38:24.000000Z
3516,116,משולשים,A_9110,A_9843,1,Numeric bullet single choice,פסיכומטרי,3,2023-11-28T05:19:48.000000Z,2023-11-28T05:19:48.000000Z
3517,69,אי-שוויון,A_9112,A_9844,1,Numeric bullet single choice,פסיכומטרי,1,2023-11-28T05:25:18.000000Z,2024-02-25T08:32:28.000000Z
3519,91,יחס,A_9113,A_9847,1,Numeric bullet single choice,פסיכומטרי,3,2023-11-28T05:30:02.000000Z,2023-11-28T05:30:02.000000Z
3521,68,ביטויים,A_9114,A_9848,1,Numeric bullet single choice,פסיכומטרי,5,2023-11-28T05:41:24.000000Z,2024-02-23T11:18:37.000000Z
1654,115,קווים וזוויות,A_9142,A_9849,1,Image and text,פסיכומטרי,1,2023-10-31T05:36:28.000000Z,2023-12-17T12:15:46.000000Z
1656,115,קווים וזוויות,A_9143,A_9850,1,Image and text,פסיכומטרי,1,2023-10-31T05:45:25.000000Z,2023-12-19T11:42:56.000000Z
1657,115,קווים וזוויות,A_9144,A_9851,1,Image and text,פסיכומטרי,1,2023-10-31T05:52:03.000000Z,2023-12-17T12:19:34.000000Z
1658,115,קווים וזוויות,A_9145,A_9853,1,Image and text,פסיכומטרי,1.5,2023-10-31T05:57:34.000000Z,2023-12-17T12:25:09.000000Z
1660,115,קווים וזוויות,A_9146,A_9854,1,Image and text,פסיכומטרי,1,2023-10-31T06:04:25.000000Z,2023-12-17T12:26:37.000000Z
1662,115,קווים וזוויות,A_9147,A_9855,1,Image and text,פסיכומטרי,1,2023-10-31T06:09:36.000000Z,2023-12-17T12:33:52.000000Z
1664,116,משולשים,A_9148,A_9856,1,Image and text,פסיכומטרי,1,2023-10-31T06:15:21.000000Z,2025-03-12T13:14:44.000000Z
1666,115,קווים וזוויות,A_9149,A_9857,1,Image and text,פסיכומטרי,2.5,2023-10-31T06:31:47.000000Z,2023-12-17T13:10:03.000000Z
1667,115,קווים וזוויות,A_9150,A_9858,1,Image and text,פסיכומטרי,1.5,2023-10-31T06:38:32.000000Z,2023-12-17T13:15:24.000000Z
1668,115,קווים וזוויות,A_9151,A_9859,1,Image and text,פסיכומטרי,2,2023-10-31T06:44:18.000000Z,2023-12-17T13:21:02.000000Z
1673,115,קווים וזוויות,A_9152,A_9861,1,Image and text,פסיכומטרי,2.5,2023-10-31T08:11:10.000000Z,2023-12-17T13:52:35.000000Z
1675,115,קווים וזוויות,A_9153,A_9862,1,Image and text,פסיכומטרי,1.5,2023-10-31T08:17:35.000000Z,2023-12-17T13:42:39.000000Z
1676,115,קווים וזוויות,A_9154,A_9863,1,Image and text,פסיכומטרי,3,2023-10-31T08:22:41.000000Z,2023-12-17T13:53:15.000000Z
1678,115,קווים וזוויות,A_9155,A_9864,1,Image and text,פסיכומטרי,3,2023-10-31T08:33:06.000000Z,2023-12-17T14:00:22.000000Z
1679,117,מרובעים,A_9156,A_9865,1,Image and text,פסיכומטרי,3,2023-10-31T08:41:38.000000Z,2024-12-30T10:21:54.000000Z
1681,117,מרובעים,A_9157,A_9866,1,Image and text,פסיכומטרי,4,2023-10-31T08:47:24.000000Z,2024-12-30T10:21:21.000000Z
1818,116,משולשים,A_9188,A_9867,1,Image and text,פסיכומטרי,1.5,2023-11-02T06:48:41.000000Z,2023-11-02T06:48:41.000000Z
1865,116,משולשים,A_9190,A_9868,1,Image and text,פסיכומטרי,1.5,2023-11-02T09:47:04.000000Z,2023-11-30T08:31:12.000000Z
1867,116,משולשים,A_9191,A_9869,1,Image and text,פסיכומטרי,3,2023-11-02T10:01:17.000000Z,2023-11-02T10:01:17.000000Z
1868,116,משולשים,A_9192,A_9870,1,Image and text,פסיכומטרי,4,2023-11-02T10:06:01.000000Z,2023-11-30T08:42:56.000000Z
1869,116,משולשים,A_9193,A_9871,1,Image and text,פסיכומטרי,1,2023-11-02T10:11:51.000000Z,2023-11-02T10:11:51.000000Z
1870,116,משולשים,A_9194,A_9872,1,Image and text,פסיכומטרי,1.5,2023-11-02T10:18:50.000000Z,2023-11-02T10:18:50.000000Z
1872,116,משולשים,A_9196,A_9873,1,Image and text,פסיכומטרי,3.5,2023-11-02T10:33:01.000000Z,2023-11-30T08:53:28.000000Z
1873,116,משולשים,A_9197,A_9874,1,Image and text,פסיכומטרי,3,2023-11-02T10:37:20.000000Z,2023-11-02T10:37:20.000000Z
1874,116,משולשים,A_9198,A_9875,1,Image and text,פסיכומטרי,3,2023-11-02T10:41:05.000000Z,2023-11-02T10:41:05.000000Z
1800,116,משולשים,A_9200,A_9876,1,Image and text,פסיכומטרי,2,2023-11-02T05:53:26.000000Z,2023-11-30T09:00:05.000000Z
1801,116,משולשים,A_9201,A_9877,1,Image and text,פסיכומטרי,5,2023-11-02T06:01:04.000000Z,2023-11-30T09:04:50.000000Z
1802,116,משולשים,A_9202,A_9878,1,Numeric bullet single choice,פסיכומטרי,2,2023-11-02T06:04:45.000000Z,2023-11-02T06:04:45.000000Z
1803,116,משולשים,A_9203,A_9879,1,Image and text,פסיכומטרי,2,2023-11-02T06:08:50.000000Z,2023-11-30T09:07:12.000000Z
1804,116,משולשים,A_9204,A_9880,1,Image and text,פסיכומטרי,2,2023-11-02T06:15:20.000000Z,2023-11-02T06:17:50.000000Z
1807,116,משולשים,A_9205,A_9881,1,Image and text,פסיכומטרי,2.5,2023-11-02T06:23:10.000000Z,2023-11-02T06:23:10.000000Z
1809,116,משולשים,A_9206,A_9883,1,Image and text,פסיכומטרי,2.5,2023-11-02T06:28:26.000000Z,2023-11-02T06:30:17.000000Z
1811,116,משולשים,A_9207,A_9884,1,Image and text,פסיכומטרי,4,2023-11-02T06:33:07.000000Z,2023-11-30T09:13:46.000000Z
1814,116,משולשים,A_9208,A_9885,1,Image and text,פסיכומטרי,2,2023-11-02T06:38:55.000000Z,2023-11-02T06:39:58.000000Z
245,118,מצולעים,A_9212,A_9886,1,Image and text,פסיכומטרי,2,2023-08-28T09:39:09.000000Z,2024-12-30T10:18:06.000000Z
246,116,משולשים,A_9213,A_9887,1,Image and text,פסיכומטרי,4,2023-08-29T08:07:36.000000Z,2023-11-30T09:26:50.000000Z
247,116,משולשים,A_9214,A_9888,1,Image and text,פסיכומטרי,4,2023-08-29T08:12:25.000000Z,2023-11-30T09:28:33.000000Z
248,117,מרובעים,A_9215,A_9889,1,Image and text,פסיכומטרי,1,2023-08-29T08:19:59.000000Z,2023-12-19T10:47:44.000000Z
249,117,מרובעים,A_9216,A_9890,1,Image and text,פסיכומטרי,1,2023-08-29T08:29:20.000000Z,2023-12-19T10:51:12.000000Z
250,117,מרובעים,A_9217,A_9891,1,Image and text,פסיכומטרי,4,2023-08-30T06:31:30.000000Z,2024-06-25T09:58:41.000000Z
1019,117,מרובעים,A_9218,A_9892,1,Image and text,פסיכומטרי,3,2023-09-27T16:28:58.000000Z,2023-12-19T12:36:17.000000Z
1368,67,משוואות,A_9222,A_9893,1,Numeric bullet single choice,פסיכומטרי,1,2023-10-08T04:39:23.000000Z,2023-10-08T04:39:23.000000Z
1717,67,משוואות,A_9223,A_9895,1,Numeric bullet single choice,פסיכומטרי,3,2023-11-01T10:28:45.000000Z,2023-12-05T06:29:30.000000Z
1726,67,משוואות,A_9224,A_9896,1,Numeric bullet single choice,פסיכומטרי,4,2023-11-01T10:48:23.000000Z,2023-12-05T06:42:28.000000Z
1729,67,משוואות,A_9225,A_9897,1,Numeric bullet single choice,פסיכומטרי,1.5,2023-11-01T10:53:45.000000Z,2023-12-05T06:46:13.000000Z
1734,67,משוואות,A_9227,A_9898,1,Numeric bullet single choice,פסיכומטרי,6.5,2023-11-01T11:10:44.000000Z,2023-12-05T07:21:26.000000Z
1737,67,משוואות,A_9228,A_9899,1,Numeric bullet single choice,פסיכומטרי,8,2023-11-01T11:16:44.000000Z,2023-12-05T08:35:59.000000Z
1740,67,משוואות,A_9229,A_9904,1,Numeric bullet single choice,פסיכומטרי,4,2023-11-01T11:23:11.000000Z,2023-12-05T07:46:02.000000Z
1744,67,משוואות,A_9232,A_9905,1,Numeric bullet single choice,פסיכומטרי,9,2023-11-01T11:36:41.000000Z,2023-12-05T07:54:51.000000Z
1748,67,משוואות,A_9236,A_9907,1,Numeric bullet single choice,פסיכומטרי,2.5,2023-11-01T12:02:41.000000Z,2023-12-05T08:18:54.000000Z
1750,67,משוואות,A_9237,A_9909,1,Numeric bullet single choice,פסיכומטרי,7,2023-11-01T12:12:20.000000Z,2023-12-05T08:34:39.000000Z
1752,67,משוואות,A_9238,A_9910,1,Numeric bullet single choice,פסיכומטרי,8.5,2023-11-01T12:19:35.000000Z,2023-12-05T08:57:31.000000Z
1847,67,משוואות,A_9238,A_9911,1,Numeric bullet single choice,פסיכומטרי,6.5,2023-11-02T08:50:41.000000Z,2023-12-05T09:05:49.000000Z
1764,67,משוואות,A_9240,A_9912,1,Numeric bullet single choice,פסיכומטרי,2.5,2023-11-01T13:17:20.000000Z,2023-12-05T09:11:00.000000Z
1775,67,משוואות,A_9243,A_9914,1,Numeric bullet single choice,פסיכומטרי,7,2023-11-01T13:46:14.000000Z,2023-12-05T09:35:16.000000Z
1778,67,משוואות,A_9244,A_9917,1,Numeric bullet single choice,פסיכומטרי,6,2023-11-01T13:56:05.000000Z,2023-12-05T09:46:02.000000Z
1782,67,משוואות,A_9246,A_9918,1,Numeric bullet single choice,פסיכומטרי,5,2023-11-01T14:13:46.000000Z,2023-12-05T09:54:34.000000Z
1785,67,משוואות,A_9248,A_9919,1,Numeric bullet single choice,פסיכומטרי,5.5,2023-11-01T14:29:36.000000Z,2023-12-05T10:16:29.000000Z
1787,67,משוואות,A_9250,A_9920,1,Numeric bullet single choice,פסיכומטרי,6,2023-11-01T14:41:38.000000Z,2023-12-05T10:30:32.000000Z
1722,67,משוואות,A_9251,A_9921,1,Numeric bullet single choice,פסיכומטרי,7,2023-11-01T10:40:02.000000Z,2023-12-05T10:35:53.000000Z
1829,67,משוואות,A_9252,A_9923,1,Numeric bullet single choice,פסיכומטרי,7.5,2023-11-02T08:01:31.000000Z,2023-12-05T11:31:24.000000Z
1830,67,משוואות,A_9253,A_9925,1,Numeric bullet single choice,פסיכומטרי,10,2023-11-02T08:07:18.000000Z,2023-12-05T11:49:18.000000Z
1832,67,משוואות,A_9256,A_9928,1,Numeric bullet single choice,פסיכומטרי,6,2023-11-02T08:13:24.000000Z,2023-12-05T11:56:09.000000Z
1834,67,משוואות,A_9257,A_9929,1,Numeric bullet single choice,פסיכומטרי,6.5,2023-11-02T08:16:52.000000Z,2023-12-05T12:02:56.000000Z
1836,67,משוואות,A_9258,A_9930,1,Numeric bullet single choice,פסיכומטרי,7.5,2023-11-02T08:20:16.000000Z,2023-12-05T12:05:24.000000Z
1838,67,משוואות,A_9259,A_9931,1,Numeric bullet single choice,פסיכומטרי,6,2023-11-02T08:23:29.000000Z,2023-12-05T12:09:04.000000Z
3449,117,מרובעים,A_9261,A_9932,1,Image and text,פסיכומטרי,2,2023-11-27T12:57:26.000000Z,2024-02-19T12:14:44.000000Z
254,117,מרובעים,A_9262,A_9934,1,Image and text,פסיכומטרי,3,2023-09-05T06:27:21.000000Z,2023-12-19T11:00:35.000000Z
1020,117,מרובעים,A_9263,A_9935,1,Image and text,פסיכומטרי,7.5,2023-09-27T16:37:53.000000Z,2023-12-19T12:53:48.000000Z
1021,117,מרובעים,A_9264,A_9936,1,Image and text,פסיכומטרי,4,2023-09-27T16:44:58.000000Z,2023-12-19T13:02:23.000000Z
1023,121,פיתגורס,A_9265,A_9938,1,Image and text,פסיכומטרי,2,2023-09-27T16:48:41.000000Z,2024-12-30T09:46:50.000000Z
1024,121,פיתגורס,A_9266,A_9939,1,Image and text,פסיכומטרי,2.5,2023-09-27T16:53:40.000000Z,2024-12-30T09:46:11.000000Z
1026,117,מרובעים,A_9269,A_9943,1,Image and text,פסיכומטרי,1,2023-09-27T17:03:04.000000Z,2023-12-19T13:25:50.000000Z
1027,117,מרובעים,A_9271,A_9944,1,Image and text,פסיכומטרי,1,2023-09-27T17:07:01.000000Z,2023-12-19T13:31:32.000000Z
3226,121,פיתגורס,A_9272,A_9946,1,Image and text,פסיכומטרי,3,2023-11-26T10:46:57.000000Z,2023-11-26T10:46:57.000000Z
1029,117,מרובעים,A_9273,A_9948,1,Numeric bullet single choice,פסיכומטרי,3.5,2023-09-27T17:11:36.000000Z,2023-12-19T11:14:36.000000Z
1030,117,מרובעים,A_9274,A_9951,1,Image and text,פסיכומטרי,2,2023-09-27T17:16:37.000000Z,2023-12-19T13:35:00.000000Z
1031,117,מרובעים,A_9276,A_9952,1,Image and text,פסיכומטרי,4,2023-09-27T17:24:25.000000Z,2023-12-19T13:38:33.000000Z
1033,117,מרובעים,A_9277,A_9957,1,Numeric bullet single choice,פסיכומטרי,1,2023-09-27T17:32:46.000000Z,2023-12-19T11:16:24.000000Z
1034,117,מרובעים,A_9278,A_9958,1,Image and text,פסיכומטרי,3,2023-09-27T17:36:37.000000Z,2023-09-27T17:36:37.000000Z
1846,67,משוואות,A_9279,A_9959,1,Numeric bullet single choice,פסיכומטרי,2,2023-11-02T08:47:15.000000Z,2023-12-05T12:29:59.000000Z
1035,117,מרובעים,A_9280,A_9960,1,Image and text,פסיכומטרי,4,2023-09-27T17:41:55.000000Z,2023-12-19T13:49:11.000000Z
1036,121,פיתגורס,A_9281,A_9961,1,Numeric bullet single choice,פסיכומטרי,3,2023-09-27T17:48:52.000000Z,2023-12-19T11:21:44.000000Z
1037,117,מרובעים,A_9282,A_9963,1,Image and text,פסיכומטרי,2.5,2023-09-27T17:53:36.000000Z,2023-12-19T13:54:34.000000Z
1070,117,מרובעים,A_9284,A_9964,1,Image and text,פסיכומטרי,6,2023-09-28T09:25:17.000000Z,2023-12-19T14:12:13.000000Z
1071,117,מרובעים,A_9285,A_9965,1,Image and text,פסיכומטרי,2,2023-09-28T09:29:53.000000Z,2023-12-19T14:17:32.000000Z
1848,67,משוואות,A_9287,A_9966,1,Numeric bullet single choice,פסיכומטרי,2,2023-11-02T08:54:04.000000Z,2023-12-05T12:41:13.000000Z
3453,117,מרובעים,A_9288,A_9967,1,Image and text,פסיכומטרי,2,2023-11-27T13:12:39.000000Z,2023-11-27T13:12:39.000000Z
3458,117,מרובעים,A_9291,A_9969,1,Image and text,פסיכומטרי,5,2023-11-27T13:24:14.000000Z,2024-12-30T10:23:58.000000Z
3460,117,מרובעים,A_9292,A_9970,1,Image and text,פסיכומטרי,6,2023-11-27T13:33:05.000000Z,2023-11-27T13:33:05.000000Z
3461,117,מרובעים,A_9294,A_9971,1,Image and text,פסיכומטרי,2,2023-11-27T13:38:00.000000Z,2023-11-27T13:38:00.000000Z
1851,67,משוואות,A_9295,A_9972,1,Numeric bullet single choice,פסיכומטרי,9.5,2023-11-02T09:03:51.000000Z,2023-12-05T12:51:20.000000Z
3463,117,מרובעים,A_9296,A_9974,1,Image and text,פסיכומטרי,4,2023-11-27T13:43:22.000000Z,2023-11-27T13:43:22.000000Z
1854,67,משוואות,A_9297,A_9975,1,Numeric bullet single choice,פסיכומטרי,6.5,2023-11-02T09:08:28.000000Z,2023-12-05T12:58:10.000000Z
3472,117,מרובעים,A_9298,A_9978,1,Image and text,פסיכומטרי,7,2023-11-27T14:25:17.000000Z,2023-11-27T14:25:17.000000Z
3473,117,מרובעים,A_9300,סח  -  107  -  9,1,Image and text,פסיכומטרי,3,2023-11-27T14:30:41.000000Z,2023-11-27T14:30:41.000000Z
1786,67,משוואות,A_9301,A_9980,1,Numeric bullet single choice,פסיכומטרי,2,2023-11-01T14:35:39.000000Z,2023-12-05T13:01:58.000000Z
3474,117,מרובעים,A_9302,A_9981,1,Image and text,פסיכומטרי,4,2023-11-27T14:38:57.000000Z,2024-02-19T14:02:54.000000Z
1251,67,משוואות,A_9304,A_9982,1,Numeric bullet single choice,פסיכומטרי,2,2023-10-04T09:28:43.000000Z,2023-12-05T13:09:32.000000Z
3477,117,מרובעים,A_9305,A_9983,1,Image and text,פסיכומטרי,3,2023-11-27T14:48:56.000000Z,2024-02-19T14:05:04.000000Z
3478,117,מרובעים,A_9307,A_9984,1,Image and text,פסיכומטרי,3,2023-11-27T14:54:53.000000Z,2023-11-27T14:54:53.000000Z
1252,67,משוואות,A_9308,A_9985,1,Numeric bullet single choice,פסיכומטרי,1,2023-10-04T09:31:23.000000Z,2023-12-05T13:16:19.000000Z
3479,117,מרובעים,A_9310,A_9986,1,Image and text,פסיכומטרי,1,2023-11-27T14:59:44.000000Z,2023-11-27T14:59:44.000000Z
1254,67,משוואות,A_9312,A_9988,1,Numeric bullet single choice,פסיכומטרי,1.5,2023-10-04T09:37:46.000000Z,2023-12-05T13:31:37.000000Z
3482,117,מרובעים,A_9313,A_9989,1,Image and text,פסיכומטרי,1,2023-11-27T15:26:30.000000Z,2023-11-27T15:26:30.000000Z
1255,67,משוואות,A_9314,A_9990,1,Numeric bullet single choice,פסיכומטרי,3.5,2023-10-04T09:42:16.000000Z,2023-12-05T13:36:04.000000Z
3483,117,מרובעים,A_9315,A_9991,1,Image and text,פסיכומטרי,5,2023-11-27T15:38:37.000000Z,2023-11-27T15:38:37.000000Z
3484,117,מרובעים,A_9316,A_9993,1,Image and text,פסיכומטרי,3,2023-11-27T15:45:41.000000Z,2023-11-27T15:45:41.000000Z
1278,67,משוואות,A_9317,A_9994,1,Numeric bullet single choice,פסיכומטרי,3.5,2023-10-04T11:39:11.000000Z,2023-12-05T13:40:59.000000Z
1256,67,משוואות,A_9318,A_9996,1,Numeric bullet single choice,פסיכומטרי,2,2023-10-04T09:45:12.000000Z,2023-12-05T13:44:20.000000Z
3485,117,מרובעים,A_9319,A_9997,1,Image and text,פסיכומטרי,5,2023-11-27T15:53:34.000000Z,2023-11-27T15:53:34.000000Z
3486,117,מרובעים,A_9320,A_9998,1,Image and text,פסיכומטרי,3,2023-11-27T15:58:40.000000Z,2023-11-27T15:58:40.000000Z
3487,117,מרובעים,A_9322,A_9999,1,Image and text,פסיכומטרי,5,2023-11-27T16:05:23.000000Z,2024-02-19T14:16:57.000000Z
1198,67,משוואות,A_9323,avram6q1,1,Numeric bullet single choice,פסיכומטרי,2,2023-10-02T05:05:00.000000Z,2023-12-05T13:56:41.000000Z
3488,117,מרובעים,A_9324,avram6q10,1,Image and text,פסיכומטרי,6,2023-11-27T16:11:53.000000Z,2023-11-27T16:11:53.000000Z
3660,117,מרובעים,A_9325,avram6q11,1,Image and text,פסיכומטרי,5,2023-11-29T05:57:01.000000Z,2023-11-29T05:57:01.000000Z
3661,117,מרובעים,A_9326,avram6q12,1,Image and text,פסיכומטרי,3,2023-11-29T06:03:09.000000Z,2023-11-29T06:03:09.000000Z
1199,67,משוואות,A_9327,avram6q2,1,Numeric bullet single choice,פסיכומטרי,3,2023-10-02T05:08:56.000000Z,2023-12-05T14:00:19.000000Z
1200,67,משוואות,A_9328,avram6q3,1,Numeric bullet single choice,פסיכומטרי,2,2023-10-02T05:14:37.000000Z,2023-12-05T14:03:11.000000Z
1201,67,משוואות,A_9329,avram6q4,1,Numeric bullet single choice,פסיכומטרי,4,2023-10-02T05:19:28.000000Z,2023-12-05T14:09:31.000000Z
3662,117,מרובעים,A_9330,avram6q5,1,Image and text,פסיכומטרי,6,2023-11-29T06:12:26.000000Z,2023-11-29T06:12:26.000000Z
3877,67,משוואות,A_9331,avram6q6,1,Numeric bullet single choice,פסיכומטרי,2,2023-11-30T13:31:36.000000Z,2024-02-19T09:43:51.000000Z
3879,67,משוואות,A_9334,avram6q7,1,Numeric bullet single choice,פסיכומטרי,2.5,2023-11-30T13:37:09.000000Z,2024-02-19T09:45:41.000000Z
1281,67,משוואות,A_9335,avram6q8,1,Numeric bullet single choice,פסיכומטרי,4.5,2023-10-04T11:45:15.000000Z,2023-12-05T14:21:16.000000Z
3667,117,מרובעים,A_9338,avram6q9,1,Image and text,פסיכומטרי,4,2023-11-29T07:02:29.000000Z,2023-11-29T07:02:29.000000Z
3897,67,משוואות,A_9339,t0e3q1,1,Numeric bullet single choice,פסיכומטרי,3,2023-11-30T13:50:51.000000Z,2024-02-19T11:49:27.000000Z
1202,67,משוואות,A_9340,t0e3q10,1,Numeric bullet single choice,פסיכומטרי,5,2023-10-02T05:28:07.000000Z,2023-12-05T14:32:28.000000Z
1204,67,משוואות,A_9341,t0e3q11,1,Numeric bullet single choice,פסיכומטרי,6,2023-10-02T05:34:34.000000Z,2023-12-05T14:41:10.000000Z
3668,121,פיתגורס,A_9342,t0e3q12,1,Image and text,פסיכומטרי,4,2023-11-29T07:11:24.000000Z,2024-12-30T09:50:37.000000Z
3671,121,פיתגורס,A_9344,t0e3q2,1,Image and text,פסיכומטרי,1,2023-11-29T07:16:55.000000Z,2024-12-30T09:37:26.000000Z
3673,121,פיתגורס,A_9345,t0e3q3,1,Image and text,פסיכומטרי,4,2023-11-29T07:33:41.000000Z,2024-12-30T09:36:53.000000Z
3674,121,פיתגורס,A_9346,t0e3q4,1,Image and text,פסיכומטרי,5,2023-11-29T07:40:23.000000Z,2023-11-29T07:40:23.000000Z
3675,121,פיתגורס,A_9347,t0e3q5,1,Image and text,פסיכומטרי,4,2023-11-29T07:45:36.000000Z,2024-12-30T09:36:27.000000Z
3677,121,פיתגורס,A_9348,t0e3q6,1,Numeric bullet single choice,פסיכומטרי,5,2023-11-29T07:53:30.000000Z,2023-11-29T07:53:30.000000Z
3679,121,פיתגורס,A_9349,t0e3q7,1,Image and text,פסיכומטרי,6,2023-11-29T08:00:47.000000Z,2023-11-29T08:00:47.000000Z
3680,121,פיתגורס,A_9350,t0e3q8,1,Image and text,פסיכומטרי,3,2023-11-29T08:06:47.000000Z,2024-12-30T09:50:01.000000Z
3682,121,פיתגורס,A_9351,t0e3q9,1,Image and text,פסיכומטרי,4,2023-11-29T08:13:36.000000Z,2024-12-30T09:49:35.000000Z
3684,116,משולשים,A_9352,t10e1q1,1,Image and text,פסיכומטרי,3,2023-11-29T08:19:31.000000Z,2024-02-19T07:20:18.000000Z
3686,121,פיתגורס,A_9353,t10e1q10,1,Image and text,פסיכומטרי,5,2023-11-29T08:28:14.000000Z,2024-12-30T09:49:02.000000Z
3687,121,פיתגורס,A_9354,t10e1q11,1,Image and text,פסיכומטרי,7.5,2023-11-29T08:35:11.000000Z,2024-12-30T09:35:57.000000Z
3688,121,פיתגורס,A_9355,t10e1q12,1,Image and text,פסיכומטרי,6,2023-11-29T08:42:46.000000Z,2025-01-23T13:10:32.000000Z
1283,68,ביטויים,A_9413,t10e1q2,1,Numeric bullet single choice,פסיכומטרי,1,2023-10-04T11:55:09.000000Z,2023-12-21T10:11:24.000000Z
1284,68,ביטויים,A_9415,t10e1q3,1,Numeric bullet single choice,פסיכומטרי,1,2023-10-04T11:57:41.000000Z,2023-12-21T10:12:43.000000Z
3910,68,ביטויים,A_9416,t10e1q4,1,Numeric bullet single choice,פסיכומטרי,2,2023-11-30T13:59:15.000000Z,2023-11-30T13:59:15.000000Z
1257,68,ביטויים,A_9417,t10e1q5,1,Numeric bullet single choice,פסיכומטרי,5,2023-10-04T09:48:04.000000Z,2023-12-21T10:13:33.000000Z
3915,68,ביטויים,A_9418,t10e1q6,1,Numeric bullet single choice,פסיכומטרי,3,2023-11-30T14:02:41.000000Z,2023-11-30T14:02:41.000000Z
1285,68,ביטויים,A_9419,t10e1q7,1,Numeric bullet single choice,פסיכומטרי,2,2023-10-04T11:59:59.000000Z,2023-12-21T10:16:47.000000Z
1258,68,ביטויים,A_9421,t10e1q8,1,Numeric bullet single choice,פסיכומטרי,3,2023-10-04T09:51:09.000000Z,2023-10-04T09:51:09.000000Z
1205,68,ביטויים,A_9423,t10e1q9,1,Numeric bullet single choice,פסיכומטרי,2,2023-10-02T05:39:03.000000Z,2023-10-02T05:39:03.000000Z
3919,68,ביטויים,A_9424,t10e5q1,1,Numeric bullet single choice,פסיכומטרי,3,2023-11-30T14:07:03.000000Z,2024-02-23T11:43:22.000000Z
1259,68,ביטויים,A_9425,t10e5q10,1,Numeric bullet single choice,פסיכומטרי,4,2023-10-04T09:54:44.000000Z,2023-12-22T07:29:15.000000Z
1260,68,ביטויים,A_9426,t10e5q11,1,Numeric bullet single choice,פסיכומטרי,3,2023-10-04T09:57:52.000000Z,2023-10-04T09:57:52.000000Z
1261,68,ביטויים,A_9427,t10e5q12,1,Numeric bullet single choice,פסיכומטרי,2,2023-10-04T10:55:23.000000Z,2023-12-26T06:54:40.000000Z
1206,68,ביטויים,A_9428,t10e5q2,1,Numeric bullet single choice,פסיכומטרי,3,2023-10-02T05:43:47.000000Z,2023-12-26T06:55:58.000000Z
1262,68,ביטויים,A_9430,t10e5q3,1,Numeric bullet single choice,פסיכומטרי,3,2023-10-04T10:59:09.000000Z,2023-10-04T10:59:09.000000Z
1208,68,ביטויים,A_9431,t10e5q4,1,Numeric bullet single choice,פסיכומטרי,2,2023-10-02T05:48:42.000000Z,2023-10-02T05:48:42.000000Z
1288,68,ביטויים,A_9432,t10e5q5,1,Numeric bullet single choice,פסיכומטרי,5,2023-10-04T12:11:22.000000Z,2023-10-04T12:11:22.000000Z
1209,68,ביטויים,A_9433,t10e5q6,1,Numeric bullet single choice,פסיכומטרי,2,2023-10-02T05:55:29.000000Z,2023-12-26T07:38:19.000000Z
1263,68,ביטויים,A_9434,t10e5q7,1,Numeric bullet single choice,פסיכומטרי,3,2023-10-04T11:01:54.000000Z,2023-12-26T07:39:08.000000Z
1289,68,ביטויים,A_9435,t10e5q8,1,Numeric bullet single choice,פסיכומטרי,2,2023-10-04T12:18:08.000000Z,2023-12-26T07:40:08.000000Z
1266,68,ביטויים,A_9436,t10e5q9,1,Numeric bullet single choice,פסיכומטרי,3,2023-10-04T11:05:44.000000Z,2023-12-26T07:41:40.000000Z
1290,68,ביטויים,A_9437,t11e3q1,1,Numeric bullet single choice,פסיכומטרי,3,2023-10-04T12:24:27.000000Z,2023-12-26T07:42:16.000000Z
1242,68,ביטויים,A_9438,t11e3q10,1,Numeric bullet single choice,פסיכומטרי,5,2023-10-04T09:01:36.000000Z,2023-12-26T07:43:16.000000Z
1270,68,ביטויים,A_9439,t11e3q11,1,Numeric bullet single choice,פסיכומטרי,1,2023-10-04T11:19:08.000000Z,2023-10-04T11:19:08.000000Z
1348,68,ביטויים,A_9440,t11e3q12,1,Numeric bullet single choice,פסיכומטרי,1,2023-10-06T08:40:34.000000Z,2023-10-06T08:40:34.000000Z
1271,68,ביטויים,A_9442,t11e3q2,1,Numeric bullet single choice,פסיכומטרי,1,2023-10-04T11:22:44.000000Z,2023-12-26T07:45:58.000000Z
1272,68,ביטויים,A_9443,t11e3q3,1,Numeric bullet single choice,פסיכומטרי,1,2023-10-04T11:26:40.000000Z,2023-12-26T07:46:50.000000Z
1274,68,ביטויים,A_9445,t11e3q4,1,Numeric bullet single choice,פסיכומטרי,2,2023-10-04T11:29:19.000000Z,2023-12-26T07:50:14.000000Z
3923,68,ביטויים,A_9446,t11e3q5,1,Numeric bullet single choice,פסיכומטרי,1.5,2023-11-30T14:16:00.000000Z,2024-02-23T11:45:31.000000Z
1351,68,ביטויים,A_9447,t11e3q6,1,Numeric bullet single choice,פסיכומטרי,3,2023-10-06T09:00:59.000000Z,2023-12-26T07:52:47.000000Z
3928,68,ביטויים,A_9451,t11e3q7,1,Numeric bullet single choice,פסיכומטרי,7.5,2023-11-30T14:22:00.000000Z,2024-02-23T11:48:57.000000Z
710,119,מעגלים,סח  -  112  -  24,t11e3q8,1,Image and text,פסיכומטרי,6,2023-09-22T04:41:14.000000Z,2024-01-04T07:10:28.000000Z
812,119,מעגלים,סח  -  121  -  13,t11e3q9,1,Image and text,פסיכומטרי,6,2023-09-24T07:15:18.000000Z,2024-04-25T08:40:09.000000Z
686,119,מעגלים,סח  - 108  -  12,t11e5q1,1,Image and text,פסיכומטרי,6,2023-09-21T10:07:02.000000Z,2024-01-04T06:09:41.000000Z
681,119,מעגלים,סח -  107  -  8,t11e5q10,1,Image and text,פסיכומטרי,6,2023-09-21T08:05:51.000000Z,2024-01-04T05:55:21.000000Z
3535,119,מעגלים,סח - 320 - 6,t11e5q11,1,Image and text,פסיכומטרי,6,2023-11-28T07:21:05.000000Z,2024-02-22T16:45:02.000000Z
3791,121,פיתגורס,A_9459,t11e5q12,1,Image and text,פסיכומטרי,5,2023-11-30T07:10:49.000000Z,2024-12-30T09:48:30.000000Z
3925,68,ביטויים,A_9459,t11e5q2,1,Numeric bullet single choice,פסיכומטרי,1.5,2023-11-30T14:18:22.000000Z,2023-11-30T14:18:22.000000Z
2731,119,מעגלים,1479,t11e5q3,1,Image and text,פסיכומטרי,5.5,2023-11-20T11:32:29.000000Z,2024-01-02T08:03:00.000000Z
2793,119,מעגלים,1536,t11e5q4,1,Numeric bullet single choice,פסיכומטרי,5,2023-11-20T14:15:01.000000Z,2024-12-30T10:11:56.000000Z
3503,119,מעגלים,1554,t11e5q5,1,Numeric bullet single choice,פסיכומטרי,5,2023-11-28T04:56:56.000000Z,2024-12-30T10:07:04.000000Z
3820,121,פיתגורס,A_9465,t11e5q6,1,Image and text,פסיכומטרי,5,2023-11-30T07:44:31.000000Z,2025-03-04T20:20:57.000000Z
3564,119,מעגלים,3546,t11e5q7,1,Image and text,פסיכומטרי,5,2023-11-28T09:17:35.000000Z,2024-02-22T17:27:06.000000Z
3391,119,מעגלים,A_10088,t11e5q8,1,Image and text,פסיכומטרי,5,2023-11-27T10:37:21.000000Z,2024-02-19T15:07:08.000000Z
3769,119,מעגלים,A_9455,t11e5q9,1,Image and text,פסיכומטרי,5,2023-11-30T06:46:30.000000Z,2024-02-22T17:50:22.000000Z
3780,119,מעגלים,A_9458,t11e8q1,1,Image and text,פסיכומטרי,5,2023-11-30T06:59:24.000000Z,2024-02-26T08:40:23.000000Z
678,119,מעגלים,סח  -  106  -  6,t11e8q10,1,Image and text,פסיכומטרי,5,2023-09-21T07:46:06.000000Z,2024-01-04T05:49:24.000000Z
679,119,מעגלים,סח  -  107  -  7,t11e8q11,1,Image and text,פסיכומטרי,5,2023-09-21T07:53:22.000000Z,2024-01-04T05:52:37.000000Z
1693,68,ביטויים,A_9485,t11e8q12,1,Numeric bullet single choice,פסיכומטרי,4,2023-10-31T11:13:35.000000Z,2023-10-31T11:13:35.000000Z
1683,68,ביטויים,A_9486,t11e8q2,1,Numeric bullet single choice,פסיכומטרי,6,2023-10-31T09:25:03.000000Z,2023-12-26T08:02:01.000000Z
1684,68,ביטויים,A_9487,t11e8q3,1,Numeric bullet single choice,פסיכומטרי,7,2023-10-31T09:33:31.000000Z,2023-12-26T08:06:57.000000Z
1687,68,ביטויים,A_9490,t11e8q4,1,Numeric bullet single choice,פסיכומטרי,7,2023-10-31T10:03:32.000000Z,2023-12-26T08:39:26.000000Z
1689,68,ביטויים,A_9492,t11e8q5,1,Numeric bullet single choice,פסיכומטרי,5,2023-10-31T10:23:11.000000Z,2023-10-31T10:23:11.000000Z
1690,68,ביטויים,A_9493,t11e8q6,1,Numeric bullet single choice,פסיכומטרי,6,2023-10-31T10:32:33.000000Z,2023-12-26T08:42:20.000000Z
1692,68,ביטויים,A_9494,t11e8q7,1,Numeric bullet single choice,פסיכומטרי,5,2023-10-31T10:39:26.000000Z,2023-10-31T10:39:26.000000Z
1292,68,ביטויים,A_9495,t11e8q8,1,Numeric bullet single choice,פסיכומטרי,6,2023-10-04T12:32:16.000000Z,2023-12-26T09:01:06.000000Z
1276,68,ביטויים,A_9496,t11e8q9,1,Numeric bullet single choice,פסיכומטרי,7,2023-10-04T11:33:24.000000Z,2023-12-26T09:03:16.000000Z
1301,69,אי-שוויון,A_9497,t1e3q10,1,Numeric bullet single choice,פסיכומטרי,1,2023-10-05T04:21:01.000000Z,2024-01-02T12:36:19.000000Z
1335,69,אי-שוויון,A_9498,t1e3q11,1,Numeric bullet single choice,פסיכומטרי,2.5,2023-10-06T07:07:37.000000Z,2024-01-02T12:47:26.000000Z
4389,69,אי-שוויון,A_9501,t1e3q2,1,Numeric bullet single choice,פסיכומטרי,2,2023-12-06T05:55:33.000000Z,2023-12-06T05:55:33.000000Z
7264,69,אי-שוויון,A_9502,t1e3q3,1,Numeric bullet single choice,פסיכומטרי,4,2024-01-11T11:58:07.000000Z,2024-01-11T11:58:07.000000Z
1354,69,אי-שוויון,A_9503,t1e3q4,1,Numeric bullet single choice,פסיכומטרי,5,2023-10-06T09:38:39.000000Z,2024-01-02T13:13:22.000000Z
4390,69,אי-שוויון,A_9504,t1e3q5,1,Numeric bullet single choice,פסיכומטרי,1,2023-12-06T06:00:08.000000Z,2024-02-25T08:51:12.000000Z
4391,69,אי-שוויון,A_9505,t1e3q7,1,Numeric bullet single choice,פסיכומטרי,1.5,2023-12-06T06:03:27.000000Z,2024-02-25T08:51:37.000000Z
1355,69,אי-שוויון,A_9506,t1e3q8,1,Numeric bullet single choice,פסיכומטרי,5,2023-10-06T09:44:13.000000Z,2024-01-02T13:19:08.000000Z
1337,69,אי-שוויון,A_9507,t1e3q9,1,Numeric bullet single choice,פסיכומטרי,4.5,2023-10-06T07:22:03.000000Z,2024-01-02T13:23:21.000000Z
1302,69,אי-שוויון,A_9510,t1e6q10,1,Numeric bullet single choice,פסיכומטרי,9.5,2023-10-05T04:24:57.000000Z,2024-01-02T14:10:26.000000Z
1357,69,אי-שוויון,A_9511,t1e6q11,1,Numeric bullet single choice,פסיכומטרי,10,2023-10-06T10:01:49.000000Z,2024-01-02T14:09:41.000000Z
1358,69,אי-שוויון,A_9513,t1e6q12,1,Numeric bullet single choice,פסיכומטרי,1,2023-10-06T10:08:07.000000Z,2023-10-06T10:08:07.000000Z
4392,71,חיובי שלילי וערך מוחלט,A_9517,t1e6q2,1,Numeric bullet single choice,פסיכומטרי,2,2023-12-06T06:07:32.000000Z,2023-12-06T06:07:32.000000Z
1374,71,חיובי שלילי וערך מוחלט,A_9518,t1e6q4,1,Numeric bullet single choice,פסיכומטרי,5,2023-10-08T06:59:06.000000Z,2024-01-27T07:56:01.000000Z
4393,67,משוואות,A_9519,t1e6q5,1,Numeric bullet single choice,פסיכומטרי,3,2023-12-06T06:11:28.000000Z,2023-12-06T06:11:28.000000Z
1375,71,חיובי שלילי וערך מוחלט,A_9520,t1e6q6,1,Numeric bullet single choice,פסיכומטרי,6,2023-10-08T07:13:28.000000Z,2024-01-27T07:58:15.000000Z
4394,67,משוואות,A_9521,t1e6q7,1,Numeric bullet single choice,פסיכומטרי,4,2023-12-06T06:14:27.000000Z,2023-12-06T06:14:27.000000Z
1313,71,חיובי שלילי וערך מוחלט,A_9522,t1e6q9,1,Numeric bullet single choice,פסיכומטרי,4,2023-10-05T08:52:07.000000Z,2023-10-05T08:52:07.000000Z
1381,71,חיובי שלילי וערך מוחלט,A_9524,t2e1q10,1,Numeric bullet single choice,פסיכומטרי,5,2023-10-09T13:25:04.000000Z,2024-01-27T08:02:04.000000Z
1382,71,חיובי שלילי וערך מוחלט,A_9525,t2e2q11,1,Numeric bullet single choice,פסיכומטרי,8,2023-10-09T13:31:16.000000Z,2024-01-11T13:43:57.000000Z
1314,71,חיובי שלילי וערך מוחלט,A_9526,t2e2q12,1,Numeric bullet single choice,פסיכומטרי,5,2023-10-05T08:57:28.000000Z,2024-01-27T08:03:43.000000Z
1896,71,חיובי שלילי וערך מוחלט,A_9527,t2e2q3,1,Numeric bullet single choice,פסיכומטרי,4,2023-11-02T12:51:05.000000Z,2024-01-27T08:04:51.000000Z
4395,71,חיובי שלילי וערך מוחלט,A_9528,t2e2q4,1,Numeric bullet single choice,פסיכומטרי,6,2023-12-06T06:19:59.000000Z,2024-10-22T05:50:12.000000Z
1315,71,חיובי שלילי וערך מוחלט,A_9529,t2e5q3,1,Numeric bullet single choice,פסיכומטרי,5,2023-10-05T09:01:49.000000Z,2023-10-05T09:01:49.000000Z
2150,67,משוואות,A_9530,t2e5q4,1,Numeric bullet single choice,פסיכומטרי,1,2023-11-14T11:27:46.000000Z,2025-03-12T13:14:06.000000Z
4396,68,ביטויים,A_9531,t2e5q5,1,Numeric bullet single choice,פסיכומטרי,3,2023-12-06T06:24:43.000000Z,2023-12-06T06:24:43.000000Z
4397,70,התנהגות אלגברית,A_9532,t3e4q11,1,Numeric bullet single choice,פסיכומטרי,5.5,2023-12-06T06:29:31.000000Z,2024-02-22T10:24:13.000000Z
4398,67,משוואות,A_9533,t3e4q12,1,Numeric bullet single choice,פסיכומטרי,3,2023-12-06T06:33:50.000000Z,2024-02-19T11:54:40.000000Z
2151,67,משוואות,A_9534,t3e4q5,1,Numeric bullet single choice,פסיכומטרי,3,2023-11-14T11:35:56.000000Z,2023-12-05T14:54:30.000000Z
2153,69,אי-שוויון,A_9535,t3e4q8,1,Numeric bullet single choice,פסיכומטרי,3,2023-11-14T11:41:16.000000Z,2024-01-11T13:57:48.000000Z
2155,68,ביטויים,A_9537,t3e5q10,1,Numeric bullet single choice,פסיכומטרי,3.5,2023-11-14T11:46:24.000000Z,2023-12-26T09:04:51.000000Z
2156,67,משוואות,A_9538,t3e5q11,1,Numeric bullet single choice,פסיכומטרי,1,2023-11-14T11:51:02.000000Z,2023-12-05T15:02:29.000000Z
4400,67,משוואות,A_9539,t3e5q12,1,Numeric bullet single choice,פסיכומטרי,3,2023-12-06T06:41:26.000000Z,2023-12-06T06:41:26.000000Z
2158,67,משוואות,A_9540,t3e5q3,1,Numeric bullet single choice,פסיכומטרי,5.5,2023-11-14T12:10:27.000000Z,2023-12-05T15:19:22.000000Z
2160,71,חיובי שלילי וערך מוחלט,A_9541,t3e5q4,1,Numeric bullet single choice,פסיכומטרי,3,2023-11-14T12:18:28.000000Z,2023-11-14T12:18:28.000000Z
3028,71,חיובי שלילי וערך מוחלט,A_9542,t3e5q5,1,Numeric bullet single choice,פסיכומטרי,3.5,2023-11-23T09:40:11.000000Z,2023-11-23T09:40:11.000000Z
4401,70,התנהגות אלגברית,A_9543,t3e5q6,1,Numeric bullet single choice,פסיכומטרי,4,2023-12-06T06:45:07.000000Z,2024-02-22T10:25:33.000000Z
1383,67,משוואות,A_9545,t3e5q9,1,Numeric bullet single choice,פסיכומטרי,1,2023-10-09T13:40:21.000000Z,2023-12-05T15:30:28.000000Z
3030,69,אי-שוויון,A_9546,t4e1q3,1,Numeric bullet single choice,פסיכומטרי,5,2023-11-23T09:44:14.000000Z,2024-02-25T08:12:50.000000Z
4403,71,חיובי שלילי וערך מוחלט,A_9547,t4e1q6,1,Numeric bullet single choice,פסיכומטרי,6,2023-12-06T06:57:11.000000Z,2024-02-22T09:59:11.000000Z
3032,73,שלמים,A_9548,t4e6q2,1,Numeric bullet single choice,פסיכומטרי,5.5,2023-11-23T09:48:28.000000Z,2024-02-13T08:24:32.000000Z
3034,68,ביטויים,A_9549,t4e6q3,1,Numeric bullet single choice,פסיכומטרי,2,2023-11-23T09:54:49.000000Z,2024-02-22T10:36:43.000000Z
3038,68,ביטויים,A_9551,t4e6q8,1,Numeric bullet single choice,פסיכומטרי,1.5,2023-11-23T10:03:21.000000Z,2023-11-23T10:03:21.000000Z
1384,67,משוואות,A_9552,t5e1q3,1,Numeric bullet single choice,פסיכומטרי,4.5,2023-10-09T13:51:04.000000Z,2023-12-05T15:34:07.000000Z
3041,69,אי-שוויון,A_9553,t5e4q7,1,Numeric bullet single choice,פסיכומטרי,2.5,2023-11-23T10:09:38.000000Z,2024-02-25T08:16:01.000000Z
4404,68,ביטויים,A_9554,t5e7q3,1,Numeric bullet single choice,פסיכומטרי,7.5,2023-12-06T07:03:15.000000Z,2024-02-23T11:56:15.000000Z
4405,67,משוואות,A_9555,t5e7q4,1,Numeric bullet single choice,פסיכומטרי,3,2023-12-06T07:41:59.000000Z,2023-12-06T07:41:59.000000Z
3050,68,ביטויים,A_9556,t5e7q7,1,Numeric bullet single choice,פסיכומטרי,2,2023-11-23T15:12:10.000000Z,2023-11-23T15:12:10.000000Z
3232,67,משוואות,A_9558,t5e7q8,1,Numeric bullet single choice,פסיכומטרי,3,2023-11-26T10:55:01.000000Z,2023-11-26T10:55:01.000000Z
4406,68,ביטויים,A_9559,t6e4q12,1,Numeric bullet single choice,פסיכומטרי,4,2023-12-06T07:48:35.000000Z,2024-02-23T11:58:30.000000Z
3236,67,משוואות,A_9560,t6e4q6,1,Numeric bullet single choice,פסיכומטרי,3,2023-11-26T10:59:02.000000Z,2024-02-19T09:06:26.000000Z
4407,67,משוואות,A_9561,t6e8q8,1,Numeric bullet single choice,פסיכומטרי,5,2023-12-06T07:52:59.000000Z,2023-12-06T07:52:59.000000Z
4408,68,ביטויים,A_9562,t6e8q9,1,Numeric bullet single choice,פסיכומטרי,4,2023-12-06T07:58:00.000000Z,2024-02-23T12:00:16.000000Z
3239,67,משוואות,A_9563,t7e2q4,1,Numeric bullet single choice,פסיכומטרי,3,2023-11-26T11:03:18.000000Z,2024-02-19T09:08:57.000000Z
4409,67,משוואות,A_9565,t8e3q12,1,Numeric bullet single choice,פסיכומטרי,4,2023-12-06T08:01:47.000000Z,2023-12-06T08:01:47.000000Z
3243,69,אי-שוויון,A_9566,t8e3q6,1,Numeric bullet single choice,פסיכומטרי,4,2023-11-26T11:07:34.000000Z,2024-02-25T08:21:14.000000Z
4410,67,משוואות,A_9567,t8e3q7,1,Numeric bullet single choice,פסיכומטרי,4,2023-12-06T08:05:30.000000Z,2023-12-06T08:05:30.000000Z
1385,68,ביטויים,A_9568,t8e5q6,1,Numeric bullet single choice,פסיכומטרי,9,2023-10-09T13:58:33.000000Z,2023-12-05T15:38:02.000000Z
1386,67,משוואות,A_9569,t8e5q7,1,Numeric bullet single choice,פסיכומטרי,9,2023-10-09T14:16:02.000000Z,2023-12-05T15:46:57.000000Z
1387,71,חיובי שלילי וערך מוחלט,A_9570,t8e5q8,1,Numeric bullet single choice,פסיכומטרי,4,2023-10-09T14:21:29.000000Z,2023-10-09T14:21:29.000000Z
1388,68,ביטויים,A_9571,test_no_qustion_found_1,1,Numeric bullet single choice,פסיכומטרי,1,2023-10-09T14:29:05.000000Z,2023-12-26T09:09:24.000000Z
3251,67,משוואות,A_9572,test_no_qustion_found_10,1,Numeric bullet single choice,פסיכומטרי,5,2023-11-26T11:14:10.000000Z,2024-02-19T09:14:50.000000Z
1389,69,אי-שוויון,A_9574,test_no_qustion_found_2,1,Numeric bullet single choice,פסיכומטרי,5,2023-10-09T14:36:17.000000Z,2024-01-02T14:35:13.000000Z
2109,91,יחס,A_9575,test_no_qustion_found_3,1,Numeric bullet single choice,פסיכומטרי,4,2023-11-13T15:57:16.000000Z,2023-12-14T07:52:44.000000Z
2110,91,יחס,A_9576,test_no_qustion_found_4,1,Numeric bullet single choice,פסיכומטרי,5,2023-11-13T16:07:10.000000Z,2023-12-14T07:54:28.000000Z
2111,91,יחס,A_9577,test_no_qustion_found_5,1,Numeric bullet single choice,פסיכומטרי,4.5,2023-11-13T16:17:48.000000Z,2023-12-14T07:56:12.000000Z
2265,67,משוואות,A_9583,test_no_qustion_found_6,1,Numeric bullet single choice,פסיכומטרי,3.5,2023-11-16T07:33:22.000000Z,2023-12-05T15:53:47.000000Z
2267,73,שלמים,A_9585,test_no_qustion_found_7,1,Numeric bullet single choice,פסיכומטרי,5.5,2023-11-16T07:45:21.000000Z,2024-01-25T13:17:28.000000Z
2268,69,אי-שוויון,A_9586,test_no_qustion_found_8,1,Numeric bullet single choice,פסיכומטרי,8,2023-11-16T07:48:59.000000Z,2024-01-02T14:45:07.000000Z
2269,73,שלמים,A_9587,test_no_qustion_found_9,1,Numeric bullet single choice,פסיכומטרי,6,2023-11-16T07:56:53.000000Z,2023-11-16T07:56:53.000000Z
2270,89,כלליות 1,A_9588,אח-01-29,1,Numeric bullet single choice,פסיכומטרי,7,2023-11-16T08:05:58.000000Z,2023-11-16T08:05:58.000000Z
2272,91,יחס,A_9590,אל - 100 - 11,1,Numeric bullet single choice,פסיכומטרי,6,2023-11-16T08:16:55.000000Z,2023-12-14T08:03:59.000000Z
4411,68,ביטויים,A_9775,אל - 103 - 20,1,Numeric bullet single choice,פסיכומטרי,2,2023-12-06T08:10:06.000000Z,2023-12-06T08:10:06.000000Z
1390,68,ביטויים,A_9776,אל - 103 - 21,1,Numeric bullet single choice,פסיכומטרי,2,2023-10-09T14:44:13.000000Z,2023-10-09T14:44:13.000000Z
1849,68,ביטויים,A_9778,אל - 103 - 22,1,Numeric bullet single choice,פסיכומטרי,3,2023-11-02T08:59:08.000000Z,2023-12-26T09:14:25.000000Z
1855,68,ביטויים,A_9779,אל - 103 - 23,1,Numeric bullet single choice,פסיכומטרי,2,2023-11-02T09:08:29.000000Z,2023-12-26T09:17:03.000000Z
1857,68,ביטויים,A_9780,אל - 19 - 18,1,Numeric bullet single choice,פסיכומטרי,2,2023-11-02T09:16:03.000000Z,2023-12-26T09:20:33.000000Z
1392,71,חיובי שלילי וערך מוחלט,A_9781,אל - 19 - 19,1,Numeric bullet single choice,פסיכומטרי,4,2023-10-09T14:59:24.000000Z,2023-10-09T14:59:24.000000Z
1859,68,ביטויים,A_9782,אל - 20 - 23,1,Numeric bullet single choice,פסיכומטרי,3,2023-11-02T09:23:08.000000Z,2023-12-26T09:24:15.000000Z
1393,68,ביטויים,A_9784,אל - 22 - 30,1,Numeric bullet single choice,פסיכומטרי,1,2023-10-09T15:07:40.000000Z,2023-12-26T09:32:08.000000Z
1720,68,ביטויים,A_9785,אל - 22 - 31,1,Numeric bullet single choice,פסיכומטרי,4,2023-11-01T10:36:18.000000Z,2023-12-26T09:42:35.000000Z
4413,68,ביטויים,A_9787,אל - 22 - 32,1,Numeric bullet single choice,פסיכומטרי,4,2023-12-06T08:17:34.000000Z,2023-12-06T08:17:34.000000Z
1394,68,ביטויים,A_9788,אל - 22 - 34,1,Numeric bullet single choice,פסיכומטרי,1,2023-10-09T15:20:31.000000Z,2023-12-26T09:49:07.000000Z
1727,71,חיובי שלילי וערך מוחלט,A_9789,אל - 23 - 35,1,Numeric bullet single choice,פסיכומטרי,9,2023-11-01T10:48:42.000000Z,2023-12-26T09:50:57.000000Z
1298,68,ביטויים,A_9791,אל - 23 - 36,1,Numeric bullet single choice,פסיכומטרי,4,2023-10-04T13:07:36.000000Z,2023-12-26T09:55:19.000000Z
1299,68,ביטויים,A_9792,אל - 23 - 37,1,Numeric bullet single choice,פסיכומטרי,5,2023-10-04T13:16:29.000000Z,2023-12-26T09:58:29.000000Z
1395,68,ביטויים,A_9793,אל - 23 - 39,1,Numeric bullet single choice,פסיכומטרי,1,2023-10-09T15:29:49.000000Z,2023-12-26T10:00:22.000000Z
1738,68,ביטויים,A_9794,אל - 24 - 40,1,Numeric bullet single choice,פסיכומטרי,2,2023-11-01T11:17:18.000000Z,2023-12-26T10:08:20.000000Z
1741,68,ביטויים,A_9797,אל - 24 - 41,1,Numeric bullet single choice,פסיכומטרי,6,2023-11-01T11:23:53.000000Z,2023-12-26T10:11:58.000000Z
2050,69,אי-שוויון,A_9802,אל - 24 - 42,1,Numeric bullet single choice,פסיכומטרי,3,2023-11-04T17:40:48.000000Z,2023-12-26T10:24:15.000000Z
1333,68,ביטויים,A_9803,אל - 24 - 43,1,Numeric bullet single choice,פסיכומטרי,5,2023-10-06T06:58:29.000000Z,2023-10-06T06:58:29.000000Z
1396,68,ביטויים,A_9804,אל - 24 - 44,1,Numeric bullet single choice,פסיכומטרי,1,2023-10-09T15:35:57.000000Z,2023-12-26T10:32:27.000000Z
1397,67,משוואות,A_9805,אל - 25 - 47,1,Numeric bullet single choice,פסיכומטרי,1,2023-10-09T15:43:45.000000Z,2023-12-05T15:57:17.000000Z
1398,67,משוואות,A_9806,אל - 25 - 48,1,Numeric bullet single choice,פסיכומטרי,1,2023-10-09T15:51:49.000000Z,2025-03-12T13:14:18.000000Z
3260,67,משוואות,A_9807,אל - 26 - 49,1,Numeric bullet single choice,פסיכומטרי,3.5,2023-11-26T11:23:39.000000Z,2024-02-19T09:17:27.000000Z
1399,68,ביטויים,A_9808,אל - 26 - 50,1,Numeric bullet single choice,פסיכומטרי,2,2023-10-09T16:01:00.000000Z,2023-10-09T16:01:00.000000Z
1334,71,חיובי שלילי וערך מוחלט,A_9809,אל - 26 - 51,1,Numeric bullet single choice,פסיכומטרי,9,2023-10-06T07:02:21.000000Z,2024-10-20T08:37:11.000000Z
3266,67,משוואות,A_9810,אל - 26 - 52,1,Numeric bullet single choice,פסיכומטרי,2,2023-11-26T11:31:03.000000Z,2024-02-19T09:20:14.000000Z
1400,67,משוואות,A_9811,אל - 27 - 53,1,Numeric bullet single choice,פסיכומטרי,3,2023-10-09T16:09:38.000000Z,2023-12-05T16:18:01.000000Z
2043,67,משוואות,A_9815,אל - 27 - 54,1,Numeric bullet single choice,פסיכומטרי,3,2023-11-04T15:04:10.000000Z,2023-12-05T17:53:01.000000Z
2041,67,משוואות,A_9816,אל - 27 - 55,1,Numeric bullet single choice,פסיכומטרי,3.5,2023-11-04T14:59:31.000000Z,2023-12-05T17:49:19.000000Z
2039,69,אי-שוויון,A_9818,אל - 32 - 10,1,Numeric bullet single choice,פסיכומטרי,3,2023-11-04T14:49:29.000000Z,2024-01-02T14:50:25.000000Z
3269,67,משוואות,A_9819,אל - 32 - 11,1,Numeric bullet single choice,פסיכומטרי,4,2023-11-26T11:33:49.000000Z,2024-02-19T09:23:01.000000Z
3273,69,אי-שוויון,A_9820,אל - 32 - 12,1,Numeric bullet single choice,פסיכומטרי,3.5,2023-11-26T11:37:43.000000Z,2024-02-25T08:22:08.000000Z
2037,69,אי-שוויון,A_9821,אל - 32 - 8,1,Numeric bullet single choice,פסיכומטרי,3,2023-11-04T14:45:30.000000Z,2024-01-02T14:54:34.000000Z
2035,67,משוואות,A_9823,אל - 32 - 9,1,Numeric bullet single choice,פסיכומטרי,6.5,2023-11-04T14:40:12.000000Z,2023-12-05T17:36:39.000000Z
2034,67,משוואות,A_9824,אל - 33 - 13,1,Numeric bullet single choice,פסיכומטרי,4,2023-11-04T14:37:57.000000Z,2023-12-05T17:32:07.000000Z
2029,72,פעולות מומצאות,A_9826,אל - 33 - 14,1,Numeric bullet single choice,פסיכומטרי,4,2023-11-04T14:18:00.000000Z,2023-11-04T14:18:00.000000Z
2027,72,פעולות מומצאות,A_9827,אל - 33 - 15,1,Numeric bullet single choice,פסיכומטרי,3,2023-11-04T14:11:39.000000Z,2023-11-04T14:12:11.000000Z
2022,72,פעולות מומצאות,A_9831,אל - 33 - 16,1,Numeric bullet single choice,פסיכומטרי,3,2023-11-04T13:57:27.000000Z,2024-01-28T10:38:54.000000Z
1897,72,פעולות מומצאות,A_9836,אל - 33 - 17,1,Numeric bullet single choice,פסיכומטרי,2,2023-11-02T12:56:49.000000Z,2023-11-02T12:56:49.000000Z
1983,72,פעולות מומצאות,A_9840,אל - 34 - 18,1,Numeric bullet single choice,פסיכומטרי,2,2023-11-04T07:30:23.000000Z,2024-01-28T10:49:49.000000Z
1982,72,פעולות מומצאות,A_9841,אל - 34 - 19,1,Numeric bullet single choice,פסיכומטרי,3,2023-11-04T07:24:06.000000Z,2024-01-28T10:50:56.000000Z
1898,72,פעולות מומצאות,A_9843,אל - 34 - 20,1,Numeric bullet single choice,פסיכומטרי,7,2023-11-02T13:04:18.000000Z,2024-01-28T10:55:32.000000Z
1980,72,פעולות מומצאות,A_9844,אל - 34 - 21,1,Numeric bullet single choice,פסיכומטרי,5,2023-11-04T07:03:27.000000Z,2024-01-28T10:57:28.000000Z
1342,71,חיובי שלילי וערך מוחלט,A_9847,אל - 34 - 22,1,Numeric bullet single choice,פסיכומטרי,8,2023-10-06T07:59:25.000000Z,2024-01-27T08:21:17.000000Z
1339,72,פעולות מומצאות,A_9848,אל - 35 - 23,1,Numeric bullet single choice,פסיכומטרי,8,2023-10-06T07:54:02.000000Z,2024-01-28T11:05:35.000000Z
1754,73,שלמים,A_9849,אל - 35 - 24,1,Numeric bullet single choice,פסיכומטרי,5,2023-11-01T12:34:09.000000Z,2023-11-01T12:34:09.000000Z
1338,73,שלמים,A_9850,אל - 35 - 25,1,Numeric bullet single choice,פסיכומטרי,3,2023-10-06T07:43:38.000000Z,2023-10-06T07:43:38.000000Z
1297,73,שלמים,A_9851,אל - 35 - 26,1,Numeric bullet single choice,פסיכומטרי,5,2023-10-04T12:56:10.000000Z,2024-01-25T13:21:28.000000Z
1755,73,שלמים,A_9853,אל - 35 - 27,1,Numeric bullet single choice,פסיכומטרי,3,2023-11-01T12:37:34.000000Z,2023-11-01T12:37:34.000000Z
1295,73,שלמים,A_9854,אל - 36 - 28,1,Numeric bullet single choice,פסיכומטרי,6,2023-10-04T12:49:38.000000Z,2023-10-04T12:49:38.000000Z
1756,73,שלמים,A_9855,אל - 36 - 29,1,Numeric bullet single choice,פסיכומטרי,8,2023-11-01T12:42:44.000000Z,2023-11-01T12:42:44.000000Z
1294,73,שלמים,A_9856,אל - 36 - 30,1,Numeric bullet single choice,פסיכומטרי,7,2023-10-04T12:46:52.000000Z,2024-01-25T13:52:18.000000Z
1757,73,שלמים,A_9857,אל - 37 - 31,1,Numeric bullet single choice,פסיכומטרי,6,2023-11-01T12:48:05.000000Z,2024-01-25T13:53:40.000000Z
1293,73,שלמים,A_9858,אל - 37 - 32,1,Numeric bullet single choice,פסיכומטרי,4,2023-10-04T12:42:30.000000Z,2023-10-04T12:42:30.000000Z
1282,73,שלמים,A_9859,אל - 40 - 3,1,Numeric bullet single choice,פסיכומטרי,5,2023-10-04T11:50:48.000000Z,2023-10-04T11:50:48.000000Z
1280,73,שלמים,A_9861,אל - 40 - 4,1,Numeric bullet single choice,פסיכומטרי,5,2023-10-04T11:44:54.000000Z,2024-01-25T13:57:00.000000Z
1279,74,חלוקה,A_9862,אל - 40 - 5,1,Numeric bullet single choice,פסיכומטרי,4,2023-10-04T11:42:59.000000Z,2024-01-25T13:57:54.000000Z
1277,73,שלמים,A_9863,אל - 40 - 6,1,Numeric bullet single choice,פסיכומטרי,6,2023-10-04T11:36:32.000000Z,2023-10-04T11:36:32.000000Z
1275,73,שלמים,A_9864,אל - 40 - 7,1,Numeric bullet single choice,פסיכומטרי,6,2023-10-04T11:32:10.000000Z,2024-01-25T14:36:46.000000Z
1273,73,שלמים,A_9865,אל - 41 - 12,1,Numeric bullet single choice,פסיכומטרי,6,2023-10-04T11:27:34.000000Z,2023-10-04T11:27:34.000000Z
1265,73,שלמים,A_9866,אל - 41 - 8,1,Numeric bullet single choice,פסיכומטרי,3,2023-10-04T11:05:33.000000Z,2023-10-04T11:05:33.000000Z
1759,74,חלוקה,A_9867,אל - 41 - 9,1,Numeric bullet single choice,פסיכומטרי,5,2023-11-01T12:54:00.000000Z,2023-11-01T12:54:00.000000Z
1264,74,חלוקה,A_9868,אל - 42 - 13,1,Numeric bullet single choice,פסיכומטרי,5,2023-10-04T11:03:13.000000Z,2023-10-04T11:03:13.000000Z
1760,74,חלוקה,A_9869,אל - 42 - 14,1,Numeric bullet single choice,פסיכומטרי,7.5,2023-11-01T12:58:03.000000Z,2024-01-25T14:32:42.000000Z
1269,74,חלוקה,A_9870,אל - 42 - 15,1,Numeric bullet single choice,פסיכומטרי,5,2023-10-04T11:15:45.000000Z,2023-10-04T11:15:45.000000Z
1761,74,חלוקה,A_9871,אל - 43 - 16,1,Numeric bullet single choice,פסיכומטרי,3,2023-11-01T12:59:49.000000Z,2024-01-25T14:33:17.000000Z
1268,74,חלוקה,A_9872,אל - 43 - 17,1,Numeric bullet single choice,פסיכומטרי,7,2023-10-04T11:12:02.000000Z,2023-10-04T11:13:28.000000Z
1267,74,חלוקה,A_9873,אל - 47 - 10,1,Numeric bullet single choice,פסיכומטרי,7,2023-10-04T11:09:24.000000Z,2023-10-04T11:09:24.000000Z
1763,74,חלוקה,A_9874,אל - 47 - 9,1,Numeric bullet single choice,פסיכומטרי,6,2023-11-01T13:07:11.000000Z,2024-01-25T14:39:14.000000Z
1766,74,חלוקה,A_9875,אל - 48 - 14,1,Numeric bullet single choice,פסיכומטרי,6,2023-11-01T13:19:25.000000Z,2023-11-01T13:19:25.000000Z
1250,73,שלמים,A_9876,אל - 48 - 18,1,Numeric bullet single choice,פסיכומטרי,5,2023-10-04T09:24:10.000000Z,2024-01-25T14:41:47.000000Z
1769,73,שלמים,A_9877,אל - 49 - 20,1,Numeric bullet single choice,פסיכומטרי,6,2023-11-01T13:26:07.000000Z,2024-01-25T14:42:40.000000Z
1249,73,שלמים,A_9878,אל - 55 - 6,1,Numeric bullet single choice,פסיכומטרי,4,2023-10-04T09:21:00.000000Z,2024-01-25T14:44:18.000000Z
1772,74,חלוקה,A_9879,אל - 56 - 15,1,Numeric bullet single choice,פסיכומטרי,7,2023-11-01T13:36:05.000000Z,2024-01-25T14:45:56.000000Z
1248,74,חלוקה,A_9880,אל - 57 - 16,1,Numeric bullet single choice,פסיכומטרי,6,2023-10-04T09:17:43.000000Z,2024-01-27T14:47:35.000000Z
1247,74,חלוקה,A_9881,אל - 57 - 17,1,Numeric bullet single choice,פסיכומטרי,4,2023-10-04T09:15:39.000000Z,2023-10-04T09:15:39.000000Z
1245,74,חלוקה,A_9883,אל - 58 - 22,1,Numeric bullet single choice,פסיכומטרי,4,2023-10-04T09:11:33.000000Z,2023-10-04T09:11:33.000000Z
1774,73,שלמים,A_9884,אל - 72 - 15,1,Numeric bullet single choice,פסיכומטרי,7,2023-11-01T13:41:08.000000Z,2023-11-01T13:41:08.000000Z
1776,73,שלמים,A_9885,אל - 73 - 20,1,Numeric bullet single choice,פסיכומטרי,8,2023-11-01T13:46:39.000000Z,2024-02-21T12:11:41.000000Z
1244,73,שלמים,A_9886,אל - 73 - 21,1,Numeric bullet single choice,פסיכומטרי,5,2023-10-04T09:09:23.000000Z,2024-02-21T12:12:17.000000Z
1243,74,חלוקה,A_9887,אל - 74 - 22,1,Numeric bullet single choice,פסיכומטרי,6,2023-10-04T09:05:08.000000Z,2024-01-27T14:51:19.000000Z
1701,73,שלמים,A_9888,אל - 74 - 25,1,Numeric bullet single choice,פסיכומטרי,4,2023-10-31T12:12:38.000000Z,2023-10-31T12:12:38.000000Z
1080,74,חלוקה,A_9889,אל - 75 - 28,1,Numeric bullet single choice,פסיכומטרי,2,2023-09-28T10:10:30.000000Z,2023-09-28T10:10:30.000000Z
1083,73,שלמים,A_9890,אל - 75 - 29,1,Numeric bullet single choice,פסיכומטרי,6,2023-09-28T10:20:58.000000Z,2023-09-28T10:20:58.000000Z
1360,74,חלוקה,A_9891,אל - 75 - 30,1,Numeric bullet single choice,פסיכומטרי,7,2023-10-07T09:53:04.000000Z,2024-01-27T14:53:46.000000Z
1361,74,חלוקה,A_9892,אל - 75 - 31,1,Numeric bullet single choice,פסיכומטרי,5,2023-10-07T09:55:35.000000Z,2023-10-07T09:55:35.000000Z
1362,68,ביטויים,A_9893,אל - 77 - 36,1,Numeric bullet single choice,פסיכומטרי,6,2023-10-07T10:17:10.000000Z,2023-12-26T10:33:42.000000Z
1364,69,אי-שוויון,A_9895,אל - 92 - 10,1,Numeric bullet single choice,פסיכומטרי,1,2023-10-07T11:09:15.000000Z,2024-01-02T14:56:57.000000Z
1365,67,משוואות,A_9896,אל - 93 - 12,1,Numeric bullet single choice,פסיכומטרי,4,2023-10-08T04:24:01.000000Z,2023-12-05T17:24:11.000000Z
1366,67,משוואות,A_9897,אל - 93 - 13,1,Numeric bullet single choice,פסיכומטרי,4,2023-10-08T04:29:43.000000Z,2023-12-05T17:16:35.000000Z
1367,68,ביטויים,A_9898,אל - 95 - 20,1,Numeric bullet single choice,פסיכומטרי,3,2023-10-08T04:35:25.000000Z,2023-10-08T04:35:25.000000Z
1369,74,חלוקה,A_9899,אל - 95 - 21,1,Numeric bullet single choice,פסיכומטרי,3,2023-10-08T04:42:13.000000Z,2023-10-08T04:42:13.000000Z
1371,67,משוואות,A_9904,אל - 95 - 22,1,Numeric bullet single choice,פסיכומטרי,2.5,2023-10-08T04:58:53.000000Z,2023-12-05T17:13:47.000000Z
1372,68,ביטויים,A_9905,אל - 95 - 23,1,Numeric bullet single choice,פסיכומטרי,4,2023-10-08T05:04:22.000000Z,2023-12-26T10:40:01.000000Z
1373,72,פעולות מומצאות,A_9907,אל- 94 - 19,1,Numeric bullet single choice,פסיכומטרי,5,2023-10-08T05:24:36.000000Z,2023-10-08T05:25:22.000000Z
1340,89,כלליות 1,A_9909,אנ  - 26 - 146,1,Numeric bullet single choice,פסיכומטרי,4,2023-10-06T07:55:34.000000Z,2023-10-06T07:55:34.000000Z
1376,68,ביטויים,A_9910,אנ  - 95- 99,1,Numeric bullet single choice,פסיכומטרי,8,2023-10-09T09:51:26.000000Z,2023-12-26T10:42:06.000000Z
1377,67,משוואות,A_9911,אנ - 10 - 17,1,Numeric bullet single choice,פסיכומטרי,3.5,2023-10-09T09:59:41.000000Z,2023-12-05T17:11:49.000000Z
1378,69,אי-שוויון,A_9912,אנ - 10 - 18,1,Numeric bullet single choice,פסיכומטרי,8,2023-10-09T10:05:15.000000Z,2024-01-02T15:02:30.000000Z
1379,69,אי-שוויון,A_9914,אנ - 10 - 19,1,Numeric bullet single choice,פסיכומטרי,5,2023-10-09T10:11:06.000000Z,2023-12-05T18:20:17.000000Z
1068,89,כלליות 1,A_9917,אנ - 10 - 20,1,Numeric bullet single choice,פסיכומטרי,4,2023-09-28T09:14:11.000000Z,2023-09-28T09:14:11.000000Z
1380,74,חלוקה,A_9918,אנ - 10 - 21,1,Numeric bullet single choice,פסיכומטרי,3,2023-10-09T10:14:41.000000Z,2023-10-09T10:14:41.000000Z
1341,89,כלליות 1,A_9919,אנ - 10 - 22,1,Numeric bullet single choice,פסיכומטרי,4,2023-10-06T07:58:44.000000Z,2023-10-06T07:58:44.000000Z
1167,73,שלמים,A_9920,אנ - 10 - 23,1,Numeric bullet single choice,פסיכומטרי,6,2023-10-01T07:44:53.000000Z,2024-01-25T14:59:31.000000Z
1169,74,חלוקה,A_9921,אנ - 10 - 24,1,Numeric bullet single choice,פסיכומטרי,6,2023-10-01T07:49:23.000000Z,2024-01-27T14:57:33.000000Z
1900,74,חלוקה,A_9923,אנ - 10 - 25,1,Numeric bullet single choice,פסיכומטרי,4,2023-11-02T13:18:10.000000Z,2024-01-25T15:00:42.000000Z
1170,74,חלוקה,A_9925,אנ - 100 - 116,1,Numeric bullet single choice,פסיכומטרי,3,2023-10-01T07:52:48.000000Z,2023-10-01T07:52:48.000000Z
1343,90,כלליות 2,A_9928,אנ - 100 - 117,1,Numeric bullet single choice,פסיכומטרי,4,2023-10-06T08:01:44.000000Z,2023-10-06T08:01:44.000000Z
1074,89,כלליות 1,A_9929,אנ - 100 - 118,1,Numeric bullet single choice,פסיכומטרי,5,2023-09-28T09:44:47.000000Z,2024-12-18T12:43:18.000000Z
1075,90,כלליות 2,A_9930,אנ - 101 -  120,1,Numeric bullet single choice,פסיכומטרי,6,2023-09-28T09:56:16.000000Z,2023-11-27T06:41:43.000000Z
1079,89,כלליות 1,A_9931,אנ - 101 - 119,1,Numeric bullet single choice,פסיכומטרי,3.5,2023-09-28T10:08:03.000000Z,2023-11-28T09:19:32.000000Z
1081,89,כלליות 1,A_9932,אנ - 11 - 26,1,Numeric bullet single choice,פסיכומטרי,3,2023-09-28T10:14:40.000000Z,2023-09-28T10:14:40.000000Z
1090,90,כלליות 2,A_9934,אנ - 11 - 27,1,Numeric bullet single choice,פסיכומטרי,6,2023-09-28T10:43:48.000000Z,2023-09-28T10:44:30.000000Z
1092,91,יחס,A_9935,אנ - 11 - 28,1,Numeric bullet single choice,פסיכומטרי,3,2023-09-28T10:46:42.000000Z,2023-09-28T10:46:42.000000Z
1095,89,כלליות 1,A_9936,אנ - 11 - 29,1,Numeric bullet single choice,פסיכומטרי,6.5,2023-09-28T10:56:11.000000Z,2023-11-28T09:27:33.000000Z
1099,89,כלליות 1,A_9938,אנ - 11 - 30,1,Numeric bullet single choice,פסיכומטרי,3,2023-09-28T11:09:27.000000Z,2023-09-28T11:09:27.000000Z
1100,89,כלליות 1,A_9939,אנ - 11 - 31,1,Numeric bullet single choice,פסיכומטרי,7,2023-09-28T11:27:52.000000Z,2023-11-28T09:32:03.000000Z
1210,90,כלליות 2,A_9943,אנ - 11 - 32,1,Numeric bullet single choice,פסיכומטרי,6,2023-10-02T06:30:15.000000Z,2023-11-28T09:35:07.000000Z
1211,89,כלליות 1,A_9944,אנ - 11 - 33.1,1,Numeric bullet single choice,פסיכומטרי,2.5,2023-10-02T06:33:46.000000Z,2023-11-28T09:37:47.000000Z
1213,89,כלליות 1,A_9946,אנ - 11 - 33.2,1,Numeric bullet single choice,פסיכומטרי,6,2023-10-02T06:53:59.000000Z,2023-10-02T06:53:59.000000Z
1172,75,אותיות וספרות,A_9948,אנ - 115 - 41,1,Numeric bullet single choice,פסיכומטרי,7,2023-10-01T08:01:22.000000Z,2023-12-13T16:40:24.000000Z
1173,73,שלמים,A_9951,אנ - 115 - 42,1,Numeric bullet single choice,פסיכומטרי,4,2023-10-01T08:03:18.000000Z,2023-10-01T08:03:18.000000Z
1175,71,חיובי שלילי וערך מוחלט,A_9952,אנ - 116 - 43,1,Numeric bullet single choice,פסיכומטרי,5,2023-10-01T08:12:03.000000Z,2023-10-01T08:12:41.000000Z
1178,72,פעולות מומצאות,A_9957,אנ - 116 - 44,1,Numeric bullet single choice,פסיכומטרי,2,2023-10-01T08:26:43.000000Z,2024-01-28T11:07:30.000000Z
1229,89,כלליות 1,A_9958,אנ - 116 - 45,1,Numeric bullet single choice,פסיכומטרי,5,2023-10-02T14:49:06.000000Z,2023-10-02T14:55:24.000000Z
1345,89,כלליות 1,A_9959,אנ - 117 - 46,1,Numeric bullet single choice,פסיכומטרי,7,2023-10-06T08:07:50.000000Z,2023-10-06T08:08:10.000000Z
1230,91,יחס,A_9960,אנ - 117 - 47,1,Numeric bullet single choice,פסיכומטרי,6,2023-10-02T14:54:54.000000Z,2023-12-14T08:06:34.000000Z
1180,68,ביטויים,A_9961,אנ - 117 - 48,1,Numeric bullet single choice,פסיכומטרי,7,2023-10-01T08:34:12.000000Z,2023-12-26T10:48:49.000000Z
1232,90,כלליות 2,A_9963,אנ - 118 - 49,1,Numeric bullet single choice,פסיכומטרי,5,2023-10-02T15:10:32.000000Z,2023-10-02T15:10:32.000000Z
1233,89,כלליות 1,A_9964,אנ - 118 - 50,1,Numeric bullet single choice,פסיכומטרי,8,2023-10-02T15:13:49.000000Z,2023-11-28T10:14:28.000000Z
3863,115,קווים וזוויות,A_9965,אנ - 118 - 51,1,Image and text,פסיכומטרי,3,2023-11-30T10:41:58.000000Z,2023-11-30T10:41:58.000000Z
1234,89,כלליות 1,A_9966,אנ - 119 - 52,1,Numeric bullet single choice,פסיכומטרי,4,2023-10-02T15:16:54.000000Z,2023-10-02T15:16:54.000000Z
1235,90,כלליות 2,A_9967,אנ - 119 - 53,1,Numeric bullet single choice,פסיכומטרי,5,2023-10-02T15:18:39.000000Z,2023-10-02T15:18:39.000000Z
3864,118,מצולעים,A_9969,אנ - 119 - 54,1,Image and text,פסיכומטרי,3,2023-11-30T10:45:59.000000Z,2024-02-20T09:00:50.000000Z
3865,117,מרובעים,A_9970,אנ - 119 - 55,1,Numeric bullet single choice,פסיכומטרי,2,2023-11-30T10:47:57.000000Z,2024-07-30T15:10:07.000000Z
3866,116,משולשים,A_9971,אנ - 12 - 34,1,Image and text,פסיכומטרי,3,2023-11-30T10:55:03.000000Z,2024-02-19T07:27:54.000000Z
3867,117,מרובעים,A_9972,אנ - 12 - 35,1,Image and text,פסיכומטרי,6.5,2023-11-30T11:01:38.000000Z,2024-02-20T07:12:49.000000Z
3869,121,פיתגורס,A_9974,אנ - 12 - 36,1,Image and text,פסיכומטרי,5,2023-11-30T12:17:24.000000Z,2024-12-30T09:33:35.000000Z
3192,118,מצולעים,A_9975,אנ - 12 - 37,1,Image and text,פסיכומטרי,6,2023-11-26T08:41:23.000000Z,2024-02-20T07:55:38.000000Z
3289,121,פיתגורס,A_9978,אנ - 12 - 38,1,Image and text,פסיכומטרי,6,2023-11-26T11:52:23.000000Z,2024-12-30T09:52:55.000000Z
683,119,מעגלים,סח  -  107  -  9,אנ - 12 - 39,1,Image and text,פסיכומטרי,5,2023-09-21T09:37:45.000000Z,2024-01-04T05:58:09.000000Z
3302,121,פיתגורס,A_9980,אנ - 12 - 40,1,Image and text,פסיכומטרי,3.5,2023-11-26T12:08:13.000000Z,2024-11-06T09:54:29.000000Z
3164,122,שטחים,A_9981,אנ - 120 - 56,1,Image and text,פסיכומטרי,6,2023-11-26T05:58:32.000000Z,2024-02-07T12:19:31.000000Z
3165,122,שטחים,A_9982,אנ - 120 - 58,1,Image and text,פסיכומטרי,5,2023-11-26T06:10:24.000000Z,2024-02-07T12:24:44.000000Z
3166,122,שטחים,A_9983,אנ - 120 -57,1,Image and text,פסיכומטרי,3.5,2023-11-26T06:16:48.000000Z,2024-02-07T12:28:58.000000Z
3167,122,שטחים,A_9984,אנ - 121 - 59,1,Numeric bullet single choice,פסיכומטרי,3.5,2023-11-26T06:21:57.000000Z,2023-11-26T06:21:57.000000Z
3168,122,שטחים,A_9985,אנ - 121 - 60,1,Image and text,פסיכומטרי,4,2023-11-26T06:26:05.000000Z,2024-02-07T12:30:44.000000Z
3169,122,שטחים,A_9986,אנ - 122 - 61,1,Image and text,פסיכומטרי,6,2023-11-26T06:32:19.000000Z,2023-11-26T06:32:19.000000Z
3171,122,שטחים,A_9988,אנ - 122 - 62,1,Numeric bullet single choice,פסיכומטרי,3,2023-11-26T07:07:06.000000Z,2024-02-07T12:40:34.000000Z
3172,122,שטחים,A_9989,אנ - 122 - 63,1,Image and text,פסיכומטרי,5,2023-11-26T07:15:43.000000Z,2024-02-07T12:42:18.000000Z
3173,122,שטחים,A_9990,אנ - 123 - 64,1,Image and text,פסיכומטרי,4,2023-11-26T07:21:30.000000Z,2024-02-07T12:43:17.000000Z
3174,122,שטחים,A_9991,אנ - 123 - 65,1,Image and text,פסיכומטרי,7.5,2023-11-26T07:28:08.000000Z,2023-11-26T07:28:08.000000Z
3175,122,שטחים,A_9993,אנ - 123 - 66,1,Image and text,פסיכומטרי,7,2023-11-26T07:36:00.000000Z,2024-02-07T12:48:47.000000Z
3177,122,שטחים,A_9994,אנ - 124 - 67,1,Image and text,פסיכומטרי,7,2023-11-26T07:44:46.000000Z,2023-11-26T07:44:46.000000Z
3180,122,שטחים,A_9996,אנ - 124 - 68,1,Image and text,פסיכומטרי,4.5,2023-11-26T07:51:27.000000Z,2023-11-26T07:51:27.000000Z
3184,122,שטחים,A_9997,אנ - 13 - 41,1,Image and text,פסיכומטרי,10,2023-11-26T08:02:09.000000Z,2023-11-26T08:02:09.000000Z
3176,124,אנליטית,A_9998,אנ - 13 - 42,1,Numeric bullet single choice,פסיכומטרי,2,2023-11-26T07:38:27.000000Z,2024-02-25T07:41:21.000000Z
3178,124,אנליטית,A_9999,אנ - 13 - 43,1,Image and text,פסיכומטרי,2,2023-11-26T07:46:55.000000Z,2023-11-26T07:47:38.000000Z
14295,246,Sentence Completions,avram6q1,אנ - 13 - 44,1,English layout,אמירנט,3,2024-12-08T06:11:12.000000Z,2024-12-08T06:11:12.000000Z
14304,249,Restatements,avram6q10,אנ - 13 - 45,1,English layout,אמירנט,5.5,2024-12-08T07:06:31.000000Z,2024-12-08T07:06:31.000000Z
14305,249,Restatements,avram6q11,אנ - 13 - 46,1,English layout,אמירנט,5,2024-12-08T07:09:00.000000Z,2024-12-08T07:09:00.000000Z
14306,249,Restatements,avram6q12,אנ - 13 - 47,1,English layout,אמירנט,6.2,2024-12-08T07:14:37.000000Z,2024-12-08T07:14:37.000000Z
14296,246,Sentence Completions,avram6q2,אנ - 13 - 48,1,English layout,אמירנט,3,2024-12-08T06:16:01.000000Z,2024-12-08T06:16:01.000000Z
14297,246,Sentence Completions,avram6q3,אנ - 14 - 49,1,English layout,אמירנט,3.8,2024-12-08T06:24:57.000000Z,2024-12-08T06:24:57.000000Z
14298,246,Sentence Completions,avram6q4,אנ - 14 - 50,1,English layout,אמירנט,3.3,2024-12-08T06:28:33.000000Z,2024-12-08T06:28:33.000000Z
14299,246,Sentence Completions,avram6q5,אנ - 14 - 51,1,English layout,אמירנט,5,2024-12-08T06:39:23.000000Z,2024-12-08T06:39:23.000000Z
14300,246,Sentence Completions,avram6q6,אנ - 14 - 52,1,English layout,אמירנט,5.3,2024-12-08T06:46:57.000000Z,2024-12-08T06:46:57.000000Z
14301,246,Sentence Completions,avram6q7,אנ - 14 - 53,1,English layout,אמירנט,7,2024-12-08T06:52:30.000000Z,2024-12-08T06:52:30.000000Z
14302,246,Sentence Completions,avram6q8,אנ - 14 - 54,1,English layout,אמירנט,8.4,2024-12-08T06:57:27.000000Z,2024-12-08T06:57:27.000000Z
14303,249,Restatements,avram6q9,אנ - 14 - 55,1,English layout,אמירנט,1,2024-12-08T07:03:28.000000Z,2024-12-08T07:04:29.000000Z
13468,246,Sentence Completions,t0e3q1,אנ - 14 - 56,1,English layout,אמירנט,1,2024-10-29T09:30:54.000000Z,2024-10-29T09:30:54.000000Z
13477,249,Restatements,t0e3q10,אנ - 14 - 57,1,English layout,אמירנט,5,2024-10-29T09:49:09.000000Z,2024-10-29T09:49:09.000000Z
13478,249,Restatements,t0e3q11,אנ - 15 - 58,1,English layout,אמירנט,7,2024-10-29T09:51:29.000000Z,2024-10-29T09:51:29.000000Z
13479,249,Restatements,t0e3q12,אנ - 15 - 59,1,English layout,אמירנט,8,2024-10-29T09:54:08.000000Z,2024-12-31T08:46:23.000000Z
13469,246,Sentence Completions,t0e3q2,אנ - 15 - 60,1,English layout,אמירנט,1,2024-10-29T09:32:38.000000Z,2024-10-29T09:32:38.000000Z
13470,246,Sentence Completions,t0e3q3,אנ - 15 - 61,1,English layout,אמירנט,2,2024-10-29T09:35:02.000000Z,2024-10-29T09:35:02.000000Z
13471,246,Sentence Completions,t0e3q4,אנ - 15 - 62,1,English layout,אמירנט,3,2024-10-29T09:36:23.000000Z,2024-10-29T09:36:23.000000Z
13472,246,Sentence Completions,t0e3q5,אנ - 15 - 63.1,1,English layout,אמירנט,3,2024-10-29T09:37:28.000000Z,2024-10-29T09:37:28.000000Z
13473,246,Sentence Completions,t0e3q6,אנ - 15 - 63.2,1,English layout,אמירנט,3,2024-10-29T09:39:07.000000Z,2024-10-29T09:39:07.000000Z
13474,246,Sentence Completions,t0e3q7,אנ - 15 - 64,1,English layout,אמירנט,6,2024-10-29T09:40:50.000000Z,2024-10-29T09:40:50.000000Z
13475,246,Sentence Completions,t0e3q8,אנ - 15 - 65,1,English layout,אמירנט,7,2024-10-29T09:42:23.000000Z,2024-10-29T09:42:23.000000Z
13476,249,Restatements,t0e3q9,אנ - 16 - 66,1,English layout,אמירנט,4,2024-10-29T09:46:42.000000Z,2024-10-29T09:46:42.000000Z
14251,246,Sentence Completions,t10e1q1,אנ - 16 - 67,1,English layout,אמירנט,3.3,2024-12-02T07:50:06.000000Z,2024-12-02T07:51:39.000000Z
14260,249,Restatements,t10e1q10,אנ - 16 - 68,1,English layout,אמירנט,3.9,2024-12-04T05:02:25.000000Z,2024-12-04T05:02:25.000000Z
14261,249,Restatements,t10e1q11,אנ - 16 - 69,1,English layout,אמירנט,7.6,2024-12-04T05:07:37.000000Z,2024-12-04T05:07:37.000000Z
14262,249,Restatements,t10e1q12,אנ - 16 - 70,1,English layout,אמירנט,6.3,2024-12-04T05:09:23.000000Z,2024-12-04T05:09:23.000000Z
14252,246,Sentence Completions,t10e1q2,אנ - 16 - 71,1,English layout,אמירנט,4.9,2024-12-02T07:53:23.000000Z,2024-12-02T07:53:23.000000Z
14253,246,Sentence Completions,t10e1q3,אנ - 16 - 72,1,English layout,אמירנט,5.9,2024-12-02T07:54:59.000000Z,2024-12-02T07:54:59.000000Z
14254,246,Sentence Completions,t10e1q4,אנ - 16 - 73.1,1,English layout,אמירנט,8.6,2024-12-04T04:27:23.000000Z,2024-12-04T04:27:23.000000Z
14255,246,Sentence Completions,t10e1q5,אנ - 16 - 73.2,1,English layout,אמירנט,7.2,2024-12-04T04:29:10.000000Z,2024-12-04T04:29:10.000000Z
14256,246,Sentence Completions,t10e1q6,אנ - 17 - 74,1,English layout,אמירנט,6.5,2024-12-04T04:30:57.000000Z,2024-12-04T04:30:57.000000Z
14257,246,Sentence Completions,t10e1q7,אנ - 17 - 75,1,English layout,אמירנט,6.1,2024-12-04T04:34:43.000000Z,2024-12-04T04:34:43.000000Z
14258,246,Sentence Completions,t10e1q8,אנ - 17 - 76,1,English layout,אמירנט,5.4,2024-12-04T04:40:27.000000Z,2024-12-04T04:40:27.000000Z
14259,249,Restatements,t10e1q9,אנ - 17 - 77,1,English layout,אמירנט,5.4,2024-12-04T04:57:19.000000Z,2024-12-04T04:57:19.000000Z
14273,246,Sentence Completions,t10e5q1,אנ - 17 - 78,1,English layout,אמירנט,5.2,2024-12-04T05:45:14.000000Z,2024-12-04T05:45:14.000000Z
14282,249,Restatements,t10e5q10,אנ - 17 - 79,1,English layout,אמירנט,3.8,2024-12-04T12:41:18.000000Z,2024-12-31T09:45:00.000000Z
14283,249,Restatements,t10e5q11,אנ - 17 - 80,1,English layout,אמירנט,4,2024-12-04T12:43:06.000000Z,2024-12-04T12:43:06.000000Z
14284,249,Restatements,t10e5q12,אנ - 18 - 81,1,English layout,אמירנט,5,2024-12-04T12:46:03.000000Z,2024-12-04T12:46:03.000000Z
14274,246,Sentence Completions,t10e5q2,אנ - 18 - 82,1,English layout,אמירנט,6.1,2024-12-04T05:50:00.000000Z,2024-12-04T05:50:00.000000Z
14275,246,Sentence Completions,t10e5q3,אנ - 18 - 83,1,English layout,אמירנט,5.2,2024-12-04T12:30:47.000000Z,2024-12-04T12:30:47.000000Z
14276,246,Sentence Completions,t10e5q4,אנ - 18 - 84,1,English layout,אמירנט,7.9,2024-12-04T12:32:22.000000Z,2024-12-04T12:32:22.000000Z
14277,246,Sentence Completions,t10e5q5,אנ - 18 - 85,1,English layout,אמירנט,5.4,2024-12-04T12:33:44.000000Z,2024-12-04T12:33:44.000000Z
14278,246,Sentence Completions,t10e5q6,אנ - 18 - 86,1,English layout,אמירנט,5.6,2024-12-04T12:35:00.000000Z,2024-12-04T12:35:00.000000Z
14279,246,Sentence Completions,t10e5q7,אנ - 18 - 87,1,English layout,אמירנט,6.9,2024-12-04T12:36:33.000000Z,2024-12-04T12:36:33.000000Z
14280,246,Sentence Completions,t10e5q8,אנ - 18 - 88,1,English layout,אמירנט,6.4,2024-12-04T12:38:03.000000Z,2024-12-04T12:43:47.000000Z
14281,249,Restatements,t10e5q9,אנ - 19 - 89,1,English layout,אמירנט,6.5,2024-12-04T12:39:39.000000Z,2024-12-04T12:43:27.000000Z
14229,246,Sentence Completions,t11e3q1,אנ - 19 - 90,1,English layout,אמירנט,1.3,2024-12-02T06:39:06.000000Z,2024-12-02T06:39:06.000000Z
14238,249,Restatements,t11e3q10,אנ - 19 - 91,1,English layout,אמירנט,4,2024-12-02T07:02:54.000000Z,2024-12-02T07:02:54.000000Z
14239,249,Restatements,t11e3q11,אנ - 19 - 92,1,English layout,אמירנט,3.3,2024-12-02T07:05:15.000000Z,2024-12-02T07:05:15.000000Z
14240,249,Restatements,t11e3q12,אנ - 19 - 93,1,English layout,אמירנט,5.4,2024-12-02T07:07:46.000000Z,2024-12-02T07:07:46.000000Z
14230,246,Sentence Completions,t11e3q2,אנ - 19 - 94,1,English layout,אמירנט,3.3,2024-12-02T06:41:11.000000Z,2024-12-02T06:41:11.000000Z
14231,246,Sentence Completions,t11e3q3,אנ - 19 - 95,1,English layout,אמירנט,6.5,2024-12-02T06:43:54.000000Z,2024-12-02T06:43:54.000000Z
14232,246,Sentence Completions,t11e3q4,אנ - 19 - 96,1,English layout,אמירנט,4.6,2024-12-02T06:46:04.000000Z,2024-12-02T06:46:04.000000Z
14233,246,Sentence Completions,t11e3q5,אנ - 19 - 97,1,English layout,אמירנט,6.4,2024-12-02T06:47:50.000000Z,2024-12-02T06:47:50.000000Z
14234,246,Sentence Completions,t11e3q6,אנ - 20 - 100.1,1,English layout,אמירנט,5,2024-12-02T06:49:38.000000Z,2024-12-02T06:49:38.000000Z
14235,246,Sentence Completions,t11e3q7,אנ - 20 - 100.2,1,English layout,אמירנט,4.4,2024-12-02T06:52:31.000000Z,2024-12-02T06:52:31.000000Z
14236,246,Sentence Completions,t11e3q8,אנ - 20 - 101,1,English layout,אמירנט,10,2024-12-02T06:55:52.000000Z,2024-12-02T06:55:52.000000Z
14237,249,Restatements,t11e3q9,אנ - 20 - 102,1,English layout,אמירנט,3,2024-12-02T06:59:01.000000Z,2024-12-31T09:38:47.000000Z
14207,246,Sentence Completions,t11e5q1,אנ - 20 - 103,1,English layout,אמירנט,4.4,2024-11-28T06:52:33.000000Z,2024-11-28T06:52:33.000000Z
14216,249,Restatements,t11e5q10,אנ - 20 - 104,1,English layout,אמירנט,4.7,2024-11-28T07:14:35.000000Z,2024-11-28T07:14:35.000000Z
14217,249,Restatements,t11e5q11,אנ - 20 - 105,1,English layout,אמירנט,6,2024-11-28T07:15:50.000000Z,2024-11-28T07:15:50.000000Z
14218,249,Restatements,t11e5q12,אנ - 20 - 98,1,English layout,אמירנט,6.6,2024-11-28T07:17:28.000000Z,2024-11-28T07:17:28.000000Z
14208,246,Sentence Completions,t11e5q2,אנ - 20 - 99,1,English layout,אמירנט,5,2024-11-28T06:54:30.000000Z,2024-11-28T06:54:30.000000Z
14209,246,Sentence Completions,t11e5q3,אנ - 21 - 106,1,English layout,אמירנט,6.5,2024-11-28T06:56:48.000000Z,2024-11-28T06:56:48.000000Z
14210,246,Sentence Completions,t11e5q4,אנ - 21 - 107,1,English layout,אמירנט,3.3,2024-11-28T06:58:15.000000Z,2024-11-28T07:03:09.000000Z
14211,246,Sentence Completions,t11e5q5,אנ - 21 - 108,1,English layout,אמירנט,7.4,2024-11-28T06:59:55.000000Z,2024-11-28T06:59:55.000000Z
14212,246,Sentence Completions,t11e5q6,אנ - 21 - 109,1,English layout,אמירנט,4.8,2024-11-28T07:01:18.000000Z,2024-11-28T07:01:18.000000Z
14213,246,Sentence Completions,t11e5q7,אנ - 21 - 110,1,English layout,אמירנט,6.3,2024-11-28T07:04:18.000000Z,2024-11-28T07:04:18.000000Z
14214,246,Sentence Completions,t11e5q8,אנ - 21 - 111,1,English layout,אמירנט,10,2024-11-28T07:09:58.000000Z,2024-11-28T07:09:58.000000Z
14215,249,Restatements,t11e5q9,אנ - 21 - 112.1,1,English layout,אמירנט,6,2024-11-28T07:13:02.000000Z,2024-11-28T07:13:02.000000Z
14206,246,Sentence Completions,t11e8q1,אנ - 21 - 112.2,1,English layout,אמירנט,4.1,2024-11-28T06:48:51.000000Z,2024-11-28T06:48:51.000000Z
14193,249,Restatements,t11e8q10,אנ - 21 - 113,1,English layout,אמירנט,5.8,2024-11-28T05:49:32.000000Z,2024-11-28T05:49:32.000000Z
14194,249,Restatements,t11e8q11,אנ - 22 - 114,1,English layout,אמירנט,6.2,2024-11-28T05:51:05.000000Z,2024-11-28T05:51:05.000000Z
14195,249,Restatements,t11e8q12,אנ - 22 - 115,1,English layout,אמירנט,4.9,2024-11-28T05:52:20.000000Z,2024-11-28T05:52:20.000000Z
14185,246,Sentence Completions,t11e8q2,אנ - 22 - 116,1,English layout,אמירנט,2.6,2024-11-28T05:32:58.000000Z,2024-11-28T05:37:53.000000Z
14186,246,Sentence Completions,t11e8q3,אנ - 22 - 117,1,English layout,אמירנט,6.7,2024-11-28T05:35:05.000000Z,2024-11-28T05:37:27.000000Z
14187,246,Sentence Completions,t11e8q4,אנ - 22 - 118,1,English layout,אמירנט,6.9,2024-11-28T05:39:20.000000Z,2024-11-28T05:39:20.000000Z
14188,246,Sentence Completions,t11e8q5,אנ - 22 - 119,1,English layout,אמירנט,3.6,2024-11-28T05:41:08.000000Z,2024-11-28T05:41:08.000000Z
14189,246,Sentence Completions,t11e8q6,אנ - 22 - 120,1,English layout,אמירנט,4.6,2024-11-28T05:42:29.000000Z,2024-11-28T05:42:29.000000Z
14190,246,Sentence Completions,t11e8q7,אנ - 23 - 121,1,English layout,אמירנט,4.5,2024-11-28T05:43:44.000000Z,2024-11-28T05:43:44.000000Z
14191,246,Sentence Completions,t11e8q8,אנ - 23 - 122,1,English layout,אמירנט,4.1,2024-11-28T05:45:27.000000Z,2024-11-28T05:45:27.000000Z
14192,249,Restatements,t11e8q9,אנ - 23 - 123,1,English layout,אמירנט,5.8,2024-11-28T05:48:13.000000Z,2024-11-28T05:48:13.000000Z
13487,249,Restatements,t1e3q10,אנ - 23 - 124,1,English layout,אמירנט,5,2024-10-29T11:46:40.000000Z,2024-10-29T11:46:40.000000Z
13488,249,Restatements,t1e3q11,אנ - 23 - 125,1,English layout,אמירנט,7.3,2024-10-29T11:52:30.000000Z,2024-10-29T11:57:50.000000Z
13480,246,Sentence Completions,t1e3q2,אנ - 23 - 126,1,English layout,אמירנט,4.8,2024-10-29T10:01:22.000000Z,2024-10-29T10:01:22.000000Z
13481,246,Sentence Completions,t1e3q3,אנ - 23 - 127,1,English layout,אמירנט,3.5,2024-10-29T10:03:11.000000Z,2024-10-29T10:03:11.000000Z
13482,246,Sentence Completions,t1e3q4,אנ - 23 - 128,1,English layout,אמירנט,4.2,2024-10-29T10:04:53.000000Z,2024-10-29T10:04:53.000000Z
13483,246,Sentence Completions,t1e3q5,אנ - 24 - 129,1,English layout,אמירנט,5.3,2024-10-29T10:06:29.000000Z,2024-10-29T10:06:29.000000Z
13484,246,Sentence Completions,t1e3q7,אנ - 24 - 130,1,English layout,אמירנט,6.6,2024-10-29T10:07:59.000000Z,2024-10-29T10:07:59.000000Z
13485,246,Sentence Completions,t1e3q8,אנ - 24 - 131,1,English layout,אמירנט,6.2,2024-10-29T10:10:28.000000Z,2024-10-29T10:10:28.000000Z
13486,249,Restatements,t1e3q9,אנ - 24 - 132,1,English layout,אמירנט,5.3,2024-10-29T11:44:51.000000Z,2024-10-29T11:44:51.000000Z
13495,249,Restatements,t1e6q10,אנ - 24 - 133,1,English layout,אמירנט,6.8,2024-10-29T12:36:10.000000Z,2024-10-29T12:36:10.000000Z
13496,249,Restatements,t1e6q11,אנ - 24 - 134,1,English layout,אמירנט,6,2024-10-29T12:37:39.000000Z,2024-10-29T12:37:39.000000Z
13497,249,Restatements,t1e6q12,אנ - 24 - 135,1,English layout,אמירנט,7.3,2024-10-29T12:39:04.000000Z,2024-10-29T12:39:04.000000Z
13489,246,Sentence Completions,t1e6q2,אנ - 24 - 136,1,English layout,אמירנט,5.6,2024-10-29T12:06:42.000000Z,2024-10-29T12:06:42.000000Z
13490,246,Sentence Completions,t1e6q4,אנ - 25 - 137,1,English layout,אמירנט,3.6,2024-10-29T12:10:02.000000Z,2024-10-29T12:10:02.000000Z
13491,246,Sentence Completions,t1e6q5,אנ - 25 - 138,1,English layout,אמירנט,7.4,2024-10-29T12:11:44.000000Z,2024-10-29T12:11:44.000000Z
13492,246,Sentence Completions,t1e6q6,אנ - 25 - 139,1,English layout,אמירנט,6.5,2024-10-29T12:12:47.000000Z,2025-01-27T08:15:34.000000Z
13493,246,Sentence Completions,t1e6q7,אנ - 25 - 140,1,English layout,אמירנט,7.4,2024-10-29T12:14:24.000000Z,2024-10-29T12:14:24.000000Z
13494,249,Restatements,t1e6q9,אנ - 25 - 141,1,English layout,אמירנט,4.3,2024-10-29T12:27:59.000000Z,2024-10-29T12:27:59.000000Z
12394,249,Restatements,t2e1q10,אנ - 25 - 142,1,English layout,אמירנט,6,2024-10-13T15:08:05.000000Z,2024-12-31T07:02:37.000000Z
13501,249,Restatements,t2e2q11,אנ - 25 - 143,1,English layout,אמירנט,6,2024-10-30T07:44:37.000000Z,2024-10-30T07:44:37.000000Z
13502,249,Restatements,t2e2q12,אנ - 25 - 144,1,English layout,אמירנט,5.4,2024-10-30T07:47:24.000000Z,2024-10-30T07:47:24.000000Z
13498,246,Sentence Completions,t2e2q3,אנ - 26 - 145,1,English layout,אמירנט,4.5,2024-10-30T07:27:27.000000Z,2024-10-30T07:27:27.000000Z
13499,246,Sentence Completions,t2e2q4,אנ - 26 - 147,1,English layout,אמירנט,3.8,2024-10-30T07:30:00.000000Z,2024-10-30T07:30:00.000000Z
13503,246,Sentence Completions,t2e5q3,אנ - 26 - 148,1,English layout,אמירנט,5,2024-10-30T07:53:06.000000Z,2024-10-30T07:53:06.000000Z
13504,246,Sentence Completions,t2e5q4,אנ - 26 - 149,1,English layout,אמירנט,4.6,2024-10-30T07:54:27.000000Z,2024-10-30T07:54:27.000000Z
13505,246,Sentence Completions,t2e5q5,אנ - 26 - 150,1,English layout,אמירנט,5.6,2024-10-30T08:00:26.000000Z,2024-10-30T08:00:26.000000Z
13508,249,Restatements,t3e4q11,אנ - 26 - 151,1,English layout,אמירנט,3.1,2024-10-30T08:15:20.000000Z,2024-10-30T08:15:40.000000Z
13509,249,Restatements,t3e4q12,אנ - 26 - 152,1,English layout,אמירנט,5.7,2024-10-30T08:18:29.000000Z,2024-10-30T08:18:29.000000Z
13506,246,Sentence Completions,t3e4q5,אנ - 26 - 153,1,English layout,אמירנט,5.3,2024-10-30T08:08:32.000000Z,2024-10-30T08:08:32.000000Z
13507,246,Sentence Completions,t3e4q8,אנ - 27 - 154,1,English layout,אמירנט,10,2024-10-30T08:12:59.000000Z,2024-10-30T08:12:59.000000Z
13515,249,Restatements,t3e5q10,אנ - 27 - 155,1,English layout,אמירנט,3.9,2024-10-30T14:01:13.000000Z,2024-10-30T14:01:13.000000Z
13516,249,Restatements,t3e5q11,אנ - 27 - 156,1,English layout,אמירנט,3.4,2024-10-30T14:02:35.000000Z,2024-10-30T14:02:35.000000Z
13517,249,Restatements,t3e5q12,אנ - 27 - 157,1,English layout,אמירנט,4.9,2024-10-30T14:05:18.000000Z,2024-12-31T09:26:50.000000Z
13510,246,Sentence Completions,t3e5q3,אנ - 27 - 158,1,English layout,אמירנט,4.1,2024-10-30T13:48:12.000000Z,2024-10-30T13:48:12.000000Z
13511,246,Sentence Completions,t3e5q4,אנ - 27 - 159,1,English layout,אמירנט,3.3,2024-10-30T13:50:06.000000Z,2024-10-30T13:50:06.000000Z
13512,246,Sentence Completions,t3e5q5,אנ - 27 - 160,1,English layout,אמירנט,5.9,2024-10-30T13:52:00.000000Z,2024-10-30T13:52:00.000000Z
13513,246,Sentence Completions,t3e5q6,אנ - 28 - 161,1,English layout,אמירנט,4.3,2024-10-30T13:54:00.000000Z,2024-10-30T13:54:00.000000Z
13514,249,Restatements,t3e5q9,אנ - 28 - 162,1,English layout,אמירנט,3.8,2024-10-30T13:58:50.000000Z,2024-10-30T13:58:50.000000Z
13518,246,Sentence Completions,t4e1q3,אנ - 28 - 163,1,English layout,אמירנט,5.2,2024-10-30T14:09:11.000000Z,2024-10-30T14:09:11.000000Z
11634,246,Sentence Completions,t4e1q6,אנ - 28 - 164,1,English layout,אמירנט,7.4,2024-09-08T05:46:08.000000Z,2024-09-08T05:46:08.000000Z
13519,246,Sentence Completions,t4e6q2,אנ - 28 - 165,1,English layout,אמירנט,3.8,2024-10-30T14:12:40.000000Z,2024-10-30T14:12:40.000000Z
13520,246,Sentence Completions,t4e6q3,אנ - 28 - 166,1,English layout,אמירנט,5.2,2024-10-30T14:14:21.000000Z,2024-10-30T14:16:44.000000Z
13521,246,Sentence Completions,t4e6q8,אנ - 28 - 167.1,1,English layout,אמירנט,10,2024-10-30T14:18:13.000000Z,2024-10-30T14:18:13.000000Z
13522,246,Sentence Completions,t5e1q3,אנ - 28 - 167.2,1,English layout,אמירנט,4.9,2024-10-30T14:23:38.000000Z,2024-10-30T14:23:38.000000Z
13523,246,Sentence Completions,t5e4q7,אנ - 29 - 168,1,English layout,אמירנט,8.1,2024-10-30T14:25:16.000000Z,2024-10-30T14:25:16.000000Z
13524,246,Sentence Completions,t5e7q3,אנ - 29 - 169,1,English layout,אמירנט,5.1,2024-10-30T14:27:06.000000Z,2024-10-30T14:27:06.000000Z
13525,246,Sentence Completions,t5e7q4,אנ - 29 - 170,1,English layout,אמירנט,5.2,2024-10-30T14:28:22.000000Z,2024-10-30T14:28:22.000000Z
13526,246,Sentence Completions,t5e7q7,אנ - 29 - 171,1,English layout,אמירנט,9.2,2024-10-30T14:29:45.000000Z,2024-10-30T14:29:45.000000Z
13527,246,Sentence Completions,t5e7q8,אנ - 29 - 172,1,English layout,אמירנט,10,2024-10-30T14:30:41.000000Z,2024-10-30T14:30:41.000000Z
13537,249,Restatements,t6e4q12,אנ - 29 - 173,1,English layout,אמירנט,6.9,2024-10-30T14:53:22.000000Z,2024-10-30T14:53:22.000000Z
13528,246,Sentence Completions,t6e4q6,אנ - 29 - 174,1,English layout,אמירנט,8,2024-10-30T14:34:02.000000Z,2024-10-30T14:34:02.000000Z
13529,246,Sentence Completions,t6e8q8,אנ - 29 - 175,1,English layout,אמירנט,7,2024-10-30T14:35:46.000000Z,2024-10-30T14:35:46.000000Z
13530,249,Restatements,t6e8q9,אנ - 29 - 176,1,English layout,אמירנט,10,2024-10-30T14:37:25.000000Z,2024-10-30T14:37:25.000000Z
13531,246,Sentence Completions,t7e2q4,אנ - 30 - 177,1,English layout,אמירנט,5.3,2024-10-30T14:41:04.000000Z,2024-10-30T14:41:04.000000Z
13538,249,Restatements,t8e3q12,אנ - 30 - 178.1,1,English layout,אמירנט,3,2024-10-30T14:55:24.000000Z,2024-10-30T14:55:24.000000Z
13532,246,Sentence Completions,t8e3q6,אנ - 30 - 178.2,1,English layout,אמירנט,3.3,2024-10-30T14:44:21.000000Z,2024-10-30T14:44:21.000000Z
13533,246,Sentence Completions,t8e3q7,אנ - 30 - 179,1,English layout,אמירנט,7.8,2024-10-30T14:46:19.000000Z,2024-10-30T14:46:19.000000Z
13534,246,Sentence Completions,t8e5q6,אנ - 30 - 180.1,1,English layout,אמירנט,4.4,2024-10-30T14:49:16.000000Z,2024-10-30T14:49:16.000000Z
13535,246,Sentence Completions,t8e5q7,אנ - 30 - 180.2,1,English layout,אמירנט,6.7,2024-10-30T14:50:10.000000Z,2024-10-30T14:50:10.000000Z
13536,246,Sentence Completions,t8e5q8,אנ - 30 - 181,1,English layout,אמירנט,10,2024-10-30T14:51:13.000000Z,2024-11-28T05:23:31.000000Z
14560,354,test_no_qustion_found,test_no_qustion_found_1,אנ - 30 - 182,1,Numeric bullet single choice,פסיכומטרי,1,2025-04-06T07:45:00.000000Z,2025-04-06T07:45:00.000000Z
14569,354,test_no_qustion_found,test_no_qustion_found_10,אנ - 30 - 183,1,Numeric bullet single choice,פסיכומטרי,10,2025-04-06T07:47:14.000000Z,2025-04-06T07:47:14.000000Z
14561,354,test_no_qustion_found,test_no_qustion_found_2,אנ - 30 - 184,1,Numeric bullet single choice,פסיכומטרי,2,2025-04-06T07:45:20.000000Z,2025-04-06T07:45:20.000000Z
14562,354,test_no_qustion_found,test_no_qustion_found_3,אנ - 31 - 185,1,Numeric bullet single choice,פסיכומטרי,3,2025-04-06T07:45:49.000000Z,2025-04-06T07:45:49.000000Z
14563,354,test_no_qustion_found,test_no_qustion_found_4,אנ - 31 - 186,1,Numeric bullet single choice,פסיכומטרי,4,2025-04-06T07:46:06.000000Z,2025-04-06T07:46:06.000000Z
14564,354,test_no_qustion_found,test_no_qustion_found_5,אנ - 31 - 187,1,Numeric bullet single choice,פסיכומטרי,5,2025-04-06T07:46:15.000000Z,2025-04-06T07:46:15.000000Z
14565,354,test_no_qustion_found,test_no_qustion_found_6,אנ - 31 - 188,1,Numeric bullet single choice,פסיכומטרי,6,2025-04-06T07:46:24.000000Z,2025-04-06T07:46:24.000000Z
14566,354,test_no_qustion_found,test_no_qustion_found_7,אנ - 31 - 189.1,1,Numeric bullet single choice,פסיכומטרי,7,2025-04-06T07:46:34.000000Z,2025-04-06T07:46:34.000000Z
14567,354,test_no_qustion_found,test_no_qustion_found_8,אנ - 31 - 189.2,1,Numeric bullet single choice,פסיכומטרי,8,2025-04-06T07:46:47.000000Z,2025-04-06T07:46:47.000000Z
14568,354,test_no_qustion_found,test_no_qustion_found_9,אנ - 31 - 190,1,Numeric bullet single choice,פסיכומטרי,9,2025-04-06T07:47:01.000000Z,2025-04-06T07:47:01.000000Z
402,72,פעולות מומצאות,אח-01-29,אנ - 31 - 191.1,1,Numeric bullet single choice,פסיכומטרי,2,2023-09-15T03:19:18.000000Z,2024-01-28T07:01:30.000000Z
10114,75,אותיות וספרות,אל - 100 - 11,אנ - 31 - 191.2,1,Numeric bullet single choice,פסיכומטרי,3,2024-06-05T11:39:20.000000Z,2024-06-05T11:39:20.000000Z
10123,75,אותיות וספרות,אל - 103 - 20,אנ - 31 - 192,1,Numeric bullet single choice,פסיכומטרי,7,2024-06-05T13:40:03.000000Z,2024-06-05T13:40:03.000000Z
10124,75,אותיות וספרות,אל - 103 - 21,אנ - 32 - 193,1,Numeric bullet single choice,פסיכומטרי,7,2024-06-05T13:48:46.000000Z,2024-06-05T13:48:46.000000Z
10125,75,אותיות וספרות,אל - 103 - 22,אנ - 32 - 194,1,Numeric bullet single choice,פסיכומטרי,7,2024-06-05T14:01:57.000000Z,2024-06-05T14:01:57.000000Z
10126,75,אותיות וספרות,אל - 103 - 23,אנ - 32 - 195,1,Numeric bullet single choice,פסיכומטרי,6,2024-06-05T14:07:42.000000Z,2024-06-05T14:07:42.000000Z
9861,68,ביטויים,אל - 19 - 18,אנ - 32 - 196.1,1,Numeric bullet single choice,פסיכומטרי,10,2024-05-28T10:02:43.000000Z,2024-05-28T10:02:43.000000Z
9862,68,ביטויים,אל - 19 - 19,אנ - 32 - 196.2,1,Numeric bullet single choice,פסיכומטרי,6,2024-05-28T10:09:19.000000Z,2024-06-03T14:01:12.000000Z
9869,68,ביטויים,אל - 20 - 23,אנ - 32 - 197,1,Numeric bullet single choice,פסיכומטרי,6,2024-05-28T11:55:06.000000Z,2024-05-28T11:57:28.000000Z
9939,68,ביטויים,אל - 22 - 30,אנ - 32 - 198,1,Numeric bullet single choice,פסיכומטרי,6,2024-05-30T11:29:36.000000Z,2024-05-30T11:29:36.000000Z
9940,68,ביטויים,אל - 22 - 31,אנ - 32 - 199,1,Numeric bullet single choice,פסיכומטרי,6,2024-05-30T11:37:58.000000Z,2024-05-30T11:37:58.000000Z
9941,68,ביטויים,אל - 22 - 32,אנ - 32 - 200,1,Numeric bullet single choice,פסיכומטרי,4,2024-05-30T11:41:23.000000Z,2024-05-30T11:41:23.000000Z
9943,68,ביטויים,אל - 22 - 34,אנ - 33 - 201,1,Numeric bullet single choice,פסיכומטרי,3,2024-05-30T11:45:14.000000Z,2024-05-30T11:45:14.000000Z
9944,68,ביטויים,אל - 23 - 35,אנ - 33 - 202,1,Numeric bullet single choice,פסיכומטרי,6,2024-05-30T12:54:36.000000Z,2024-05-30T12:54:36.000000Z
9945,68,ביטויים,אל - 23 - 36,אנ - 33 - 203,1,Numeric bullet single choice,פסיכומטרי,5,2024-05-30T12:59:14.000000Z,2024-05-30T12:59:14.000000Z
9946,68,ביטויים,אל - 23 - 37,אנ - 33 - 204,1,Numeric bullet single choice,פסיכומטרי,5,2024-05-30T13:08:21.000000Z,2024-05-30T13:08:21.000000Z
9948,68,ביטויים,אל - 23 - 39,אנ - 33 - 205,1,Numeric bullet single choice,פסיכומטרי,6,2024-05-30T13:17:30.000000Z,2024-05-30T13:17:30.000000Z
9949,68,ביטויים,אל - 24 - 40,אנ - 33 - 206,1,Numeric bullet single choice,פסיכומטרי,3,2024-05-30T13:20:53.000000Z,2024-05-30T13:20:53.000000Z
9950,68,ביטויים,אל - 24 - 41,אנ - 33 - 207,1,Numeric bullet single choice,פסיכומטרי,4,2024-05-30T13:25:06.000000Z,2024-05-30T13:25:06.000000Z
9951,68,ביטויים,אל - 24 - 42,אנ - 33 - 208,1,Numeric bullet single choice,פסיכומטרי,6,2024-05-30T13:31:59.000000Z,2024-05-30T13:31:59.000000Z
9952,68,ביטויים,אל - 24 - 43,אנ - 33 - 209,1,Numeric bullet single choice,פסיכומטרי,8,2024-05-30T13:40:49.000000Z,2024-05-30T13:40:49.000000Z
9953,68,ביטויים,אל - 24 - 44,אנ - 34 - 210,1,Numeric bullet single choice,פסיכומטרי,8,2024-05-30T13:46:07.000000Z,2024-05-30T13:46:07.000000Z
9956,68,ביטויים,אל - 25 - 47,אנ - 34 - 211,1,Numeric bullet single choice,פסיכומטרי,9,2024-05-30T13:59:48.000000Z,2024-05-30T13:59:48.000000Z
9958,68,ביטויים,אל - 25 - 48,אנ - 34 - 212,1,Numeric bullet single choice,פסיכומטרי,8,2024-05-30T14:04:59.000000Z,2024-05-30T14:04:59.000000Z
9959,68,ביטויים,אל - 26 - 49,אנ - 34 - 213.1,1,Numeric bullet single choice,פסיכומטרי,6,2024-05-30T14:12:26.000000Z,2024-05-30T14:12:26.000000Z
9961,68,ביטויים,אל - 26 - 50,אנ - 34 - 213.2,1,Numeric bullet single choice,פסיכומטרי,3,2024-05-30T14:14:28.000000Z,2024-05-30T14:14:28.000000Z
9962,68,ביטויים,אל - 26 - 51,אנ - 34 - 214.1,1,Numeric bullet single choice,פסיכומטרי,8,2024-05-30T14:17:31.000000Z,2024-05-30T14:17:31.000000Z
9963,68,ביטויים,אל - 26 - 52,אנ - 34 - 214.2,1,Numeric bullet single choice,פסיכומטרי,4,2024-05-30T14:19:15.000000Z,2024-05-30T14:19:15.000000Z
9965,68,ביטויים,אל - 27 - 53,אנ - 34 - 215,1,Numeric bullet single choice,פסיכומטרי,9,2024-05-30T14:23:05.000000Z,2024-05-30T14:23:05.000000Z
9966,68,ביטויים,אל - 27 - 54,אנ - 34 - 216,1,Numeric bullet single choice,פסיכומטרי,10,2024-05-30T14:26:24.000000Z,2024-05-30T14:26:44.000000Z
9968,68,ביטויים,אל - 27 - 55,אנ - 35 - 217,1,Numeric bullet single choice,פסיכומטרי,6,2024-05-30T14:32:46.000000Z,2024-05-30T14:32:46.000000Z
9972,67,משוואות,אל - 32 - 10,אנ - 35 - 218,1,Numeric bullet single choice,פסיכומטרי,3,2024-05-30T14:52:27.000000Z,2024-05-30T14:52:27.000000Z
9973,67,משוואות,אל - 32 - 11,אנ - 35 - 219,1,Numeric bullet single choice,פסיכומטרי,5,2024-05-30T14:57:00.000000Z,2024-05-30T14:57:00.000000Z
9974,67,משוואות,אל - 32 - 12,אנ - 35 - 220.1,1,Numeric bullet single choice,פסיכומטרי,5,2024-05-30T15:01:59.000000Z,2024-05-30T15:01:59.000000Z
9969,67,משוואות,אל - 32 - 8,אנ - 35 - 220.2,1,Numeric bullet single choice,פסיכומטרי,6,2024-05-30T14:41:50.000000Z,2024-05-30T14:41:50.000000Z
9970,67,משוואות,אל - 32 - 9,אנ - 35 - 221,1,Numeric bullet single choice,פסיכומטרי,4,2024-05-30T14:48:45.000000Z,2024-05-30T14:48:45.000000Z
9975,67,משוואות,אל - 33 - 13,אנ - 35 - 222,1,Numeric bullet single choice,פסיכומטרי,5,2024-05-30T15:07:13.000000Z,2024-05-30T15:07:13.000000Z
9976,67,משוואות,אל - 33 - 14,אנ - 35 - 223,1,Numeric bullet single choice,פסיכומטרי,5,2024-05-30T15:12:26.000000Z,2024-05-30T15:12:26.000000Z
9977,67,משוואות,אל - 33 - 15,אנ - 35 - 224,1,Numeric bullet single choice,פסיכומטרי,3,2024-05-30T15:17:55.000000Z,2024-05-30T15:17:55.000000Z
9978,67,משוואות,אל - 33 - 16,אנ - 36 - 225,1,Numeric bullet single choice,פסיכומטרי,2,2024-05-30T15:25:34.000000Z,2024-05-30T15:25:34.000000Z
9979,67,משוואות,אל - 33 - 17,אנ - 36 - 226,1,Numeric bullet single choice,פסיכומטרי,6,2024-05-30T15:33:09.000000Z,2024-05-30T15:33:09.000000Z
9980,67,משוואות,אל - 34 - 18,אנ - 36 - 227,1,Numeric bullet single choice,פסיכומטרי,5,2024-05-30T15:40:19.000000Z,2024-05-30T15:40:19.000000Z
9981,67,משוואות,אל - 34 - 19,אנ - 36 - 228,1,Numeric bullet single choice,פסיכומטרי,2,2024-05-30T15:47:24.000000Z,2024-05-30T15:47:24.000000Z
9984,67,משוואות,אל - 34 - 20,אנ - 36 - 229,1,Numeric bullet single choice,פסיכומטרי,3,2024-05-30T16:02:47.000000Z,2024-05-30T16:02:47.000000Z
9987,67,משוואות,אל - 34 - 21,אנ - 36 - 230,1,Numeric bullet single choice,פסיכומטרי,3,2024-05-30T16:18:50.000000Z,2024-05-30T16:18:50.000000Z
9990,67,משוואות,אל - 34 - 22,אנ - 36 - 231.1,1,Numeric bullet single choice,פסיכומטרי,3,2024-05-30T16:28:09.000000Z,2024-05-30T16:28:09.000000Z
9991,67,משוואות,אל - 35 - 23,אנ - 36 - 231.2,1,Numeric bullet single choice,פסיכומטרי,4,2024-05-31T02:10:11.000000Z,2024-05-31T02:10:11.000000Z
9992,67,משוואות,אל - 35 - 24,אנ - 36 - 232,1,Numeric bullet single choice,פסיכומטרי,5,2024-05-31T02:15:21.000000Z,2024-05-31T02:15:21.000000Z
9993,67,משוואות,אל - 35 - 25,אנ - 37 - 233,1,Numeric bullet single choice,פסיכומטרי,3,2024-05-31T02:18:49.000000Z,2024-05-31T02:18:49.000000Z
9994,67,משוואות,אל - 35 - 26,אנ - 37 - 234.1,1,Numeric bullet single choice,פסיכומטרי,2,2024-05-31T02:27:34.000000Z,2024-05-31T02:27:34.000000Z
9996,67,משוואות,אל - 35 - 27,אנ - 37 - 234.2,1,Numeric bullet single choice,פסיכומטרי,5,2024-05-31T02:55:50.000000Z,2024-05-31T02:55:50.000000Z
9997,67,משוואות,אל - 36 - 28,אנ - 37 - 235,1,Numeric bullet single choice,פסיכומטרי,2,2024-05-31T03:01:55.000000Z,2024-05-31T03:01:55.000000Z
9999,67,משוואות,אל - 36 - 29,אנ - 37 - 236,1,Numeric bullet single choice,פסיכומטרי,5,2024-05-31T03:04:56.000000Z,2024-05-31T03:04:56.000000Z
10000,67,משוואות,אל - 36 - 30,אנ - 37 - 237,1,Numeric bullet single choice,פסיכומטרי,7,2024-05-31T03:12:02.000000Z,2024-05-31T03:12:02.000000Z
10002,67,משוואות,אל - 37 - 31,אנ - 37 - 238,1,Numeric bullet single choice,פסיכומטרי,2,2024-05-31T03:44:58.000000Z,2024-05-31T03:44:58.000000Z
10004,67,משוואות,אל - 37 - 32,אנ - 37 - 239,1,Numeric bullet single choice,פסיכומטרי,6,2024-05-31T05:44:59.000000Z,2024-05-31T05:44:59.000000Z
10005,67,משוואות,אל - 40 - 3,אנ - 37 - 240,1,Numeric bullet single choice,פסיכומטרי,4,2024-05-31T05:58:03.000000Z,2024-05-31T05:58:03.000000Z
10006,67,משוואות,אל - 40 - 4,אנ - 38 - 241,1,Numeric bullet single choice,פסיכומטרי,4,2024-05-31T06:06:35.000000Z,2024-05-31T06:06:35.000000Z
10019,67,משוואות,אל - 40 - 5,אנ - 38 - 242,1,Numeric bullet single choice,פסיכומטרי,4,2024-05-31T10:45:04.000000Z,2024-05-31T10:45:04.000000Z
10020,67,משוואות,אל - 40 - 6,אנ - 38 - 243,1,Numeric bullet single choice,פסיכומטרי,5,2024-05-31T10:50:47.000000Z,2024-05-31T10:50:47.000000Z
10021,67,משוואות,אל - 40 - 7,אנ - 38 - 244.1,1,Numeric bullet single choice,פסיכומטרי,4,2024-05-31T10:55:04.000000Z,2024-05-31T10:55:04.000000Z
10026,67,משוואות,אל - 41 - 12,אנ - 38 - 244.2,1,Numeric bullet single choice,פסיכומטרי,5,2024-05-31T11:25:36.000000Z,2024-05-31T11:25:36.000000Z
10022,67,משוואות,אל - 41 - 8,אנ - 38 - 245,1,Numeric bullet single choice,פסיכומטרי,5,2024-05-31T11:01:18.000000Z,2024-05-31T11:01:18.000000Z
10023,67,משוואות,אל - 41 - 9,אנ - 38 - 246,1,Numeric bullet single choice,פסיכומטרי,5,2024-05-31T11:08:44.000000Z,2024-05-31T11:08:44.000000Z
10027,67,משוואות,אל - 42 - 13,אנ - 38 - 247,1,Numeric bullet single choice,פסיכומטרי,6,2024-05-31T11:34:54.000000Z,2024-05-31T11:45:47.000000Z
10028,67,משוואות,אל - 42 - 14,אנ - 39 - 248,1,Numeric bullet single choice,פסיכומטרי,7,2024-05-31T11:44:43.000000Z,2024-05-31T11:44:43.000000Z
10029,67,משוואות,אל - 42 - 15,אנ - 39 - 249,1,Numeric bullet single choice,פסיכומטרי,5,2024-05-31T11:51:29.000000Z,2024-05-31T12:11:25.000000Z
10030,67,משוואות,אל - 43 - 16,אנ - 39 - 250,1,Numeric bullet single choice,פסיכומטרי,8,2024-05-31T12:01:58.000000Z,2024-05-31T12:01:58.000000Z
10031,67,משוואות,אל - 43 - 17,אנ - 39 - 251,1,Numeric bullet single choice,פסיכומטרי,9,2024-05-31T12:10:42.000000Z,2024-05-31T12:10:42.000000Z
9813,69,אי-שוויון,אל - 47 - 10,אנ - 39 - 252,1,Numeric bullet single choice,פסיכומטרי,1,2024-05-27T07:05:26.000000Z,2024-05-27T07:05:26.000000Z
9812,69,אי-שוויון,אל - 47 - 9,אנ - 39 - 253,1,Numeric bullet single choice,פסיכומטרי,1,2024-05-27T06:53:36.000000Z,2024-05-27T06:55:47.000000Z
9817,69,אי-שוויון,אל - 48 - 14,אנ - 39 - 254,1,Numeric bullet single choice,פסיכומטרי,3,2024-05-27T08:19:21.000000Z,2024-05-27T08:35:28.000000Z
9867,69,אי-שוויון,אל - 48 - 18,אנ - 39 - 255,1,Numeric bullet single choice,פסיכומטרי,5,2024-05-28T11:01:22.000000Z,2024-05-28T11:01:22.000000Z
9872,69,אי-שוויון,אל - 49 - 20,אנ - 39 - 256,1,Numeric bullet single choice,פסיכומטרי,3,2024-05-28T13:13:50.000000Z,2024-05-28T13:13:50.000000Z
9897,72,פעולות מומצאות,אל - 55 - 6,אנ - 40 - 257,1,Numeric bullet single choice,פסיכומטרי,1,2024-05-29T04:02:34.000000Z,2024-05-29T07:59:03.000000Z
9906,72,פעולות מומצאות,אל - 56 - 15,אנ - 40 - 258,1,Numeric bullet single choice,פסיכומטרי,3,2024-05-29T09:49:01.000000Z,2024-05-29T09:49:01.000000Z
9907,72,פעולות מומצאות,אל - 57 - 16,אנ - 40 - 259,1,Numeric bullet single choice,פסיכומטרי,5,2024-05-29T10:10:51.000000Z,2024-05-29T10:10:51.000000Z
9908,72,פעולות מומצאות,אל - 57 - 17,אנ - 40 - 260,1,Numeric bullet single choice,פסיכומטרי,3,2024-05-29T10:15:17.000000Z,2024-05-29T10:15:17.000000Z
9913,72,פעולות מומצאות,אל - 58 - 22,אנ - 40 - 261,1,Numeric bullet single choice,פסיכומטרי,6,2024-05-30T03:20:53.000000Z,2024-05-30T03:20:53.000000Z
10077,71,חיובי שלילי וערך מוחלט,אל - 72 - 15,אנ - 40 - 262.1,1,Numeric bullet single choice,פסיכומטרי,8,2024-06-02T08:24:00.000000Z,2024-06-02T08:24:00.000000Z
10082,71,חיובי שלילי וערך מוחלט,אל - 73 - 20,אנ - 40 - 262.2,1,Numeric bullet single choice,פסיכומטרי,9,2024-06-03T04:54:45.000000Z,2024-06-03T04:54:45.000000Z
10083,71,חיובי שלילי וערך מוחלט,אל - 73 - 21,אנ - 40 - 263,1,Numeric bullet single choice,פסיכומטרי,7,2024-06-03T05:15:11.000000Z,2024-06-03T05:15:57.000000Z
10084,71,חיובי שלילי וערך מוחלט,אל - 74 - 22,אנ - 40 - 264,1,Numeric bullet single choice,פסיכומטרי,7,2024-06-03T05:36:52.000000Z,2024-06-03T05:36:52.000000Z
10087,71,חיובי שלילי וערך מוחלט,אל - 74 - 25,אנ - 41 - 265.1,1,Numeric bullet single choice,פסיכומטרי,8,2024-06-03T07:24:08.000000Z,2024-06-03T07:24:08.000000Z
8745,71,חיובי שלילי וערך מוחלט,אל - 75 - 28,אנ - 41 - 265.2,1,Numeric bullet single choice,פסיכומטרי,6,2024-04-27T09:15:44.000000Z,2024-04-27T09:15:44.000000Z
8751,71,חיובי שלילי וערך מוחלט,אל - 75 - 29,אנ - 41 - 265.3,1,Numeric bullet single choice,פסיכומטרי,2,2024-04-27T09:42:45.000000Z,2024-04-27T09:42:45.000000Z
8752,71,חיובי שלילי וערך מוחלט,אל - 75 - 30,אנ - 41 - 266,1,Numeric bullet single choice,פסיכומטרי,6,2024-04-27T10:11:40.000000Z,2024-04-27T10:11:40.000000Z
8787,71,חיובי שלילי וערך מוחלט,אל - 75 - 31,אנ - 41 - 267,1,Numeric bullet single choice,פסיכומטרי,6,2024-04-27T14:03:10.000000Z,2024-04-27T14:03:10.000000Z
8898,71,חיובי שלילי וערך מוחלט,אל - 77 - 36,אנ - 41 - 268.1,1,Numeric bullet single choice,פסיכומטרי,4,2024-04-29T13:29:51.000000Z,2024-04-29T13:29:51.000000Z
6210,76,עצרת,אל - 92 - 10,אנ - 41 - 268.2,1,Numeric bullet single choice,פסיכומטרי,9,2023-12-27T08:34:33.000000Z,2024-12-24T09:21:00.000000Z
6212,76,עצרת,אל - 93 - 12,אנ - 41 - 269,1,Numeric bullet single choice,פסיכומטרי,8,2023-12-27T08:45:52.000000Z,2025-01-19T10:16:54.000000Z
6222,76,עצרת,אל - 93 - 13,אנ - 41 - 270,1,Numeric bullet single choice,פסיכומטרי,9,2023-12-27T08:57:57.000000Z,2024-07-21T13:57:25.000000Z
6453,76,עצרת,אל - 95 - 20,אנ - 41 - 271,1,Numeric bullet single choice,פסיכומטרי,4,2023-12-28T06:23:49.000000Z,2024-02-18T09:57:39.000000Z
6457,76,עצרת,אל - 95 - 21,אנ - 42 - 272,1,Numeric bullet single choice,פסיכומטרי,6,2023-12-28T06:28:01.000000Z,2024-07-21T14:23:10.000000Z
6465,76,עצרת,אל - 95 - 22,אנ - 42 - 273,1,Numeric bullet single choice,פסיכומטרי,3,2023-12-28T06:32:33.000000Z,2023-12-29T08:18:15.000000Z
6484,76,עצרת,אל - 95 - 23,אנ - 42 - 274,1,Numeric bullet single choice,פסיכומטרי,5,2023-12-28T06:41:50.000000Z,2024-07-21T14:34:05.000000Z
6446,76,עצרת,אל- 94 - 19,אנ - 42 - 275,1,Numeric bullet single choice,פסיכומטרי,3,2023-12-28T06:19:40.000000Z,2023-12-29T08:20:04.000000Z
5687,215,,אנ  - 26 - 146,אנ - 42 - 276.1,1,English layout,פסיכומטרי,1,2023-12-25T13:30:48.000000Z,2023-12-25T13:30:48.000000Z
752,198,Sentence Completions,אנ  - 95- 99,אנ - 42 - 276.2,1,English layout,פסיכומטרי,6,2023-09-22T12:07:50.000000Z,2024-04-21T11:19:10.000000Z
8540,246,Sentence Completions,אנ  - 95- 99,אנ - 42 - 277,1,English layout,אמירנט,6,2024-04-21T11:20:26.000000Z,2024-04-21T11:20:26.000000Z
5308,215,,אנ - 10 - 17,אנ - 42 - 278,1,English layout,פסיכומטרי,1,2023-12-20T09:43:52.000000Z,2023-12-20T09:43:52.000000Z
11873,269,,אנ - 10 - 17,אנ - 42 - 279,1,English layout,אמירנט,1,2024-09-23T05:47:58.000000Z,2024-09-23T05:47:58.000000Z
5311,215,,אנ - 10 - 18,אנ - 42 - 280,1,English layout,פסיכומטרי,1,2023-12-20T09:46:23.000000Z,2023-12-20T09:46:23.000000Z
11874,269,,אנ - 10 - 18,אנ - 43 - 281,1,English layout,אמירנט,1,2024-09-23T05:50:58.000000Z,2024-09-23T05:50:58.000000Z
5315,215,,אנ - 10 - 19,אנ - 43 - 281.1,1,English layout,פסיכומטרי,1,2023-12-20T09:49:52.000000Z,2023-12-20T09:49:52.000000Z
11875,269,,אנ - 10 - 19,אנ - 43 - 282.2,1,English layout,אמירנט,1,2024-09-23T05:51:55.000000Z,2024-09-23T05:51:55.000000Z
5317,215,,אנ - 10 - 20,אנ - 43 - 283,1,English layout,פסיכומטרי,1,2023-12-20T09:51:37.000000Z,2023-12-20T09:51:37.000000Z
11876,269,,אנ - 10 - 20,אנ - 43 - 284,1,English layout,אמירנט,1,2024-09-23T05:53:16.000000Z,2024-09-23T05:53:16.000000Z
5321,215,,אנ - 10 - 21,אנ - 43 - 285,1,English layout,פסיכומטרי,1,2023-12-20T09:53:23.000000Z,2023-12-20T09:53:23.000000Z
11877,269,,אנ - 10 - 21,אנ - 43 - 286,1,English layout,אמירנט,1,2024-09-23T05:54:19.000000Z,2024-09-23T05:54:19.000000Z
5324,215,,אנ - 10 - 22,אנ - 43 - 287,1,English layout,פסיכומטרי,1,2023-12-20T09:55:21.000000Z,2023-12-20T09:55:21.000000Z
11878,269,,אנ - 10 - 22,אנ - 44 - 288,1,English layout,אמירנט,1,2024-09-23T05:55:14.000000Z,2024-09-23T05:55:14.000000Z
5326,215,,אנ - 10 - 23,אנ - 44 - 289,1,English layout,פסיכומטרי,1,2023-12-20T09:57:16.000000Z,2023-12-20T09:57:16.000000Z
11879,269,,אנ - 10 - 23,אנ - 44 - 290.1,1,English layout,אמירנט,1,2024-09-23T05:56:30.000000Z,2024-09-23T05:56:30.000000Z
5329,215,,אנ - 10 - 24,אנ - 44 - 290.2,1,English layout,פסיכומטרי,1,2023-12-20T09:59:04.000000Z,2023-12-20T09:59:04.000000Z
11880,269,,אנ - 10 - 24,אנ - 44 - 291,1,English layout,אמירנט,1,2024-09-23T05:57:19.000000Z,2024-09-23T05:57:19.000000Z
5330,215,,אנ - 10 - 25,אנ - 44 - 292,1,English layout,פסיכומטרי,1,2023-12-20T10:00:36.000000Z,2023-12-20T10:00:36.000000Z
11881,269,,אנ - 10 - 25,אנ - 44 - 293.1,1,English layout,אמירנט,1,2024-09-23T05:58:58.000000Z,2024-09-23T05:58:58.000000Z
786,198,Sentence Completions,אנ - 100 - 116,אנ - 44 - 293.2,1,English layout,פסיכומטרי,7,2023-09-23T15:12:49.000000Z,2024-04-21T11:22:58.000000Z
8541,246,Sentence Completions,אנ - 100 - 116,אנ - 44 - 294,1,English layout,אמירנט,7,2024-04-21T11:23:51.000000Z,2024-04-21T11:23:51.000000Z
787,198,Sentence Completions,אנ - 100 - 117,אנ - 45 - 295,1,English layout,פסיכומטרי,5,2023-09-23T15:17:08.000000Z,2023-09-23T15:17:08.000000Z
8542,246,Sentence Completions,אנ - 100 - 117,אנ - 45 - 296.1,1,English layout,אמירנט,5,2024-04-21T11:25:58.000000Z,2024-04-21T11:25:58.000000Z
788,198,Sentence Completions,אנ - 100 - 118,אנ - 45 - 296.2,1,English layout,פסיכומטרי,4,2023-09-23T15:25:36.000000Z,2023-09-23T15:25:36.000000Z
8543,246,Sentence Completions,אנ - 100 - 118,אנ - 45 - 296.3,1,English layout,אמירנט,4,2024-04-21T11:27:16.000000Z,2024-04-21T11:27:16.000000Z
790,198,Sentence Completions,אנ - 101 -  120,אנ - 45 - 297,1,English layout,פסיכומטרי,8,2023-09-23T15:31:44.000000Z,2023-09-23T15:31:44.000000Z
8544,246,Sentence Completions,אנ - 101 -  120,אנ - 45 - 298,1,English layout,אמירנט,8,2024-04-21T11:33:53.000000Z,2024-04-21T11:33:53.000000Z
789,198,Sentence Completions,אנ - 101 - 119,אנ - 45 - 299,1,English layout,פסיכומטרי,6,2023-09-23T15:28:34.000000Z,2023-09-23T15:28:34.000000Z
8545,246,Sentence Completions,אנ - 101 - 119,אנ - 45 - 300,1,English layout,אמירנט,6,2024-04-21T11:35:03.000000Z,2024-11-13T13:46:24.000000Z
5332,215,,אנ - 11 - 26,אנ - 45 - 301,1,English layout,פסיכומטרי,1,2023-12-20T10:02:24.000000Z,2023-12-20T10:02:24.000000Z
11882,269,,אנ - 11 - 26,אנ - 45 - 302,1,English layout,אמירנט,1,2024-09-23T05:59:47.000000Z,2024-09-23T05:59:47.000000Z
5334,215,,אנ - 11 - 27,אנ - 46 - 303,1,English layout,פסיכומטרי,1,2023-12-20T10:04:31.000000Z,2024-09-23T06:00:58.000000Z
11883,269,,אנ - 11 - 27,אנ - 46 - 304,1,English layout,אמירנט,1,2024-09-23T06:01:10.000000Z,2024-09-23T06:01:10.000000Z
5335,215,,אנ - 11 - 28,אנ - 46 - 305,1,English layout,פסיכומטרי,1,2023-12-20T10:06:11.000000Z,2023-12-20T10:06:11.000000Z
11884,269,,אנ - 11 - 28,אנ - 46 - 306,1,English layout,אמירנט,1,2024-09-23T06:02:08.000000Z,2024-09-23T06:02:08.000000Z
5337,215,,אנ - 11 - 29,אנ - 46 - 307.1,1,English layout,פסיכומטרי,1,2023-12-20T10:09:02.000000Z,2023-12-20T10:09:02.000000Z
11885,269,,אנ - 11 - 29,אנ - 46 - 307.2,1,English layout,אמירנט,1,2024-09-23T06:02:43.000000Z,2024-09-23T06:02:43.000000Z
5338,215,,אנ - 11 - 30,אנ - 46 - 308,1,English layout,פסיכומטרי,1,2023-12-20T10:10:15.000000Z,2023-12-20T10:10:15.000000Z
11886,269,,אנ - 11 - 30,אנ - 46 - 309,1,English layout,אמירנט,1,2024-09-23T06:03:35.000000Z,2024-09-23T06:03:35.000000Z
5339,215,,אנ - 11 - 31,אנ - 46 - 310,1,English layout,פסיכומטרי,1,2023-12-20T10:11:52.000000Z,2023-12-20T10:11:52.000000Z
11887,269,,אנ - 11 - 31,אנ - 46 - 311,1,English layout,אמירנט,1,2024-09-23T06:04:30.000000Z,2024-09-23T06:04:30.000000Z
5341,215,,אנ - 11 - 32,אנ - 47 - 312,1,English layout,פסיכומטרי,1,2023-12-20T10:13:25.000000Z,2023-12-20T10:13:25.000000Z
11888,269,,אנ - 11 - 32,אנ - 47 - 313,1,English layout,אמירנט,1,2024-09-23T06:06:05.000000Z,2024-09-23T06:06:05.000000Z
5343,215,,אנ - 11 - 33.1,אנ - 47 - 314,1,English layout,פסיכומטרי,1,2023-12-20T10:17:00.000000Z,2024-02-26T08:34:46.000000Z
11889,269,,אנ - 11 - 33.1,אנ - 47 - 315,1,English layout,אמירנט,1,2024-09-23T06:06:38.000000Z,2024-09-23T06:06:38.000000Z
5344,215,,אנ - 11 - 33.2,אנ - 47 - 316,1,English layout,פסיכומטרי,1,2023-12-20T10:18:34.000000Z,2023-12-20T10:18:34.000000Z
11890,269,,אנ - 11 - 33.2,אנ - 47 - 317,1,English layout,אמירנט,1,2024-09-23T06:07:10.000000Z,2024-09-23T06:07:10.000000Z
8546,249,Restatements,אנ - 115 - 41,אנ - 47 - 318,1,English layout,אמירנט,4,2024-04-21T11:41:30.000000Z,2024-04-21T11:41:30.000000Z
8547,249,Restatements,אנ - 115 - 42,אנ - 47 - 319,1,English layout,אמירנט,7,2024-04-21T12:06:34.000000Z,2024-12-03T05:08:20.000000Z
800,200,Restatements,אנ - 116 - 43,אנ - 47 - 320,1,English layout,פסיכומטרי,5,2023-09-24T04:17:26.000000Z,2023-09-25T02:35:52.000000Z
8560,249,Restatements,אנ - 116 - 43,אנ - 48 - 321,1,English layout,אמירנט,5,2024-04-24T09:35:07.000000Z,2024-04-24T09:35:07.000000Z
801,200,Restatements,אנ - 116 - 44,אנ - 48 - 322,1,English layout,פסיכומטרי,8,2023-09-24T04:24:14.000000Z,2024-04-24T09:37:01.000000Z
8561,249,Restatements,אנ - 116 - 44,אנ - 48 - 323,1,English layout,אמירנט,8,2024-04-24T09:38:31.000000Z,2024-12-03T05:21:12.000000Z
8562,249,Restatements,אנ - 116 - 45,אנ - 48 - 324,1,English layout,אמירנט,5,2024-04-24T09:39:41.000000Z,2024-12-03T05:22:25.000000Z
822,200,Restatements,אנ - 117 - 46,אנ - 48 - 325.1,1,English layout,פסיכומטרי,6,2023-09-25T02:30:59.000000Z,2023-09-25T02:30:59.000000Z
8563,249,Restatements,אנ - 117 - 46,אנ - 48 - 325.2,1,English layout,אמירנט,6,2024-04-24T09:41:38.000000Z,2024-05-07T09:30:01.000000Z
823,200,Restatements,אנ - 117 - 47,אנ - 48 - 326,1,English layout,פסיכומטרי,9,2023-09-25T02:39:17.000000Z,2023-09-25T02:39:17.000000Z
8564,249,Restatements,אנ - 117 - 47,אנ - 48 - 327,1,English layout,אמירנט,9,2024-04-24T09:43:33.000000Z,2024-04-24T09:43:33.000000Z
824,200,Restatements,אנ - 117 - 48,אנ - 49 - 328.1,1,English layout,פסיכומטרי,7,2023-09-25T02:43:11.000000Z,2024-04-24T09:45:07.000000Z
8565,249,Restatements,אנ - 117 - 48,אנ - 49 - 328.2,1,English layout,אמירנט,7,2024-04-24T09:45:50.000000Z,2024-04-24T09:45:50.000000Z
825,200,Restatements,אנ - 118 - 49,אנ - 49 - 329,1,English layout,פסיכומטרי,4,2023-09-25T02:46:21.000000Z,2024-04-24T09:47:09.000000Z
8566,249,Restatements,אנ - 118 - 49,אנ - 49 - 330,1,English layout,אמירנט,4,2024-04-24T09:47:29.000000Z,2024-04-24T09:47:29.000000Z
8567,249,Restatements,אנ - 118 - 50,אנ - 49 - 331,1,English layout,אמירנט,6,2024-04-24T09:51:26.000000Z,2024-12-03T05:26:51.000000Z
827,200,Restatements,אנ - 118 - 51,אנ - 49 - 332,1,English layout,פסיכומטרי,8,2023-09-25T02:54:51.000000Z,2024-04-24T09:53:12.000000Z
8568,249,Restatements,אנ - 118 - 51,אנ - 49 - 333,1,English layout,אמירנט,8,2024-04-24T09:53:30.000000Z,2024-04-24T09:53:30.000000Z
8569,249,Restatements,אנ - 119 - 52,אנ - 49 - 334,1,English layout,אמירנט,5,2024-04-24T09:55:13.000000Z,2024-04-24T09:55:13.000000Z
906,200,Restatements,אנ - 119 - 53,אנ - 49 - 335,1,English layout,פסיכומטרי,3,2023-09-26T09:06:22.000000Z,2024-04-24T10:21:07.000000Z
8570,249,Restatements,אנ - 119 - 53,אנ - 50 - 336.1,1,English layout,אמירנט,3,2024-04-24T10:22:08.000000Z,2024-04-24T10:22:08.000000Z
8571,249,Restatements,אנ - 119 - 54,אנ - 50 - 336.2,1,English layout,אמירנט,4,2024-04-24T10:24:21.000000Z,2024-12-03T05:29:11.000000Z
908,200,Restatements,אנ - 119 - 55,אנ - 50 - 337,1,English layout,פסיכומטרי,7,2023-09-26T09:16:29.000000Z,2024-04-24T10:25:57.000000Z
8572,249,Restatements,אנ - 119 - 55,אנ - 50 - 338,1,English layout,אמירנט,7,2024-04-24T10:26:37.000000Z,2024-04-24T10:26:37.000000Z
5345,215,,אנ - 12 - 34,אנ - 50 - 339,1,English layout,פסיכומטרי,1,2023-12-20T10:20:27.000000Z,2023-12-20T10:20:27.000000Z
11891,269,,אנ - 12 - 34,אנ - 50 - 340,1,English layout,אמירנט,1,2024-09-23T06:08:04.000000Z,2024-09-23T06:08:04.000000Z
5348,215,,אנ - 12 - 35,אנ - 50 - 341,1,English layout,פסיכומטרי,1,2023-12-20T10:32:21.000000Z,2024-02-26T08:36:52.000000Z
11892,269,,אנ - 12 - 35,אנ - 50 - 342,1,English layout,אמירנט,1,2024-09-23T06:08:53.000000Z,2024-09-23T06:08:53.000000Z
5349,215,,אנ - 12 - 36,אנ - 50 - 343,1,English layout,פסיכומטרי,1,2023-12-20T10:34:13.000000Z,2023-12-20T10:34:13.000000Z
11893,269,,אנ - 12 - 36,אנ - 51 - 344,1,English layout,אמירנט,1,2024-09-23T06:09:16.000000Z,2024-09-23T06:09:16.000000Z
5350,215,,אנ - 12 - 37,אנ - 51 - 345,1,English layout,פסיכומטרי,1,2023-12-20T10:35:39.000000Z,2023-12-20T10:35:39.000000Z
11894,269,,אנ - 12 - 37,אנ - 51 - 346,1,English layout,אמירנט,1,2024-09-23T06:09:58.000000Z,2024-09-23T06:09:58.000000Z
5351,215,,אנ - 12 - 38,אנ - 51 - 347,1,English layout,פסיכומטרי,1,2023-12-20T10:37:27.000000Z,2023-12-20T10:37:27.000000Z
11895,269,,אנ - 12 - 38,אנ - 51 - 348,1,English layout,אמירנט,1,2024-09-23T06:10:35.000000Z,2024-09-23T06:10:35.000000Z
5352,215,,אנ - 12 - 39,אנ - 51 - 349,1,English layout,פסיכומטרי,1,2023-12-20T10:39:31.000000Z,2023-12-20T10:39:31.000000Z
11896,269,,אנ - 12 - 39,אנ - 51 - 350,1,English layout,אמירנט,1,2024-09-23T06:11:13.000000Z,2024-09-23T06:11:13.000000Z
5353,215,,אנ - 12 - 40,אנ - 51 - 351,1,English layout,פסיכומטרי,1,2023-12-20T10:40:59.000000Z,2023-12-20T10:40:59.000000Z
11897,269,,אנ - 12 - 40,אנ - 51 - 352,1,English layout,אמירנט,1,2024-09-23T06:12:19.000000Z,2024-09-23T06:12:19.000000Z
909,200,Restatements,אנ - 120 - 56,אנ - 52 - 353,1,English layout,פסיכומטרי,10,2023-09-26T09:20:10.000000Z,2024-04-24T10:27:47.000000Z
8573,249,Restatements,אנ - 120 - 56,אנ - 52 - 354,1,English layout,אמירנט,10,2024-04-24T10:28:23.000000Z,2024-04-24T10:28:23.000000Z
8794,249,Restatements,אנ - 120 - 58,אנ - 52 - 355,1,English layout,אמירנט,3,2024-04-28T03:26:44.000000Z,2024-04-28T03:26:44.000000Z
910,200,Restatements,אנ - 120 -57,אנ - 52 - 356,1,English layout,פסיכומטרי,5,2023-09-26T09:23:39.000000Z,2023-09-26T09:23:39.000000Z
8617,249,Restatements,אנ - 120 -57,אנ - 52 - 357,1,English layout,אמירנט,5,2024-04-25T11:43:36.000000Z,2024-04-25T11:43:36.000000Z
8618,249,Restatements,אנ - 121 - 59,אנ - 52 - 358,1,English layout,אמירנט,7,2024-04-25T11:45:17.000000Z,2024-04-25T11:45:17.000000Z
913,200,Restatements,אנ - 121 - 60,אנ - 52 - 359.1,1,English layout,פסיכומטרי,10,2023-09-26T09:40:29.000000Z,2024-04-25T11:48:46.000000Z
8619,249,Restatements,אנ - 121 - 60,אנ - 52 - 359.2,1,English layout,אמירנט,10,2024-04-25T11:49:32.000000Z,2024-04-25T11:49:32.000000Z
8620,249,Restatements,אנ - 122 - 61,אנ - 52 - 360,1,English layout,אמירנט,3,2024-04-25T11:52:14.000000Z,2024-04-25T11:52:14.000000Z
8621,249,Restatements,אנ - 122 - 62,אנ - 53 - 361,1,English layout,אמירנט,4,2024-04-25T11:53:21.000000Z,2024-04-25T11:53:21.000000Z
916,200,Restatements,אנ - 122 - 63,אנ - 53 - 362,1,English layout,פסיכומטרי,3,2023-09-26T09:52:48.000000Z,2024-04-25T11:54:05.000000Z
8622,249,Restatements,אנ - 122 - 63,אנ - 53 - 363,1,English layout,אמירנט,3,2024-04-25T11:54:20.000000Z,2024-04-25T11:54:20.000000Z
917,200,Restatements,אנ - 123 - 64,אנ - 53 - 364,1,English layout,פסיכומטרי,6,2023-09-26T09:57:53.000000Z,2024-04-25T11:57:07.000000Z
8623,249,Restatements,אנ - 123 - 64,אנ - 53 - 365,1,English layout,אמירנט,6,2024-04-25T11:57:31.000000Z,2024-12-10T06:29:59.000000Z
918,200,Restatements,אנ - 123 - 65,אנ - 53 - 366,1,English layout,פסיכומטרי,3,2023-09-26T10:03:27.000000Z,2024-04-25T12:00:48.000000Z
8624,249,Restatements,אנ - 123 - 65,אנ - 53 - 367,1,English layout,אמירנט,3,2024-04-25T12:01:05.000000Z,2024-04-25T12:01:05.000000Z
919,200,Restatements,אנ - 123 - 66,אנ - 53 - 368,1,English layout,פסיכומטרי,9,2023-09-26T10:13:27.000000Z,2024-04-25T12:05:38.000000Z
8627,249,Restatements,אנ - 123 - 66,אנ - 54 - 369,1,English layout,אמירנט,9,2024-04-25T12:06:07.000000Z,2024-04-25T12:06:07.000000Z
920,200,Restatements,אנ - 124 - 67,אנ - 54 - 370,1,English layout,פסיכומטרי,4,2023-09-26T10:44:22.000000Z,2024-04-25T12:03:51.000000Z
8626,249,Restatements,אנ - 124 - 67,אנ - 54 - 371,1,English layout,אמירנט,4,2024-04-25T12:04:21.000000Z,2024-12-10T06:31:54.000000Z
921,200,Restatements,אנ - 124 - 68,אנ - 54 - 372,1,English layout,פסיכומטרי,4,2023-09-26T10:49:40.000000Z,2024-04-25T12:02:20.000000Z
8625,249,Restatements,אנ - 124 - 68,אנ - 54 - 373,1,English layout,אמירנט,4,2024-04-25T12:02:38.000000Z,2024-04-25T12:02:38.000000Z
5360,215,,אנ - 13 - 41,אנ - 54 - 374,1,English layout,פסיכומטרי,1,2023-12-21T06:31:05.000000Z,2023-12-21T06:31:05.000000Z
11898,269,,אנ - 13 - 41,אנ - 54 - 375,1,English layout,אמירנט,1,2024-09-23T06:14:09.000000Z,2024-09-23T06:14:09.000000Z
5361,215,,אנ - 13 - 42,אנ - 54 - 376.1,1,English layout,פסיכומטרי,1,2023-12-21T06:33:04.000000Z,2023-12-21T06:33:04.000000Z
11899,269,,אנ - 13 - 42,אנ - 54 - 376.2,1,English layout,אמירנט,1,2024-09-23T06:14:45.000000Z,2024-09-23T06:14:45.000000Z
5362,215,,אנ - 13 - 43,אנ - 55 - 377,1,English layout,פסיכומטרי,1,2023-12-21T06:36:18.000000Z,2023-12-21T06:36:18.000000Z
11900,269,,אנ - 13 - 43,אנ - 55 - 378,1,English layout,אמירנט,1,2024-09-23T06:16:33.000000Z,2024-09-23T06:16:33.000000Z
5363,215,,אנ - 13 - 44,אנ - 55 - 379,1,English layout,פסיכומטרי,1,2023-12-21T06:43:09.000000Z,2023-12-21T06:43:09.000000Z
11901,269,,אנ - 13 - 44,אנ - 55 - 380,1,English layout,אמירנט,1,2024-09-23T06:17:10.000000Z,2024-09-23T06:17:10.000000Z
5364,215,,אנ - 13 - 45,אנ - 55 - 381,1,English layout,פסיכומטרי,1,2023-12-21T06:46:02.000000Z,2023-12-21T06:46:02.000000Z
11902,269,,אנ - 13 - 45,אנ - 55 - 382,1,English layout,אמירנט,1,2024-09-23T06:18:37.000000Z,2024-09-23T06:18:37.000000Z
5365,215,,אנ - 13 - 46,אנ - 55 - 383,1,English layout,פסיכומטרי,1,2023-12-21T06:47:36.000000Z,2023-12-21T06:47:36.000000Z
11903,269,,אנ - 13 - 46,אנ - 55 - 384,1,English layout,אמירנט,1,2024-09-23T06:19:25.000000Z,2024-09-23T06:19:25.000000Z
5366,215,,אנ - 13 - 47,אנ - 55 - 385,1,English layout,פסיכומטרי,1,2023-12-21T07:01:29.000000Z,2023-12-21T07:01:29.000000Z
11904,269,,אנ - 13 - 47,אנ - 56 - 386.1,1,English layout,אמירנט,1,2024-09-23T06:20:01.000000Z,2024-09-23T06:20:01.000000Z
5367,215,,אנ - 13 - 48,אנ - 56 - 386.2,1,English layout,פסיכומטרי,1,2023-12-21T07:03:32.000000Z,2023-12-21T07:03:32.000000Z
11905,269,,אנ - 13 - 48,אנ - 56 - 387,1,English layout,אמירנט,1,2024-09-23T06:21:57.000000Z,2024-09-23T06:21:57.000000Z
5368,215,,אנ - 14 - 49,אנ - 56 - 388,1,English layout,פסיכומטרי,1,2023-12-21T07:05:35.000000Z,2023-12-21T07:05:35.000000Z
11906,269,,אנ - 14 - 49,אנ - 56 - 389.1,1,English layout,אמירנט,1,2024-09-23T06:22:31.000000Z,2024-09-23T06:22:31.000000Z
5369,215,,אנ - 14 - 50,אנ - 56 - 389.2,1,English layout,פסיכומטרי,1,2023-12-21T07:07:17.000000Z,2024-09-23T06:24:05.000000Z
11907,269,,אנ - 14 - 50,אנ - 56 - 390.1,1,English layout,אמירנט,1,2024-09-23T06:24:28.000000Z,2024-09-23T06:24:28.000000Z
5370,215,,אנ - 14 - 51,אנ - 56 - 390.2,1,English layout,פסיכומטרי,1,2023-12-21T07:08:50.000000Z,2023-12-21T07:08:50.000000Z
11908,269,,אנ - 14 - 51,אנ - 56 - 390.3,1,English layout,אמירנט,1,2024-09-23T06:28:25.000000Z,2024-09-23T06:28:25.000000Z
5371,215,,אנ - 14 - 52,אנ - 56 - 391,1,English layout,פסיכומטרי,1,2023-12-21T07:10:20.000000Z,2023-12-21T07:10:20.000000Z
11909,269,,אנ - 14 - 52,אנ - 57 - 392,1,English layout,אמירנט,1,2024-09-23T06:30:31.000000Z,2024-09-23T06:30:31.000000Z
5372,215,,אנ - 14 - 53,אנ - 57 - 393.1,1,English layout,פסיכומטרי,1,2023-12-21T07:11:49.000000Z,2023-12-21T07:11:49.000000Z
11910,269,,אנ - 14 - 53,אנ - 57 - 393.2,1,English layout,אמירנט,1,2024-09-23T06:31:01.000000Z,2024-09-23T06:31:01.000000Z
5373,215,,אנ - 14 - 54,אנ - 57 - 394,1,English layout,פסיכומטרי,1,2023-12-21T07:13:31.000000Z,2023-12-21T07:13:31.000000Z
11911,269,,אנ - 14 - 54,אנ - 57 - 395,1,English layout,אמירנט,1,2024-09-23T06:31:53.000000Z,2024-09-23T06:31:53.000000Z
5374,215,,אנ - 14 - 55,אנ - 57 - 396,1,English layout,פסיכומטרי,1,2023-12-21T07:15:07.000000Z,2023-12-21T07:15:07.000000Z
11912,269,,אנ - 14 - 55,אנ - 57 - 397,1,English layout,אמירנט,1,2024-09-23T06:32:43.000000Z,2024-09-23T06:32:43.000000Z
5375,215,,אנ - 14 - 56,אנ - 57 - 398,1,English layout,פסיכומטרי,1,2023-12-21T07:42:50.000000Z,2023-12-21T07:42:50.000000Z
11913,269,,אנ - 14 - 56,אנ - 57 - 399,1,English layout,אמירנט,1,2024-09-23T06:33:20.000000Z,2024-09-23T06:33:20.000000Z
5376,215,,אנ - 14 - 57,אנ - 57 - 400,1,English layout,פסיכומטרי,1,2023-12-21T07:44:20.000000Z,2023-12-21T07:44:20.000000Z
11914,269,,אנ - 14 - 57,אנ - 58 - 401,1,English layout,אמירנט,1,2024-09-23T06:33:55.000000Z,2024-09-23T06:33:55.000000Z
5377,215,,אנ - 15 - 58,אנ - 58 - 402,1,English layout,פסיכומטרי,1,2023-12-21T07:45:48.000000Z,2023-12-21T07:45:48.000000Z
11915,269,,אנ - 15 - 58,אנ - 58 - 403,1,English layout,אמירנט,1,2024-09-23T06:34:38.000000Z,2024-09-23T06:34:38.000000Z
5378,215,,אנ - 15 - 59,אנ - 58 - 404,1,English layout,פסיכומטרי,1,2023-12-21T07:47:10.000000Z,2023-12-21T07:47:10.000000Z
11916,269,,אנ - 15 - 59,אנ - 58 - 405,1,English layout,אמירנט,1,2024-09-23T06:35:13.000000Z,2024-09-23T06:35:13.000000Z
5379,215,,אנ - 15 - 60,אנ - 58 - 406,1,English layout,פסיכומטרי,1,2023-12-21T07:48:30.000000Z,2023-12-21T07:48:30.000000Z
11917,269,,אנ - 15 - 60,אנ - 58 - 407,1,English layout,אמירנט,1,2024-09-23T06:36:34.000000Z,2024-09-23T06:36:34.000000Z
5380,215,,אנ - 15 - 61,אנ - 58 - 408,1,English layout,פסיכומטרי,1,2023-12-21T07:50:37.000000Z,2023-12-21T07:50:37.000000Z
5381,215,,אנ - 15 - 62,אנ - 59 - 409,1,English layout,פסיכומטרי,1,2023-12-21T07:52:00.000000Z,2023-12-21T07:52:00.000000Z
11918,269,,אנ - 15 - 62,אנ - 59 - 410,1,English layout,אמירנט,1,2024-09-23T06:37:07.000000Z,2024-09-23T06:37:07.000000Z
5382,215,,אנ - 15 - 63.1,אנ - 59 - 411,1,English layout,פסיכומטרי,1,2023-12-21T07:53:45.000000Z,2023-12-21T07:53:45.000000Z
5383,215,,אנ - 15 - 63.2,אנ - 59 - 412,1,English layout,פסיכומטרי,1,2023-12-21T07:55:34.000000Z,2023-12-21T07:55:34.000000Z
11920,269,,אנ - 15 - 63.2,אנ - 59 - 413,1,English layout,אמירנט,1,2024-09-23T06:38:24.000000Z,2024-09-23T06:38:24.000000Z
5384,215,,אנ - 15 - 64,אנ - 59 - 414,1,English layout,פסיכומטרי,1,2023-12-21T07:57:12.000000Z,2023-12-21T07:57:12.000000Z
11921,269,,אנ - 15 - 64,אנ - 59 - 415,1,English layout,אמירנט,1,2024-09-23T06:39:14.000000Z,2024-09-23T06:39:14.000000Z
5385,215,,אנ - 15 - 65,אנ - 59 - 416,1,English layout,פסיכומטרי,1,2023-12-21T07:59:54.000000Z,2023-12-21T07:59:54.000000Z
11923,269,,אנ - 15 - 65,אנ - 59 - 417,1,English layout,אמירנט,1,2024-09-23T06:41:16.000000Z,2024-09-23T06:41:16.000000Z
5386,215,,אנ - 16 - 66,אנ - 60 - 418,1,English layout,פסיכומטרי,1,2023-12-21T08:01:19.000000Z,2023-12-21T08:01:19.000000Z
11922,269,,אנ - 16 - 66,אנ - 60 - 419,1,English layout,אמירנט,1,2024-09-23T06:39:53.000000Z,2024-09-23T06:39:53.000000Z
5387,215,,אנ - 16 - 67,אנ - 60 - 420,1,English layout,פסיכומטרי,1,2023-12-21T08:02:45.000000Z,2023-12-21T08:02:45.000000Z
11924,269,,אנ - 16 - 67,אנ - 60 - 421,1,English layout,אמירנט,1,2024-09-23T06:41:44.000000Z,2024-09-23T06:41:44.000000Z
5388,215,,אנ - 16 - 68,אנ - 60 - 422,1,English layout,פסיכומטרי,1,2023-12-21T08:04:01.000000Z,2023-12-21T08:04:01.000000Z
11925,269,,אנ - 16 - 68,אנ - 60 - 423,1,English layout,אמירנט,1,2024-09-23T06:42:27.000000Z,2024-09-23T06:42:27.000000Z
5389,215,,אנ - 16 - 69,אנ - 60 - 424,1,English layout,פסיכומטרי,1,2023-12-21T08:05:16.000000Z,2023-12-21T08:05:16.000000Z
11926,269,,אנ - 16 - 69,אנ - 60 - 425,1,English layout,אמירנט,1,2024-09-23T06:43:34.000000Z,2024-09-23T06:43:34.000000Z
5391,215,,אנ - 16 - 70,אנ - 60 - 426,1,English layout,פסיכומטרי,1,2023-12-21T08:08:17.000000Z,2024-02-26T09:13:50.000000Z
11927,269,,אנ - 16 - 70,אנ - 61 - 427,1,English layout,אמירנט,1,2024-09-23T06:44:19.000000Z,2024-09-23T06:44:19.000000Z
5392,215,,אנ - 16 - 71,אנ - 61 - 428,1,English layout,פסיכומטרי,1,2023-12-21T08:09:36.000000Z,2023-12-21T08:09:36.000000Z
11928,269,,אנ - 16 - 71,אנ - 61 - 429,1,English layout,אמירנט,1,2024-09-23T07:00:49.000000Z,2024-09-23T07:00:49.000000Z
5393,215,,אנ - 16 - 72,אנ - 61 - 430,1,English layout,פסיכומטרי,1,2023-12-21T08:12:22.000000Z,2023-12-21T08:12:22.000000Z
11929,269,,אנ - 16 - 72,אנ - 61 - 431.1,1,English layout,אמירנט,1,2024-09-23T07:01:16.000000Z,2024-09-23T07:01:16.000000Z
5395,215,,אנ - 16 - 73.1,אנ - 61 - 431.2,1,English layout,פסיכומטרי,1,2023-12-21T08:15:07.000000Z,2023-12-21T08:15:07.000000Z
11930,269,,אנ - 16 - 73.1,אנ - 61 - 432,1,English layout,אמירנט,1,2024-09-23T07:01:37.000000Z,2024-09-23T07:01:37.000000Z
5396,215,,אנ - 16 - 73.2,אנ - 61 - 433.1,1,English layout,פסיכומטרי,1,2023-12-21T08:16:25.000000Z,2023-12-21T08:16:25.000000Z
11931,269,,אנ - 16 - 73.2,אנ - 61 - 433.2,1,English layout,אמירנט,1,2024-09-23T07:02:30.000000Z,2024-09-23T07:02:30.000000Z
5398,215,,אנ - 17 - 74,אנ - 61 - 434,1,English layout,פסיכומטרי,1,2023-12-21T08:17:57.000000Z,2023-12-21T08:17:57.000000Z
11932,269,,אנ - 17 - 74,אנ - 62 - 435,1,English layout,אמירנט,1,2024-09-23T07:03:06.000000Z,2024-09-23T07:03:06.000000Z
5399,215,,אנ - 17 - 75,אנ - 62 - 436,1,English layout,פסיכומטרי,1,2023-12-21T08:19:25.000000Z,2023-12-21T08:19:25.000000Z
11933,269,,אנ - 17 - 75,אנ - 62 - 437,1,English layout,אמירנט,1,2024-09-23T07:03:37.000000Z,2024-09-23T07:03:37.000000Z
5400,215,,אנ - 17 - 76,אנ - 62 - 438,1,English layout,פסיכומטרי,1,2023-12-21T08:20:42.000000Z,2023-12-21T08:20:42.000000Z
11934,269,,אנ - 17 - 76,אנ - 62 - 439,1,English layout,אמירנט,1,2024-09-23T07:04:05.000000Z,2024-09-23T07:04:05.000000Z
5402,215,,אנ - 17 - 77,אנ - 62 - 440,1,English layout,פסיכומטרי,1,2023-12-21T08:22:11.000000Z,2024-03-01T11:51:32.000000Z
11935,269,,אנ - 17 - 77,אנ - 63 - 441,1,English layout,אמירנט,1,2024-09-23T07:04:21.000000Z,2024-09-23T07:04:21.000000Z
5404,215,,אנ - 17 - 78,אנ - 63 - 442,1,English layout,פסיכומטרי,1,2023-12-21T08:28:58.000000Z,2023-12-21T08:28:58.000000Z
11936,269,,אנ - 17 - 78,אנ - 63 - 443,1,English layout,אמירנט,1,2024-09-23T07:04:35.000000Z,2024-09-23T07:04:35.000000Z
5405,215,,אנ - 17 - 79,אנ - 63 - 444,1,English layout,פסיכומטרי,1,2023-12-21T08:30:15.000000Z,2023-12-21T08:30:15.000000Z
11937,269,,אנ - 17 - 79,אנ - 63 - 445,1,English layout,אמירנט,1,2024-09-23T07:05:11.000000Z,2024-09-23T07:05:11.000000Z
5406,215,,אנ - 17 - 80,אנ - 63 - 446,1,English layout,פסיכומטרי,1,2023-12-21T08:31:55.000000Z,2023-12-21T08:31:55.000000Z
11938,269,,אנ - 17 - 80,אנ - 63 - 447,1,English layout,אמירנט,1,2024-09-23T07:06:03.000000Z,2024-09-23T07:06:03.000000Z
5407,215,,אנ - 18 - 81,אנ - 64 - 448,1,English layout,פסיכומטרי,1,2023-12-21T08:33:40.000000Z,2023-12-21T08:33:40.000000Z
11939,269,,אנ - 18 - 81,אנ - 64 - 449,1,English layout,אמירנט,1,2024-09-23T07:06:42.000000Z,2024-09-23T07:06:42.000000Z
5408,215,,אנ - 18 - 82,אנ - 64 - 450,1,English layout,פסיכומטרי,1,2023-12-21T08:35:56.000000Z,2023-12-21T08:35:56.000000Z
11940,269,,אנ - 18 - 82,אנ - 64 - 451,1,English layout,אמירנט,1,2024-09-23T07:07:12.000000Z,2024-09-23T07:07:12.000000Z
5409,215,,אנ - 18 - 83,אנ - 64 - 452,1,English layout,פסיכומטרי,1,2023-12-21T08:37:40.000000Z,2023-12-21T08:37:40.000000Z
11941,269,,אנ - 18 - 83,אנ - 64 - 453.1,1,English layout,אמירנט,1,2024-09-23T07:55:07.000000Z,2024-09-23T07:55:07.000000Z
5410,215,,אנ - 18 - 84,אנ - 64 - 453.2,1,English layout,פסיכומטרי,1,2023-12-21T08:39:17.000000Z,2023-12-21T08:39:17.000000Z
11942,269,,אנ - 18 - 84,אנ - 64 - 454,1,English layout,אמירנט,1,2024-09-23T07:56:41.000000Z,2024-09-23T07:56:41.000000Z
5412,215,,אנ - 18 - 85,אנ - 64 - 455,1,English layout,פסיכומטרי,1,2023-12-21T08:40:34.000000Z,2023-12-21T08:40:34.000000Z
11943,269,,אנ - 18 - 85,אנ - 64 - 456,1,English layout,אמירנט,1,2024-09-23T07:57:17.000000Z,2024-09-23T07:57:17.000000Z
5413,215,,אנ - 18 - 86,אנ - 64 - 457,1,English layout,פסיכומטרי,1,2023-12-21T08:42:14.000000Z,2023-12-21T08:42:14.000000Z
11944,269,,אנ - 18 - 86,אנ - 65 - 458,1,English layout,אמירנט,1,2024-09-23T07:57:38.000000Z,2024-09-23T07:57:38.000000Z
5414,215,,אנ - 18 - 87,אנ - 65 - 459,1,English layout,פסיכומטרי,1,2023-12-21T08:43:37.000000Z,2023-12-21T08:43:37.000000Z
11945,269,,אנ - 18 - 87,אנ - 65 - 460,1,English layout,אמירנט,1,2024-09-23T08:01:59.000000Z,2024-09-23T08:01:59.000000Z
5415,215,,אנ - 18 - 88,אנ - 65 - 461,1,English layout,פסיכומטרי,1,2023-12-21T08:45:19.000000Z,2023-12-21T08:45:19.000000Z
11946,269,,אנ - 18 - 88,אנ - 65 - 462,1,English layout,אמירנט,1,2024-09-23T08:02:26.000000Z,2024-09-23T08:02:26.000000Z
5417,215,,אנ - 19 - 89,אנ - 65 - 463,1,English layout,פסיכומטרי,1,2023-12-21T08:46:51.000000Z,2023-12-21T08:46:51.000000Z
11947,269,,אנ - 19 - 89,אנ - 65 - 464,1,English layout,אמירנט,1,2024-09-23T08:03:38.000000Z,2024-09-23T08:03:38.000000Z
5435,215,,אנ - 19 - 90,אנ - 65 - 465,1,English layout,פסיכומטרי,1,2023-12-21T12:14:24.000000Z,2023-12-21T12:14:24.000000Z
11948,269,,אנ - 19 - 90,אנ - 66 - 466,1,English layout,אמירנט,1,2024-09-23T08:05:34.000000Z,2024-09-23T08:05:34.000000Z
5437,215,,אנ - 19 - 91,אנ - 66 - 467,1,English layout,פסיכומטרי,1,2023-12-21T12:15:54.000000Z,2023-12-21T12:15:54.000000Z
11949,269,,אנ - 19 - 91,אנ - 66 - 468,1,English layout,אמירנט,1,2024-09-23T08:08:17.000000Z,2024-09-23T08:08:17.000000Z
5438,215,,אנ - 19 - 92,אנ - 66 - 469,1,English layout,פסיכומטרי,1,2023-12-21T12:18:39.000000Z,2023-12-21T12:18:39.000000Z
11950,269,,אנ - 19 - 92,אנ - 66 - 470,1,English layout,אמירנט,1,2024-09-23T08:09:43.000000Z,2024-09-23T08:09:43.000000Z
5440,215,,אנ - 19 - 93,אנ - 66 - 471,1,English layout,פסיכומטרי,1,2023-12-21T12:20:22.000000Z,2024-09-28T10:33:15.000000Z
11988,269,,אנ - 19 - 93,אנ - 66 - 472,1,English layout,אמירנט,1,2024-09-28T10:32:59.000000Z,2024-09-28T10:32:59.000000Z
5442,215,,אנ - 19 - 94,אנ - 66 - 473,1,English layout,פסיכומטרי,1,2023-12-21T12:21:43.000000Z,2023-12-21T12:21:43.000000Z
11989,269,,אנ - 19 - 94,אנ - 66 - 474,1,English layout,אמירנט,1,2024-09-28T10:34:00.000000Z,2024-09-28T10:34:00.000000Z
5443,215,,אנ - 19 - 95,אנ - 67 - 475,1,English layout,פסיכומטרי,1,2023-12-21T12:23:21.000000Z,2023-12-21T12:23:21.000000Z
11990,269,,אנ - 19 - 95,אנ - 67 - 476,1,English layout,אמירנט,1,2024-09-28T10:34:24.000000Z,2024-09-28T10:34:24.000000Z
5445,215,,אנ - 19 - 96,אנ - 67 - 477,1,English layout,פסיכומטרי,1,2023-12-21T12:25:05.000000Z,2023-12-21T12:25:05.000000Z
11991,269,,אנ - 19 - 96,אנ - 67 - 478,1,English layout,אמירנט,1,2024-09-28T10:34:54.000000Z,2024-09-28T10:34:54.000000Z
5447,215,,אנ - 19 - 97,אנ - 67 - 479,1,English layout,פסיכומטרי,1,2023-12-21T12:26:46.000000Z,2023-12-21T12:26:46.000000Z
11992,269,,אנ - 19 - 97,אנ - 67 - 480,1,English layout,אמירנט,1,2024-09-28T10:35:32.000000Z,2024-09-28T10:35:32.000000Z
5452,215,,אנ - 20 - 100.1,אנ - 71 - 1,1,English layout,פסיכומטרי,1,2023-12-21T12:31:27.000000Z,2023-12-21T12:31:27.000000Z
11993,269,,אנ - 20 - 100.1,אנ - 71 - 2,1,English layout,אמירנט,1,2024-09-28T10:36:05.000000Z,2024-09-28T10:36:05.000000Z
5455,215,,אנ - 20 - 100.2,אנ - 71 - 3,1,English layout,פסיכומטרי,1,2023-12-21T12:33:15.000000Z,2023-12-21T12:33:15.000000Z
11994,269,,אנ - 20 - 100.2,אנ - 71 - 4,1,English layout,אמירנט,1,2024-09-28T10:36:54.000000Z,2024-09-28T10:36:54.000000Z
5456,215,,אנ - 20 - 101,אנ - 72 - 5,1,English layout,פסיכומטרי,1,2023-12-21T12:34:46.000000Z,2023-12-21T12:34:46.000000Z
11995,269,,אנ - 20 - 101,אנ - 72 - 6,1,English layout,אמירנט,1,2024-09-28T10:37:16.000000Z,2024-09-28T10:37:16.000000Z
5458,215,,אנ - 20 - 102,אנ - 72 - 7,1,English layout,פסיכומטרי,1,2023-12-21T12:36:13.000000Z,2023-12-21T12:36:13.000000Z
11996,269,,אנ - 20 - 102,אנ - 72 - 8,1,English layout,אמירנט,1,2024-09-28T10:37:48.000000Z,2024-09-28T10:37:48.000000Z
5460,215,,אנ - 20 - 103,אנ - 73 - 10,1,English layout,פסיכומטרי,1,2023-12-21T12:38:16.000000Z,2023-12-21T12:38:16.000000Z
11997,269,,אנ - 20 - 103,אנ - 73 - 11,1,English layout,אמירנט,1,2024-09-28T10:39:43.000000Z,2024-09-28T10:39:43.000000Z
5462,215,,אנ - 20 - 104,אנ - 73 - 12,1,English layout,פסיכומטרי,1,2023-12-21T12:39:45.000000Z,2023-12-21T12:39:45.000000Z
11998,269,,אנ - 20 - 104,אנ - 73 - 9,1,English layout,אמירנט,1,2024-09-28T10:40:52.000000Z,2024-09-28T10:40:52.000000Z
5464,215,,אנ - 20 - 105,אנ - 74 - 13,1,English layout,פסיכומטרי,1,2023-12-21T12:41:03.000000Z,2023-12-21T12:41:03.000000Z
11999,269,,אנ - 20 - 105,אנ - 74 - 14,1,English layout,אמירנט,1,2024-09-28T10:41:32.000000Z,2024-09-28T10:41:32.000000Z
5449,215,,אנ - 20 - 98,אנ - 74 - 15,1,English layout,פסיכומטרי,1,2023-12-21T12:28:11.000000Z,2023-12-21T12:28:11.000000Z
12000,269,,אנ - 20 - 98,אנ - 74 - 16,1,English layout,אמירנט,1,2024-09-28T10:42:46.000000Z,2024-09-28T10:42:46.000000Z
5451,215,,אנ - 20 - 99,אנ - 75 - 17,1,English layout,פסיכומטרי,1,2023-12-21T12:29:35.000000Z,2024-03-01T12:16:32.000000Z
12001,269,,אנ - 20 - 99,אנ - 75 - 18,1,English layout,אמירנט,1,2024-09-28T10:43:42.000000Z,2024-09-28T10:43:42.000000Z
5466,215,,אנ - 21 - 106,אנ - 75 - 19,1,English layout,פסיכומטרי,1,2023-12-21T12:42:19.000000Z,2023-12-21T12:42:19.000000Z
12002,269,,אנ - 21 - 106,אנ - 75 - 20,1,English layout,אמירנט,1,2024-09-28T10:43:58.000000Z,2024-09-28T10:43:58.000000Z
5468,215,,אנ - 21 - 107,אנ - 76 - 21,1,English layout,פסיכומטרי,1,2023-12-21T12:43:53.000000Z,2023-12-21T12:43:53.000000Z
12003,269,,אנ - 21 - 107,אנ - 76 - 22,1,English layout,אמירנט,1,2024-09-28T10:44:32.000000Z,2024-09-28T10:44:32.000000Z
5469,215,,אנ - 21 - 108,אנ - 76 - 23,1,English layout,פסיכומטרי,1,2023-12-21T12:45:22.000000Z,2023-12-21T12:45:22.000000Z
12005,269,,אנ - 21 - 108,אנ - 76 - 24,1,English layout,אמירנט,1,2024-09-28T10:46:25.000000Z,2024-09-28T10:46:25.000000Z
5641,215,,אנ - 21 - 109,אנ - 77 - 25,1,English layout,פסיכומטרי,1,2023-12-25T12:11:26.000000Z,2023-12-25T12:11:26.000000Z
12006,269,,אנ - 21 - 109,אנ - 77 - 26,1,English layout,אמירנט,1,2024-09-28T10:47:34.000000Z,2024-09-28T10:47:34.000000Z
5642,215,,אנ - 21 - 110,אנ - 77 - 27,1,English layout,פסיכומטרי,1,2023-12-25T12:14:18.000000Z,2023-12-25T12:14:18.000000Z
12007,269,,אנ - 21 - 110,אנ - 77 - 28,1,English layout,אמירנט,1,2024-09-28T10:48:19.000000Z,2024-09-28T10:48:19.000000Z
5643,215,,אנ - 21 - 111,אנ - 78 - 29,1,English layout,פסיכומטרי,1,2023-12-25T12:15:49.000000Z,2023-12-25T12:15:49.000000Z
12008,269,,אנ - 21 - 111,אנ - 78 - 30,1,English layout,אמירנט,1,2024-09-28T10:49:08.000000Z,2024-09-28T10:49:08.000000Z
5644,215,,אנ - 21 - 112.1,אנ - 78 - 31,1,English layout,פסיכומטרי,1,2023-12-25T12:17:23.000000Z,2023-12-25T12:17:23.000000Z
12010,269,,אנ - 21 - 112.1,אנ - 78 - 32,1,English layout,אמירנט,1,2024-09-28T10:49:43.000000Z,2024-09-28T10:49:43.000000Z
5646,215,,אנ - 21 - 112.2,אנ - 79 - 33,1,English layout,פסיכומטרי,1,2023-12-25T12:20:16.000000Z,2023-12-25T12:20:16.000000Z
12011,269,,אנ - 21 - 112.2,אנ - 79 - 34,1,English layout,אמירנט,1,2024-09-28T10:50:04.000000Z,2024-09-28T10:50:04.000000Z
5647,215,,אנ - 21 - 113,אנ - 79 - 35,1,English layout,פסיכומטרי,1,2023-12-25T12:22:13.000000Z,2023-12-25T12:22:13.000000Z
12012,269,,אנ - 21 - 113,אנ - 79 - 36,1,English layout,אמירנט,1,2024-09-28T10:50:43.000000Z,2024-09-28T10:50:43.000000Z
5648,215,,אנ - 22 - 114,אנ - 8 - 1,1,English layout,פסיכומטרי,1,2023-12-25T12:23:53.000000Z,2023-12-25T12:23:53.000000Z
12013,269,,אנ - 22 - 114,אנ - 8 - 2,1,English layout,אמירנט,1,2024-09-28T10:51:10.000000Z,2024-09-28T10:51:10.000000Z
5649,215,,אנ - 22 - 115,אנ - 8 - 3,1,English layout,פסיכומטרי,1,2023-12-25T12:25:44.000000Z,2024-03-01T12:27:16.000000Z
12014,269,,אנ - 22 - 115,אנ - 8 - 4,1,English layout,אמירנט,1,2024-09-28T10:51:32.000000Z,2024-09-28T10:51:32.000000Z
5650,215,,אנ - 22 - 116,אנ - 8 - 5,1,English layout,פסיכומטרי,1,2023-12-25T12:27:25.000000Z,2023-12-25T12:27:25.000000Z
12015,269,,אנ - 22 - 116,אנ - 8 - 6,1,English layout,אמירנט,1,2024-09-28T10:52:03.000000Z,2024-09-28T10:52:03.000000Z
5652,215,,אנ - 22 - 117,אנ - 8 - 7,1,English layout,פסיכומטרי,1,2023-12-25T12:29:42.000000Z,2023-12-25T12:29:42.000000Z
12016,269,,אנ - 22 - 117,אנ - 8 - 8,1,English layout,אמירנט,1,2024-09-28T10:52:50.000000Z,2024-09-28T10:52:50.000000Z
5653,215,,אנ - 22 - 118,אנ - 80 - 37,1,English layout,פסיכומטרי,1,2023-12-25T12:33:50.000000Z,2023-12-25T12:33:50.000000Z
12017,269,,אנ - 22 - 118,אנ - 80 - 38,1,English layout,אמירנט,1,2024-09-28T10:53:14.000000Z,2024-09-28T10:53:14.000000Z
5654,215,,אנ - 22 - 119,אנ - 80 - 39,1,English layout,פסיכומטרי,1,2023-12-25T12:35:15.000000Z,2023-12-25T12:35:15.000000Z
12018,269,,אנ - 22 - 119,אנ - 80 - 40,1,English layout,אמירנט,1,2024-09-28T10:53:41.000000Z,2024-09-28T10:53:41.000000Z
5656,215,,אנ - 22 - 120,אנ - 81 - 41,1,English layout,פסיכומטרי,1,2023-12-25T12:36:59.000000Z,2023-12-25T12:36:59.000000Z
12019,269,,אנ - 22 - 120,אנ - 81 - 42,1,English layout,אמירנט,1,2024-09-28T10:54:17.000000Z,2024-09-28T10:54:17.000000Z
5657,215,,אנ - 23 - 121,אנ - 81 - 43,1,English layout,פסיכומטרי,1,2023-12-25T12:38:27.000000Z,2023-12-25T12:38:27.000000Z
12021,269,,אנ - 23 - 121,אנ - 81 - 44,1,English layout,אמירנט,1,2024-09-28T10:54:52.000000Z,2024-09-28T10:54:52.000000Z
5658,215,,אנ - 23 - 122,אנ - 82 - 45,1,English layout,פסיכומטרי,1,2023-12-25T12:40:30.000000Z,2023-12-25T12:40:30.000000Z
12022,269,,אנ - 23 - 122,אנ - 82 - 46,1,English layout,אמירנט,1,2024-09-28T10:55:22.000000Z,2024-09-28T10:55:22.000000Z
5659,215,,אנ - 23 - 123,אנ - 82 - 47,1,English layout,פסיכומטרי,1,2023-12-25T12:42:06.000000Z,2023-12-25T12:42:06.000000Z
12023,269,,אנ - 23 - 123,אנ - 82 - 48,1,English layout,אמירנט,1,2024-09-28T10:56:14.000000Z,2024-09-28T10:56:14.000000Z
5660,215,,אנ - 23 - 124,אנ - 83 - 49,1,English layout,פסיכומטרי,1,2023-12-25T12:43:34.000000Z,2024-10-27T06:29:59.000000Z
12024,269,,אנ - 23 - 124,אנ - 83 - 50,1,English layout,אמירנט,1,2024-09-28T10:56:46.000000Z,2024-10-27T06:29:38.000000Z
5661,215,,אנ - 23 - 125,אנ - 83 - 51,1,English layout,פסיכומטרי,1,2023-12-25T12:44:54.000000Z,2023-12-25T12:44:54.000000Z
12131,269,,אנ - 23 - 125,אנ - 83 - 52,1,English layout,אמירנט,1,2024-10-04T11:53:55.000000Z,2024-10-04T11:53:55.000000Z
5663,215,,אנ - 23 - 126,אנ - 84 - 53,1,English layout,פסיכומטרי,1,2023-12-25T12:46:21.000000Z,2023-12-25T12:46:21.000000Z
12132,269,,אנ - 23 - 126,אנ - 84 - 54,1,English layout,אמירנט,1,2024-10-04T11:54:39.000000Z,2024-10-04T11:54:39.000000Z
5664,215,,אנ - 23 - 127,אנ - 84 - 55,1,English layout,פסיכומטרי,1,2023-12-25T12:47:56.000000Z,2023-12-25T12:47:56.000000Z
12133,269,,אנ - 23 - 127,אנ - 84 - 56,1,English layout,אמירנט,1,2024-10-04T11:55:13.000000Z,2024-10-04T11:55:13.000000Z
5665,215,,אנ - 23 - 128,אנ - 85 - 57,1,English layout,פסיכומטרי,1,2023-12-25T12:49:17.000000Z,2023-12-25T12:49:17.000000Z
12134,269,,אנ - 23 - 128,אנ - 85 - 58,1,English layout,אמירנט,1,2024-10-04T11:55:44.000000Z,2024-10-04T11:55:44.000000Z
5667,215,,אנ - 24 - 129,אנ - 85 - 59,1,English layout,פסיכומטרי,1,2023-12-25T12:59:37.000000Z,2023-12-25T12:59:37.000000Z
12135,269,,אנ - 24 - 129,אנ - 85 - 60,1,English layout,אמירנט,1,2024-10-04T11:56:05.000000Z,2024-10-04T11:56:05.000000Z
5668,215,,אנ - 24 - 130,אנ - 86 - 61,1,English layout,פסיכומטרי,1,2023-12-25T13:01:53.000000Z,2023-12-25T13:01:53.000000Z
12136,269,,אנ - 24 - 130,אנ - 86 - 62,1,English layout,אמירנט,1,2024-10-04T11:56:30.000000Z,2024-10-04T11:56:30.000000Z
5670,215,,אנ - 24 - 131,אנ - 86 - 63,1,English layout,פסיכומטרי,1,2023-12-25T13:04:15.000000Z,2023-12-25T13:04:15.000000Z
12137,269,,אנ - 24 - 131,אנ - 86 - 64,1,English layout,אמירנט,1,2024-10-04T11:56:58.000000Z,2024-10-04T11:56:58.000000Z
5671,215,,אנ - 24 - 132,אנ - 87 - 65,1,English layout,פסיכומטרי,1,2023-12-25T13:05:52.000000Z,2023-12-25T13:05:52.000000Z
12138,269,,אנ - 24 - 132,אנ - 87 - 66,1,English layout,אמירנט,1,2024-10-04T11:57:15.000000Z,2024-10-04T11:57:15.000000Z
5672,215,,אנ - 24 - 133,אנ - 87 - 67,1,English layout,פסיכומטרי,1,2023-12-25T13:07:22.000000Z,2023-12-25T13:07:22.000000Z
12139,269,,אנ - 24 - 133,אנ - 87 - 68,1,English layout,אמירנט,1,2024-10-04T11:58:03.000000Z,2024-10-04T11:58:03.000000Z
5673,215,,אנ - 24 - 134,אנ - 88 - 69,1,English layout,פסיכומטרי,1,2023-12-25T13:09:12.000000Z,2023-12-25T13:09:12.000000Z
12140,269,,אנ - 24 - 134,אנ - 88 - 70,1,English layout,אמירנט,1,2024-10-04T11:58:34.000000Z,2024-10-04T11:58:34.000000Z
5674,215,,אנ - 24 - 135,אנ - 88 - 71,1,English layout,פסיכומטרי,1,2023-12-25T13:10:43.000000Z,2023-12-25T13:10:43.000000Z
12141,269,,אנ - 24 - 135,אנ - 88 - 72,1,English layout,אמירנט,1,2024-10-04T11:58:58.000000Z,2024-10-04T11:58:58.000000Z
5676,215,,אנ - 24 - 136,אנ - 89 - 73,1,English layout,פסיכומטרי,1,2023-12-25T13:12:08.000000Z,2023-12-25T13:12:08.000000Z
12142,269,,אנ - 24 - 136,אנ - 89 - 74,1,English layout,אמירנט,1,2024-10-04T11:59:32.000000Z,2024-10-04T11:59:32.000000Z
5677,215,,אנ - 25 - 137,אנ - 89 - 75,1,English layout,פסיכומטרי,1,2023-12-25T13:13:44.000000Z,2023-12-25T13:13:44.000000Z
12143,269,,אנ - 25 - 137,אנ - 89 - 76,1,English layout,אמירנט,1,2024-10-04T12:00:11.000000Z,2024-10-04T12:00:11.000000Z
5678,215,,אנ - 25 - 138,אנ - 9 - 10.1,1,English layout,פסיכומטרי,1,2023-12-25T13:15:09.000000Z,2023-12-25T13:15:09.000000Z
12144,269,,אנ - 25 - 138,אנ - 9 - 10.2,1,English layout,אמירנט,1,2024-10-04T12:00:55.000000Z,2024-10-04T12:00:55.000000Z
5679,215,,אנ - 25 - 139,אנ - 9 - 11,1,English layout,פסיכומטרי,1,2023-12-25T13:16:48.000000Z,2023-12-25T13:16:48.000000Z
12145,269,,אנ - 25 - 139,אנ - 9 - 12,1,English layout,אמירנט,1,2024-10-04T12:04:33.000000Z,2024-10-04T12:04:33.000000Z
5680,215,,אנ - 25 - 140,אנ - 9 - 13,1,English layout,פסיכומטרי,1,2023-12-25T13:20:31.000000Z,2023-12-25T13:20:31.000000Z
12146,269,,אנ - 25 - 140,אנ - 9 - 14,1,English layout,אמירנט,1,2024-10-04T12:05:06.000000Z,2024-10-04T12:05:06.000000Z
5681,215,,אנ - 25 - 141,אנ - 9 - 15,1,English layout,פסיכומטרי,1,2023-12-25T13:22:10.000000Z,2023-12-25T13:22:10.000000Z
12147,269,,אנ - 25 - 141,אנ - 9 - 16,1,English layout,אמירנט,1,2024-10-04T12:06:07.000000Z,2024-10-04T12:06:07.000000Z
5682,215,,אנ - 25 - 142,אנ - 9 - 9,1,English layout,פסיכומטרי,1,2023-12-25T13:23:50.000000Z,2023-12-25T13:23:50.000000Z
12148,269,,אנ - 25 - 142,אנ - 90 - 77,1,English layout,אמירנט,1,2024-10-04T12:06:52.000000Z,2024-10-04T12:06:52.000000Z
5684,215,,אנ - 25 - 143,אנ - 90 - 78,1,English layout,פסיכומטרי,1,2023-12-25T13:25:17.000000Z,2023-12-25T13:25:17.000000Z
12149,269,,אנ - 25 - 143,אנ - 90 - 79,1,English layout,אמירנט,1,2024-10-04T12:07:22.000000Z,2024-10-04T12:07:22.000000Z
5685,215,,אנ - 25 - 144,אנ - 90 - 80,1,English layout,פסיכומטרי,1,2023-12-25T13:26:36.000000Z,2023-12-25T13:26:36.000000Z
12150,269,,אנ - 25 - 144,אנ - 91  -82,1,English layout,אמירנט,1,2024-10-04T12:07:40.000000Z,2024-10-04T12:07:40.000000Z
5686,215,,אנ - 26 - 145,אנ - 91 - 81,1,English layout,פסיכומטרי,1,2023-12-25T13:28:09.000000Z,2023-12-25T13:28:09.000000Z
12151,269,,אנ - 26 - 145,אנ - 91 - 83,1,English layout,אמירנט,1,2024-10-04T12:07:58.000000Z,2024-10-04T12:07:58.000000Z
5688,215,,אנ - 26 - 147,אנ - 91 - 84,1,English layout,פסיכומטרי,1,2023-12-25T13:32:22.000000Z,2023-12-25T13:32:22.000000Z
12152,269,,אנ - 26 - 147,אנ - 92 - 85,1,English layout,אמירנט,1,2024-10-04T12:08:34.000000Z,2024-10-04T12:08:34.000000Z
5689,215,,אנ - 26 - 148,אנ - 92 - 86,1,English layout,פסיכומטרי,1,2023-12-25T13:33:54.000000Z,2023-12-25T13:33:54.000000Z
12153,269,,אנ - 26 - 148,אנ - 92 - 87,1,English layout,אמירנט,1,2024-10-04T12:09:12.000000Z,2024-10-04T12:09:12.000000Z
5691,215,,אנ - 26 - 149,אנ - 92 - 88,1,English layout,פסיכומטרי,1,2023-12-25T13:36:16.000000Z,2023-12-25T13:36:16.000000Z
12154,269,,אנ - 26 - 149,אנ - 93 - 89,1,English layout,אמירנט,1,2024-10-04T12:09:26.000000Z,2024-10-04T12:09:26.000000Z
5692,215,,אנ - 26 - 150,אנ - 93 - 90,1,English layout,פסיכומטרי,1,2023-12-25T13:38:16.000000Z,2023-12-25T13:38:16.000000Z
12155,269,,אנ - 26 - 150,אנ - 93 - 91,1,English layout,אמירנט,1,2024-10-04T12:09:54.000000Z,2024-10-04T12:09:54.000000Z
5693,215,,אנ - 26 - 151,אנ - 93 -92,1,English layout,פסיכומטרי,1,2023-12-25T13:39:47.000000Z,2023-12-25T13:39:47.000000Z
12156,269,,אנ - 26 - 151,אנ - 94  - 93,1,English layout,אמירנט,1,2024-10-04T12:10:14.000000Z,2024-10-04T12:10:14.000000Z
5694,215,,אנ - 26 - 152,אנ - 94 - 96,1,English layout,פסיכומטרי,1,2023-12-25T13:41:07.000000Z,2024-03-01T12:53:39.000000Z
12157,269,,אנ - 26 - 152,אנ - 95 - 100,1,English layout,אמירנט,1,2024-10-04T12:10:57.000000Z,2024-10-04T12:10:57.000000Z
5695,215,,אנ - 26 - 153,אנ - 95 - 107,1,English layout,פסיכומטרי,1,2023-12-25T13:42:44.000000Z,2023-12-25T13:42:44.000000Z
12158,269,,אנ - 26 - 153,אנ - 95 - 97,1,English layout,אמירנט,1,2024-10-04T12:11:19.000000Z,2024-10-04T12:11:19.000000Z
5696,215,,אנ - 27 - 154,אנ - 95 - 98,1,English layout,פסיכומטרי,1,2023-12-25T13:44:08.000000Z,2023-12-25T13:44:08.000000Z
12159,269,,אנ - 27 - 154,אנ - 96 - 101,1,English layout,אמירנט,1,2024-10-04T12:11:51.000000Z,2024-10-04T12:11:51.000000Z
5697,215,,אנ - 27 - 155,אנ - 96 - 102,1,English layout,פסיכומטרי,1,2023-12-25T13:45:45.000000Z,2023-12-25T13:45:45.000000Z
12160,269,,אנ - 27 - 155,אנ - 96 - 103,1,English layout,אמירנט,1,2024-10-04T12:12:31.000000Z,2024-10-04T12:12:31.000000Z
5698,215,,אנ - 27 - 156,אנ - 96 - 104,1,English layout,פסיכומטרי,1,2023-12-25T13:47:17.000000Z,2023-12-25T13:47:17.000000Z
12161,269,,אנ - 27 - 156,אנ - 97 - 105,1,English layout,אמירנט,1,2024-10-04T12:12:55.000000Z,2024-10-04T12:12:55.000000Z
5700,215,,אנ - 27 - 157,אנ - 97 - 106,1,English layout,פסיכומטרי,1,2023-12-25T13:49:05.000000Z,2023-12-25T13:49:05.000000Z
12162,269,,אנ - 27 - 157,אנ - 97 - 108,1,English layout,אמירנט,1,2024-10-04T12:13:44.000000Z,2024-10-04T12:13:44.000000Z
5701,215,,אנ - 27 - 158,אנ - 98 - 109,1,English layout,פסיכומטרי,1,2023-12-25T13:50:39.000000Z,2023-12-25T13:50:39.000000Z
12163,269,,אנ - 27 - 158,אנ - 98 - 110,1,English layout,אמירנט,1,2024-10-04T12:14:32.000000Z,2024-10-04T12:14:32.000000Z
5702,215,,אנ - 27 - 159,אנ - 98 - 111,1,English layout,פסיכומטרי,1,2023-12-25T13:52:13.000000Z,2023-12-25T13:52:13.000000Z
12164,269,,אנ - 27 - 159,אנ - 98 - 112,1,English layout,אמירנט,1,2024-10-04T12:15:17.000000Z,2024-10-04T12:15:17.000000Z
5703,215,,אנ - 27 - 160,אנ - 99 - 113,1,English layout,פסיכומטרי,1,2023-12-25T13:53:44.000000Z,2023-12-25T13:53:44.000000Z
12165,269,,אנ - 27 - 160,אנ - 99 - 114,1,English layout,אמירנט,1,2024-10-04T12:15:49.000000Z,2024-10-04T12:15:49.000000Z
5704,215,,אנ - 28 - 161,אנ - 99 - 115,1,English layout,פסיכומטרי,1,2023-12-25T13:55:10.000000Z,2023-12-25T13:55:10.000000Z
12166,269,,אנ - 28 - 161,אנ- 94- 95,1,English layout,אמירנט,1,2024-10-04T12:16:21.000000Z,2024-10-04T12:16:21.000000Z
5705,215,,אנ - 28 - 162,אנ-94-94,1,English layout,פסיכומטרי,1,2023-12-25T13:56:44.000000Z,2023-12-25T13:56:44.000000Z
12167,269,,אנ - 28 - 162,בדיקת מחיקה בעדכון אשכל 2,1,English layout,אמירנט,1,2024-10-04T12:17:05.000000Z,2024-10-04T12:17:05.000000Z
5707,215,,אנ - 28 - 163,דיאגנוסטי - 01 - 06,1,English layout,פסיכומטרי,1,2023-12-25T13:58:38.000000Z,2023-12-25T13:58:38.000000Z
12168,269,,אנ - 28 - 163,דיאגנוסטי - 02 - 03,1,English layout,אמירנט,1,2024-10-04T12:18:51.000000Z,2024-10-04T12:18:51.000000Z
5708,215,,אנ - 28 - 164,דיאגנוסטי - 04 - 02,1,English layout,פסיכומטרי,1,2023-12-25T14:00:01.000000Z,2023-12-25T14:00:01.000000Z
12169,269,,אנ - 28 - 164,דיאגנוסטי - 04 - 04,1,English layout,אמירנט,1,2024-10-04T12:19:36.000000Z,2024-10-04T12:19:36.000000Z
5709,215,,אנ - 28 - 165,דיאגנוסטי - 04 - 08,1,English layout,פסיכומטרי,1,2023-12-25T14:01:24.000000Z,2023-12-25T14:01:24.000000Z
12170,269,,אנ - 28 - 165,דיאגנוסטי - 06 - 02,1,English layout,אמירנט,1,2024-10-06T10:31:09.000000Z,2024-10-06T10:31:09.000000Z
5710,215,,אנ - 28 - 166,דיאגנוסטי - 06 - 07,1,English layout,פסיכומטרי,1,2023-12-25T14:02:53.000000Z,2023-12-25T14:02:53.000000Z
12171,269,,אנ - 28 - 166,וידאו ראנד 1 1,1,English layout,אמירנט,1,2024-10-06T10:31:50.000000Z,2024-10-06T10:31:50.000000Z
5711,215,,אנ - 28 - 167.1,וידאו ראנד 1 2,1,English layout,פסיכומטרי,1,2023-12-25T14:04:52.000000Z,2023-12-25T14:05:02.000000Z
12172,269,,אנ - 28 - 167.1,וידאו ראנד 2 1,1,English layout,אמירנט,1,2024-10-06T10:32:16.000000Z,2024-10-06T10:32:16.000000Z
5713,215,,אנ - 28 - 167.2,חדש,1,English layout,פסיכומטרי,1,2023-12-25T14:06:40.000000Z,2023-12-25T14:06:40.000000Z
12173,269,,אנ - 28 - 167.2,חתמ - 10 - 7,1,English layout,אמירנט,1,2024-10-06T10:32:37.000000Z,2024-10-06T10:32:37.000000Z
5714,215,,אנ - 29 - 168,חתמ - 11 - 8,1,English layout,פסיכומטרי,1,2023-12-25T14:08:50.000000Z,2023-12-25T14:08:50.000000Z
12174,269,,אנ - 29 - 168,חתמ - 11 - דוגמה,1,English layout,אמירנט,1,2024-10-06T10:33:01.000000Z,2024-10-06T10:33:01.000000Z
5715,215,,אנ - 29 - 169,חתמ - 13 - א,1,English layout,פסיכומטרי,1,2023-12-25T14:10:08.000000Z,2023-12-25T14:10:08.000000Z
12175,269,,אנ - 29 - 169,חתמ - 13 - ב,1,English layout,אמירנט,1,2024-10-06T10:33:22.000000Z,2024-10-06T10:33:22.000000Z
5716,215,,אנ - 29 - 170,חתמ - 14 - ג,1,English layout,פסיכומטרי,1,2023-12-25T14:11:46.000000Z,2023-12-25T14:11:46.000000Z
12176,269,,אנ - 29 - 170,חתמ - 14 - ד,1,English layout,אמירנט,1,2024-10-06T10:34:45.000000Z,2024-10-06T10:34:45.000000Z
5717,215,,אנ - 29 - 171,חתמ - 15 - ה,1,English layout,פסיכומטרי,1,2023-12-25T14:13:08.000000Z,2023-12-25T14:13:08.000000Z
12177,269,,אנ - 29 - 171,חתמ - 16 - 1,1,English layout,אמירנט,1,2024-10-06T10:35:13.000000Z,2024-10-06T10:35:13.000000Z
5718,215,,אנ - 29 - 172,חתמ - 16 - 4,1,English layout,פסיכומטרי,1,2023-12-25T14:14:27.000000Z,2023-12-25T14:14:27.000000Z
12178,269,,אנ - 29 - 172,חתמ - 16 - 5,1,English layout,אמירנט,1,2024-10-06T10:35:40.000000Z,2024-10-06T10:35:40.000000Z
5719,215,,אנ - 29 - 173,חתמ - 16 - 6,1,English layout,פסיכומטרי,1,2023-12-25T14:16:52.000000Z,2023-12-25T14:16:52.000000Z
12179,269,,אנ - 29 - 173,חתמ - 17 - 10,1,English layout,אמירנט,1,2024-10-06T10:36:20.000000Z,2024-10-06T10:36:20.000000Z
5720,215,,אנ - 29 - 174,חתמ - 17 - 11,1,English layout,פסיכומטרי,1,2023-12-25T14:18:20.000000Z,2023-12-25T14:18:20.000000Z
12180,269,,אנ - 29 - 174,חתמ - 17 - 7,1,English layout,אמירנט,1,2024-10-06T10:36:37.000000Z,2024-10-06T10:36:37.000000Z
5721,215,,אנ - 29 - 175,חתמ - 17 - 8,1,English layout,פסיכומטרי,1,2023-12-25T14:20:18.000000Z,2023-12-25T14:20:18.000000Z
12181,269,,אנ - 29 - 175,חתמ - 18 - 13,1,English layout,אמירנט,1,2024-10-06T10:37:11.000000Z,2024-10-06T10:37:11.000000Z
5722,215,,אנ - 29 - 176,חתמ - 18 - 14,1,English layout,פסיכומטרי,1,2023-12-25T14:22:50.000000Z,2023-12-25T14:22:50.000000Z
12182,269,,אנ - 29 - 176,חתמ - 18 - 15,1,English layout,אמירנט,1,2024-10-06T10:38:09.000000Z,2024-10-06T10:38:09.000000Z
5723,215,,אנ - 30 - 177,חתמ - 18 - 18,1,English layout,פסיכומטרי,1,2023-12-25T14:24:15.000000Z,2023-12-25T14:24:15.000000Z
12183,269,,אנ - 30 - 177,חתמ - 19 - 19,1,English layout,אמירנט,1,2024-10-06T10:38:48.000000Z,2024-10-06T10:38:48.000000Z
5724,215,,אנ - 30 - 178.1,חתמ - 19 - 21,1,English layout,פסיכומטרי,1,2023-12-25T14:26:25.000000Z,2023-12-25T14:26:25.000000Z
12184,269,,אנ - 30 - 178.1,חתמ - 19 - 22,1,English layout,אמירנט,1,2024-10-06T10:39:10.000000Z,2024-10-06T10:39:10.000000Z
5725,215,,אנ - 30 - 178.2,חתמ - 19 - 24,1,English layout,פסיכומטרי,1,2023-12-25T14:28:01.000000Z,2023-12-25T14:28:01.000000Z
12185,269,,אנ - 30 - 178.2,חתמ - 20 - 25,1,English layout,אמירנט,1,2024-10-06T10:39:46.000000Z,2024-10-06T10:39:46.000000Z
5726,215,,אנ - 30 - 179,חתמ - 20 - 26,1,English layout,פסיכומטרי,1,2023-12-25T14:30:23.000000Z,2023-12-25T14:30:23.000000Z
12186,269,,אנ - 30 - 179,חתמ - 20 - 27,1,English layout,אמירנט,1,2024-10-06T10:40:32.000000Z,2024-10-06T10:40:32.000000Z
5727,215,,אנ - 30 - 180.1,חתמ - 20 - 28,1,English layout,פסיכומטרי,1,2023-12-25T14:31:58.000000Z,2023-12-25T14:31:58.000000Z
12187,269,,אנ - 30 - 180.1,חתמ - 20 - 29,1,English layout,אמירנט,1,2024-10-06T10:41:02.000000Z,2024-10-06T10:41:02.000000Z
5728,215,,אנ - 30 - 180.2,חתמ - 21 - 32,1,English layout,פסיכומטרי,1,2023-12-25T14:34:22.000000Z,2023-12-25T14:34:22.000000Z
12188,269,,אנ - 30 - 180.2,חתמ - 21 - 33,1,English layout,אמירנט,1,2024-10-06T10:41:36.000000Z,2024-10-06T10:41:36.000000Z
5729,215,,אנ - 30 - 181,חתמ - 21 - 34,1,English layout,פסיכומטרי,1,2023-12-25T14:36:31.000000Z,2023-12-25T14:36:31.000000Z
12189,269,,אנ - 30 - 181,חתמ - 21 - 35,1,English layout,אמירנט,1,2024-10-06T10:42:01.000000Z,2024-10-06T10:42:01.000000Z
5730,215,,אנ - 30 - 182,חתמ - 22 - 37,1,English layout,פסיכומטרי,1,2023-12-25T14:38:13.000000Z,2023-12-25T14:38:13.000000Z
12190,269,,אנ - 30 - 182,חתמ - 22 - 38,1,English layout,אמירנט,1,2024-10-06T10:43:00.000000Z,2024-10-06T10:43:00.000000Z
5731,215,,אנ - 30 - 183,חתמ - 22 - 39,1,English layout,פסיכומטרי,1,2023-12-25T14:39:40.000000Z,2023-12-25T14:39:40.000000Z
12191,269,,אנ - 30 - 183,חתמ - 22 - 40,1,English layout,אמירנט,1,2024-10-06T10:43:18.000000Z,2024-10-06T10:43:18.000000Z
5732,215,,אנ - 30 - 184,חתמ - 22 - 41,1,English layout,פסיכומטרי,1,2023-12-25T14:42:07.000000Z,2023-12-25T14:42:07.000000Z
12192,269,,אנ - 30 - 184,חתמ - 22 - 42,1,English layout,אמירנט,1,2024-10-06T10:43:40.000000Z,2024-10-06T10:43:40.000000Z
5733,215,,אנ - 31 - 185,חתמ - 23 - 43,1,English layout,פסיכומטרי,1,2023-12-25T14:44:09.000000Z,2023-12-25T14:44:09.000000Z
12193,269,,אנ - 31 - 185,חתמ - 23 - 45,1,English layout,אמירנט,1,2024-10-06T10:44:11.000000Z,2024-10-06T10:44:11.000000Z
5734,215,,אנ - 31 - 186,חתמ - 23 - 46,1,English layout,פסיכומטרי,1,2023-12-25T14:46:30.000000Z,2023-12-25T14:46:30.000000Z
12194,269,,אנ - 31 - 186,חתמ - 23 - 47,1,English layout,אמירנט,1,2024-10-06T10:44:51.000000Z,2024-10-06T10:44:51.000000Z
5735,215,,אנ - 31 - 187,חתמ - 23 - 48,1,English layout,פסיכומטרי,1,2023-12-25T14:48:00.000000Z,2023-12-25T14:48:00.000000Z
12195,269,,אנ - 31 - 187,חתמ - 24 - 49,1,English layout,אמירנט,1,2024-10-06T10:46:12.000000Z,2024-10-06T10:46:12.000000Z
5736,215,,אנ - 31 - 188,חתמ - 24 - 50,1,English layout,פסיכומטרי,1,2023-12-25T14:49:42.000000Z,2023-12-25T14:49:42.000000Z
12196,269,,אנ - 31 - 188,חתמ - 24 - 51,1,English layout,אמירנט,1,2024-10-06T10:47:17.000000Z,2024-10-06T10:47:17.000000Z
5737,215,,אנ - 31 - 189.1,חתמ - 24 - 52,1,English layout,פסיכומטרי,1,2023-12-25T14:51:03.000000Z,2023-12-25T14:51:03.000000Z
12197,269,,אנ - 31 - 189.1,חתמ - 24 - 53,1,English layout,אמירנט,1,2024-10-06T10:48:01.000000Z,2024-10-06T10:48:01.000000Z
5738,215,,אנ - 31 - 189.2,חתמ - 25 - 56,1,English layout,פסיכומטרי,1,2023-12-25T14:52:39.000000Z,2023-12-25T14:52:39.000000Z
12198,269,,אנ - 31 - 189.2,חתמ - 25 - 57,1,English layout,אמירנט,1,2024-10-06T10:49:17.000000Z,2024-10-06T10:49:17.000000Z
5739,215,,אנ - 31 - 190,חתמ - 25 - 58,1,English layout,פסיכומטרי,1,2023-12-25T14:54:02.000000Z,2023-12-25T14:54:02.000000Z
12199,269,,אנ - 31 - 190,חתמ - 25 - 59,1,English layout,אמירנט,1,2024-10-06T10:50:00.000000Z,2024-10-06T10:50:00.000000Z
5740,215,,אנ - 31 - 191.1,חתמ - 25 - 60,1,English layout,פסיכומטרי,1,2023-12-25T14:55:43.000000Z,2023-12-25T14:55:43.000000Z
12200,269,,אנ - 31 - 191.1,חתמ - 26 - 61,1,English layout,אמירנט,1,2024-10-06T10:50:46.000000Z,2024-10-06T10:50:46.000000Z
5741,215,,אנ - 31 - 191.2,חתמ - 26 - 62,1,English layout,פסיכומטרי,1,2023-12-25T14:56:55.000000Z,2023-12-25T14:56:55.000000Z
12201,269,,אנ - 31 - 191.2,חתמ - 26 - 63,1,English layout,אמירנט,1,2024-10-06T10:51:31.000000Z,2024-10-06T10:51:31.000000Z
5742,215,,אנ - 31 - 192,חתמ - 26 - 64,1,English layout,פסיכומטרי,1,2023-12-25T14:58:16.000000Z,2024-03-01T13:30:00.000000Z
12207,269,,אנ - 31 - 192,חתמ - 26 - 65,1,English layout,אמירנט,1,2024-10-07T04:44:12.000000Z,2024-10-07T04:44:12.000000Z
5743,215,,אנ - 32 - 193,חתמ - 27 - 67,1,English layout,פסיכומטרי,1,2023-12-25T14:59:38.000000Z,2024-03-01T13:32:49.000000Z
12208,269,,אנ - 32 - 193,חתמ - 27 - 68,1,English layout,אמירנט,1,2024-10-07T04:44:33.000000Z,2024-10-07T04:44:33.000000Z
5744,215,,אנ - 32 - 194,חתמ - 27 - 69,1,English layout,פסיכומטרי,1,2023-12-25T15:01:11.000000Z,2023-12-25T15:01:11.000000Z
12209,269,,אנ - 32 - 194,חתמ - 27 - 72,1,English layout,אמירנט,1,2024-10-07T04:45:10.000000Z,2024-10-07T04:45:10.000000Z
5745,215,,אנ - 32 - 195,חתמ - 28 - 74,1,English layout,פסיכומטרי,1,2023-12-25T15:02:29.000000Z,2023-12-25T15:02:29.000000Z
12210,269,,אנ - 32 - 195,חתמ - 28 - 75,1,English layout,אמירנט,1,2024-10-07T04:45:49.000000Z,2024-10-07T04:45:49.000000Z
5746,215,,אנ - 32 - 196.1,חתמ - 28 - 76,1,English layout,פסיכומטרי,1,2023-12-25T15:03:56.000000Z,2023-12-25T15:03:56.000000Z
12211,269,,אנ - 32 - 196.1,חתמ - 29 - 79,1,English layout,אמירנט,1,2024-10-07T04:46:31.000000Z,2024-10-07T04:46:31.000000Z
5747,215,,אנ - 32 - 196.2,חתמ - 29 - 80,1,English layout,פסיכומטרי,1,2023-12-25T15:05:15.000000Z,2023-12-25T15:05:15.000000Z
12212,269,,אנ - 32 - 196.2,חתמ - 29 - 81,1,English layout,אמירנט,1,2024-10-07T04:47:28.000000Z,2024-10-07T04:47:28.000000Z
5748,215,,אנ - 32 - 197,חתמ - 29 - 82,1,English layout,פסיכומטרי,1,2023-12-25T15:06:32.000000Z,2023-12-25T15:06:32.000000Z
12213,269,,אנ - 32 - 197,חתמ - 29 - 83,1,English layout,אמירנט,1,2024-10-07T04:48:16.000000Z,2024-10-07T04:48:16.000000Z
5749,215,,אנ - 32 - 198,חתמ - 30 - דוגמה,1,English layout,פסיכומטרי,1,2023-12-25T15:07:49.000000Z,2023-12-25T15:07:49.000000Z
12214,269,,אנ - 32 - 198,חתמ - 31 - 1,1,English layout,אמירנט,1,2024-10-07T04:48:33.000000Z,2024-10-07T04:48:33.000000Z
5750,215,,אנ - 32 - 199,חתמ - 31 - 2,1,English layout,פסיכומטרי,1,2023-12-25T15:08:54.000000Z,2023-12-25T15:08:54.000000Z
12215,269,,אנ - 32 - 199,חתמ - 31 - 3,1,English layout,אמירנט,1,2024-10-07T04:49:04.000000Z,2024-10-07T04:49:04.000000Z
5751,215,,אנ - 32 - 200,חתמ - 33 - דוגמה,1,English layout,פסיכומטרי,1,2023-12-25T15:09:58.000000Z,2023-12-25T15:09:58.000000Z
12216,269,,אנ - 32 - 200,חתמ - 34 - 4,1,English layout,אמירנט,1,2024-10-07T04:49:39.000000Z,2024-10-07T04:49:39.000000Z
5838,215,,אנ - 33 - 201,חתמ - 34 - 5,1,English layout,פסיכומטרי,1,2023-12-26T07:27:23.000000Z,2023-12-26T07:27:23.000000Z
12217,269,,אנ - 33 - 201,חתמ - 35 - 1,1,English layout,אמירנט,1,2024-10-07T04:50:13.000000Z,2024-10-07T04:50:13.000000Z
5839,215,,אנ - 33 - 202,חתמ - 35 - 2,1,English layout,פסיכומטרי,1,2023-12-26T07:28:59.000000Z,2023-12-26T07:28:59.000000Z
12218,269,,אנ - 33 - 202,חתמ - 35 - 3,1,English layout,אמירנט,1,2024-10-07T04:50:33.000000Z,2024-10-07T04:50:33.000000Z
5840,215,,אנ - 33 - 203,חתמ - 36 - 3,1,English layout,פסיכומטרי,1,2023-12-26T07:30:29.000000Z,2023-12-26T07:30:29.000000Z
12219,269,,אנ - 33 - 203,חתמ - 36 - 5,1,English layout,אמירנט,1,2024-10-07T04:51:08.000000Z,2024-10-07T04:51:08.000000Z
5841,215,,אנ - 33 - 204,חתמ - 36 - 6,1,English layout,פסיכומטרי,1,2023-12-26T07:34:37.000000Z,2023-12-26T07:34:37.000000Z
12220,269,,אנ - 33 - 204,חתמ - 38 - 10,1,English layout,אמירנט,1,2024-10-07T04:51:57.000000Z,2024-10-07T04:51:57.000000Z
5842,215,,אנ - 33 - 205,חתמ - 38 - 11,1,English layout,פסיכומטרי,1,2023-12-26T07:36:21.000000Z,2023-12-26T07:36:21.000000Z
12221,269,,אנ - 33 - 205,חתמ - 38 - 12,1,English layout,אמירנט,1,2024-10-07T04:52:42.000000Z,2024-10-07T04:52:42.000000Z
5843,215,,אנ - 33 - 206,חתמ - 39 - 13,1,English layout,פסיכומטרי,1,2023-12-26T07:37:42.000000Z,2023-12-26T07:37:42.000000Z
12222,269,,אנ - 33 - 206,חתמ - 39 - 15,1,English layout,אמירנט,1,2024-10-07T04:53:06.000000Z,2024-10-07T04:53:06.000000Z
5844,215,,אנ - 33 - 207,חתמ - 40 - 16,1,English layout,פסיכומטרי,1,2023-12-26T07:39:13.000000Z,2023-12-26T07:39:13.000000Z
12223,269,,אנ - 33 - 207,חתמ - 40 - 18,1,English layout,אמירנט,1,2024-10-07T04:53:47.000000Z,2024-10-07T04:53:47.000000Z
5845,215,,אנ - 33 - 208,חתמ - 41 - 19,1,English layout,פסיכומטרי,1,2023-12-26T07:40:37.000000Z,2023-12-26T07:40:37.000000Z
12224,269,,אנ - 33 - 208,חתמ - 41 - 20,1,English layout,אמירנט,1,2024-10-07T04:56:32.000000Z,2024-10-07T04:56:32.000000Z
5846,215,,אנ - 33 - 209,חתמ - 41 - 21,1,English layout,פסיכומטרי,1,2023-12-26T07:41:47.000000Z,2023-12-26T07:41:47.000000Z
12225,269,,אנ - 33 - 209,חתמ - 42 - 22,1,English layout,אמירנט,1,2024-10-07T04:57:02.000000Z,2024-10-07T04:57:02.000000Z
5847,215,,אנ - 34 - 210,חתמ - 42 - 24,1,English layout,פסיכומטרי,1,2023-12-26T07:43:03.000000Z,2023-12-26T07:43:03.000000Z
12226,269,,אנ - 34 - 210,חתמ - 43 - 25,1,English layout,אמירנט,1,2024-10-07T04:57:55.000000Z,2024-10-07T04:57:55.000000Z
5848,215,,אנ - 34 - 211,חתמ - 43 - 27,1,English layout,פסיכומטרי,1,2023-12-26T07:44:32.000000Z,2023-12-26T07:44:32.000000Z
12227,269,,אנ - 34 - 211,חתמ - 44 - 29,1,English layout,אמירנט,1,2024-10-07T04:58:30.000000Z,2024-10-07T04:58:30.000000Z
5849,215,,אנ - 34 - 212,חתמ - 44 - 30,1,English layout,פסיכומטרי,1,2023-12-26T07:45:34.000000Z,2023-12-26T07:45:34.000000Z
12228,269,,אנ - 34 - 212,חתמ - 45 - 31,1,English layout,אמירנט,1,2024-10-07T04:58:57.000000Z,2024-10-07T04:58:57.000000Z
5850,215,,אנ - 34 - 213.1,חתמ - 45 - 32,1,English layout,פסיכומטרי,1,2023-12-26T07:47:08.000000Z,2023-12-26T07:47:08.000000Z
12229,269,,אנ - 34 - 213.1,חתמ - 45 - 33,1,English layout,אמירנט,1,2024-10-07T04:59:52.000000Z,2024-10-07T04:59:52.000000Z
5851,215,,אנ - 34 - 213.2,חתמ - 46 - 34,1,English layout,פסיכומטרי,1,2023-12-26T07:48:18.000000Z,2023-12-26T07:48:18.000000Z
12230,269,,אנ - 34 - 213.2,חתמ - 46 - 35,1,English layout,אמירנט,1,2024-10-07T05:00:10.000000Z,2024-10-07T05:00:10.000000Z
5853,215,,אנ - 34 - 214.1,חתמ - 47 - 37,1,English layout,פסיכומטרי,1,2023-12-26T07:50:11.000000Z,2024-03-03T07:55:06.000000Z
12231,269,,אנ - 34 - 214.1,חתמ - 47 - 38,1,English layout,אמירנט,1,2024-10-07T05:00:44.000000Z,2024-10-07T05:00:44.000000Z
5854,215,,אנ - 34 - 214.2,חתמ - 47 - 39,1,English layout,פסיכומטרי,1,2023-12-26T07:51:26.000000Z,2023-12-26T07:51:26.000000Z
12232,269,,אנ - 34 - 214.2,חתמ - 48 - 40,1,English layout,אמירנט,1,2024-10-07T05:01:15.000000Z,2024-10-07T05:01:15.000000Z
5859,215,,אנ - 34 - 215,חתמ - 48 - 42,1,English layout,פסיכומטרי,1,2023-12-26T07:59:24.000000Z,2023-12-26T07:59:24.000000Z
12233,269,,אנ - 34 - 215,חתמ - 49 - 43,1,English layout,אמירנט,1,2024-10-07T05:02:21.000000Z,2024-10-07T05:02:21.000000Z
5862,215,,אנ - 34 - 216,חתמ - 49 - 45,1,English layout,פסיכומטרי,1,2023-12-26T08:00:41.000000Z,2023-12-26T08:00:41.000000Z
12234,269,,אנ - 34 - 216,חתמ - 5 - דוגמה,1,English layout,אמירנט,1,2024-10-07T05:21:33.000000Z,2024-10-07T05:21:33.000000Z
5866,215,,אנ - 35 - 217,חתמ - 51 - 49,1,English layout,פסיכומטרי,1,2023-12-26T08:02:21.000000Z,2023-12-26T08:02:21.000000Z
12235,269,,אנ - 35 - 217,חתמ - 51 - 50,1,English layout,אמירנט,1,2024-10-07T05:21:48.000000Z,2024-10-07T05:21:48.000000Z
5869,215,,אנ - 35 - 218,חתמ - 51 - 51,1,English layout,פסיכומטרי,1,2023-12-26T08:03:43.000000Z,2023-12-26T08:03:43.000000Z
12236,269,,אנ - 35 - 218,חתמ - 52 - 53,1,English layout,אמירנט,1,2024-10-07T05:24:24.000000Z,2024-10-07T05:24:24.000000Z
5881,215,,אנ - 35 - 219,חתמ - 52 - 54,1,English layout,פסיכומטרי,1,2023-12-26T08:12:16.000000Z,2023-12-26T08:12:16.000000Z
12237,269,,אנ - 35 - 219,חתמ - 53 - 55,1,English layout,אמירנט,1,2024-10-07T05:25:19.000000Z,2024-10-07T05:25:19.000000Z
5885,215,,אנ - 35 - 220.1,חתמ - 53 - 56,1,English layout,פסיכומטרי,1,2023-12-26T08:13:45.000000Z,2023-12-26T08:13:45.000000Z
12395,269,,אנ - 35 - 220.1,חתמ - 53 - 57,1,English layout,אמירנט,1,2024-10-15T02:46:41.000000Z,2024-10-15T02:46:41.000000Z
5887,215,,אנ - 35 - 220.2,חתמ - 54 - 58,1,English layout,פסיכומטרי,1,2023-12-26T08:15:31.000000Z,2023-12-26T08:15:31.000000Z
12396,269,,אנ - 35 - 220.2,חתמ - 6 - 1,1,English layout,אמירנט,1,2024-10-15T02:48:45.000000Z,2024-10-15T02:48:45.000000Z
5888,215,,אנ - 35 - 221,חתמ - 6 - 2,1,English layout,פסיכומטרי,1,2023-12-26T08:17:09.000000Z,2023-12-26T08:17:09.000000Z
12397,269,,אנ - 35 - 221,חתמ - 7 - 4,1,English layout,אמירנט,1,2024-10-15T02:49:30.000000Z,2024-10-15T02:49:30.000000Z
5889,215,,אנ - 35 - 222,חתמ - 7 - דוגמה,1,English layout,פסיכומטרי,1,2023-12-26T08:18:55.000000Z,2023-12-26T08:18:55.000000Z
12398,269,,אנ - 35 - 222,חתמ - 8 - 5,1,English layout,אמירנט,1,2024-10-15T02:50:03.000000Z,2024-10-15T02:50:03.000000Z
5890,215,,אנ - 35 - 223,חתמ - 80 - 1,1,English layout,פסיכומטרי,1,2023-12-26T08:20:11.000000Z,2023-12-26T08:20:11.000000Z
12399,269,,אנ - 35 - 223,חתמ - 80 - 2,1,English layout,אמירנט,1,2024-10-15T03:10:56.000000Z,2024-10-15T03:10:56.000000Z
5892,215,,אנ - 35 - 224,חתמ - 80 - 3,1,English layout,פסיכומטרי,1,2023-12-26T08:21:31.000000Z,2023-12-26T08:21:31.000000Z
12400,269,,אנ - 35 - 224,חתמ - 80 - 4,1,English layout,אמירנט,1,2024-10-15T03:11:53.000000Z,2024-10-15T03:11:53.000000Z
5893,215,,אנ - 36 - 225,חתמ - 80 - 5,1,English layout,פסיכומטרי,1,2023-12-26T08:23:28.000000Z,2023-12-26T08:23:28.000000Z
12413,269,,אנ - 36 - 225,חתמ - 81 - 6,1,English layout,אמירנט,1,2024-10-15T10:39:09.000000Z,2024-10-15T10:40:28.000000Z
5894,215,,אנ - 36 - 226,חתמ - 9 - דוגמה,1,English layout,פסיכומטרי,1,2023-12-26T08:25:08.000000Z,2023-12-26T08:25:08.000000Z
12414,269,,אנ - 36 - 226,מה - 28 - 15,1,English layout,אמירנט,1,2024-10-15T10:40:05.000000Z,2024-10-15T10:40:05.000000Z
5895,215,,אנ - 36 - 227,מה - 35 - 29,1,English layout,פסיכומטרי,1,2023-12-26T08:26:35.000000Z,2023-12-26T08:26:35.000000Z
12415,269,,אנ - 36 - 227,מה - 35 - 30,1,English layout,אמירנט,1,2024-10-15T10:41:28.000000Z,2024-10-15T10:41:28.000000Z
5896,215,,אנ - 36 - 228,מה - 38 - 40,1,English layout,פסיכומטרי,1,2023-12-26T08:28:02.000000Z,2023-12-26T08:28:02.000000Z
12416,269,,אנ - 36 - 228,מה - 38 - 41,1,English layout,אמירנט,1,2024-10-15T10:42:14.000000Z,2024-10-15T10:42:14.000000Z
5898,215,,אנ - 36 - 229,מה - 38 - 42,1,English layout,פסיכומטרי,1,2023-12-26T08:29:33.000000Z,2023-12-26T08:29:33.000000Z
12417,269,,אנ - 36 - 229,מה - 38 - 43,1,English layout,אמירנט,1,2024-10-15T10:43:34.000000Z,2024-10-15T10:43:34.000000Z
5899,215,,אנ - 36 - 230,מה - 38 - 44,1,English layout,פסיכומטרי,1,2023-12-26T08:30:51.000000Z,2023-12-26T08:30:51.000000Z
12418,269,,אנ - 36 - 230,מה - 45 - 6,1,English layout,אמירנט,1,2024-10-15T10:45:56.000000Z,2024-10-15T10:45:56.000000Z
5900,215,,אנ - 36 - 231.1,מה - 45 - 8,1,English layout,פסיכומטרי,1,2023-12-26T08:33:48.000000Z,2023-12-26T08:33:48.000000Z
12419,269,,אנ - 36 - 231.1,מה - 46 - 1,1,English layout,אמירנט,1,2024-10-15T10:46:24.000000Z,2024-10-15T10:46:24.000000Z
5901,215,,אנ - 36 - 231.2,מה - 46 - 3,1,English layout,פסיכומטרי,1,2023-12-26T08:36:37.000000Z,2023-12-26T08:36:37.000000Z
12420,269,,אנ - 36 - 231.2,מה - 46 - 4,1,English layout,אמירנט,1,2024-10-15T10:47:12.000000Z,2024-10-15T10:47:12.000000Z
5903,215,,אנ - 36 - 232,מה - 46 - 5,1,English layout,פסיכומטרי,1,2023-12-26T08:38:08.000000Z,2023-12-26T08:38:08.000000Z
12421,269,,אנ - 36 - 232,מה - 51 - 18,1,English layout,אמירנט,1,2024-10-15T10:48:08.000000Z,2024-10-15T10:48:08.000000Z
5904,215,,אנ - 37 - 233,מה - 51 - 19,1,English layout,פסיכומטרי,1,2023-12-26T08:39:52.000000Z,2023-12-26T08:39:52.000000Z
12422,269,,אנ - 37 - 233,מה - 51 - 20,1,English layout,אמירנט,1,2024-10-15T10:48:47.000000Z,2024-10-15T10:48:47.000000Z
5905,215,,אנ - 37 - 234.1,מה - 51 - 21,1,English layout,פסיכומטרי,1,2023-12-26T08:41:22.000000Z,2023-12-26T08:41:22.000000Z
12423,269,,אנ - 37 - 234.1,מה - 51 - 22,1,English layout,אמירנט,1,2024-10-15T10:49:29.000000Z,2024-10-15T10:49:29.000000Z
5907,215,,אנ - 37 - 234.2,מה - 51 - 23,1,English layout,פסיכומטרי,1,2023-12-26T08:42:54.000000Z,2023-12-26T08:42:54.000000Z
12424,269,,אנ - 37 - 234.2,מה - 52 - 24,1,English layout,אמירנט,1,2024-10-15T10:50:55.000000Z,2024-10-15T10:50:55.000000Z
5908,215,,אנ - 37 - 235,מה - 52 - 25,1,English layout,פסיכומטרי,1,2023-12-26T08:45:04.000000Z,2024-03-03T08:19:32.000000Z
12425,269,,אנ - 37 - 235,מה - 52 - 26,1,English layout,אמירנט,1,2024-10-15T10:51:24.000000Z,2024-10-15T10:51:24.000000Z
5909,215,,אנ - 37 - 236,מה - 52 - 27,1,English layout,פסיכומטרי,1,2023-12-26T08:46:29.000000Z,2023-12-26T08:46:29.000000Z
12426,269,,אנ - 37 - 236,מה - 52 - 28,1,English layout,אמירנט,1,2024-10-15T10:52:08.000000Z,2024-10-15T10:52:08.000000Z
5910,215,,אנ - 37 - 237,מה - 58 - 11,1,English layout,פסיכומטרי,1,2023-12-26T08:49:48.000000Z,2023-12-26T08:49:48.000000Z
12427,269,,אנ - 37 - 237,מה - 58 - 12,1,English layout,אמירנט,1,2024-10-15T10:52:44.000000Z,2024-10-15T10:52:44.000000Z
5911,215,,אנ - 37 - 238,מה - 59 - 3,1,English layout,פסיכומטרי,1,2023-12-26T08:51:24.000000Z,2023-12-26T08:51:24.000000Z
12428,269,,אנ - 37 - 238,מה - 59 - 4,1,English layout,אמירנט,1,2024-10-15T10:53:04.000000Z,2024-10-15T10:53:04.000000Z
5913,215,,אנ - 37 - 239,מה - 59 - 5,1,English layout,פסיכומטרי,1,2023-12-26T08:52:41.000000Z,2023-12-26T08:52:41.000000Z
12429,269,,אנ - 37 - 239,מה - 6 - 4,1,English layout,אמירנט,1,2024-10-15T10:53:24.000000Z,2024-10-15T10:53:24.000000Z
5914,215,,אנ - 37 - 240,מה - 6 - 6,1,English layout,פסיכומטרי,1,2023-12-26T08:54:00.000000Z,2023-12-26T08:54:00.000000Z
12430,269,,אנ - 37 - 240,מה - 61 - 14,1,English layout,אמירנט,1,2024-10-15T10:53:50.000000Z,2024-10-15T10:53:50.000000Z
5916,215,,אנ - 38 - 241,מה - 61 - 15,1,English layout,פסיכומטרי,1,2023-12-26T08:55:16.000000Z,2023-12-26T08:55:16.000000Z
12431,269,,אנ - 38 - 241,מה - 61 - 16,1,English layout,אמירנט,1,2024-10-15T10:54:08.000000Z,2024-10-15T10:54:08.000000Z
5918,215,,אנ - 38 - 242,מה - 61 - 17,1,English layout,פסיכומטרי,1,2023-12-26T08:57:02.000000Z,2023-12-26T08:57:02.000000Z
12432,269,,אנ - 38 - 242,מה - 61 - 18,1,English layout,אמירנט,1,2024-10-15T10:54:56.000000Z,2024-10-15T10:54:56.000000Z
5919,215,,אנ - 38 - 243,מה - 62 - 19,1,English layout,פסיכומטרי,1,2023-12-26T08:58:18.000000Z,2023-12-26T08:58:18.000000Z
12433,269,,אנ - 38 - 243,מה - 62 - 20,1,English layout,אמירנט,1,2024-10-15T10:55:18.000000Z,2024-10-15T10:55:18.000000Z
5920,215,,אנ - 38 - 244.1,מה - 63 - 21,1,English layout,פסיכומטרי,1,2023-12-26T08:59:51.000000Z,2023-12-26T08:59:51.000000Z
12434,269,,אנ - 38 - 244.1,מה - 63 - 22,1,English layout,אמירנט,1,2024-10-15T10:55:37.000000Z,2024-10-15T10:55:37.000000Z
5921,215,,אנ - 38 - 244.2,מה - 63 - 23,1,English layout,פסיכומטרי,1,2023-12-26T09:01:37.000000Z,2023-12-26T09:01:37.000000Z
12435,269,,אנ - 38 - 244.2,מה - 63 - 24,1,English layout,אמירנט,1,2024-10-15T10:56:19.000000Z,2024-10-15T10:56:19.000000Z
5923,215,,אנ - 38 - 245,מה - 63 - 25,1,English layout,פסיכומטרי,1,2023-12-26T09:03:25.000000Z,2023-12-26T09:03:25.000000Z
12436,269,,אנ - 38 - 245,מה - 63 - 26,1,English layout,אמירנט,1,2024-10-15T10:57:19.000000Z,2024-10-15T10:57:19.000000Z
5924,215,,אנ - 38 - 246,מה - 65 - 28,1,English layout,פסיכומטרי,1,2023-12-26T09:05:05.000000Z,2023-12-26T09:05:05.000000Z
12437,269,,אנ - 38 - 246,מה - 66 - 33,1,English layout,אמירנט,1,2024-10-15T10:57:36.000000Z,2024-10-15T10:57:36.000000Z
5925,215,,אנ - 38 - 247,מה - 66 - 36,1,English layout,פסיכומטרי,1,2023-12-26T09:06:25.000000Z,2023-12-26T09:06:25.000000Z
12438,269,,אנ - 38 - 247,מה - 66 - 38,1,English layout,אמירנט,1,2024-10-15T10:58:09.000000Z,2024-10-15T10:58:09.000000Z
5926,215,,אנ - 39 - 248,מה - 67 - 1,1,English layout,פסיכומטרי,1,2023-12-26T09:07:40.000000Z,2023-12-26T09:07:40.000000Z
12439,269,,אנ - 39 - 248,מה - 67 - 3,1,English layout,אמירנט,1,2024-10-15T10:58:42.000000Z,2024-10-15T10:58:42.000000Z
5927,215,,אנ - 39 - 249,מה - 67 - 4,1,English layout,פסיכומטרי,1,2023-12-26T09:09:09.000000Z,2023-12-26T09:09:09.000000Z
12440,269,,אנ - 39 - 249,מה - 67 - 5,1,English layout,אמירנט,1,2024-10-15T10:58:58.000000Z,2024-10-15T10:58:58.000000Z
5946,215,,אנ - 39 - 250,מה - 68 - 6,1,English layout,פסיכומטרי,1,2023-12-26T10:22:56.000000Z,2024-03-03T08:37:15.000000Z
12441,269,,אנ - 39 - 250,מה - 68 - 7,1,English layout,אמירנט,1,2024-10-15T10:59:18.000000Z,2024-10-15T10:59:18.000000Z
5948,215,,אנ - 39 - 251,מה - 68 - 8,1,English layout,פסיכומטרי,1,2023-12-26T10:24:28.000000Z,2023-12-26T10:24:28.000000Z
12442,269,,אנ - 39 - 251,מה - 73 - 14,1,English layout,אמירנט,1,2024-10-15T10:59:54.000000Z,2024-10-15T10:59:54.000000Z
5949,215,,אנ - 39 - 252,מה - 74 - 1,1,English layout,פסיכומטרי,1,2023-12-26T10:25:42.000000Z,2023-12-26T10:25:42.000000Z
12443,269,,אנ - 39 - 252,מה - 74 - 2,1,English layout,אמירנט,1,2024-10-15T11:00:26.000000Z,2024-10-15T11:00:26.000000Z
5950,215,,אנ - 39 - 253,מה - 74 - 3,1,English layout,פסיכומטרי,1,2023-12-26T10:26:51.000000Z,2023-12-26T10:26:51.000000Z
12444,269,,אנ - 39 - 253,מה - 74 - 4,1,English layout,אמירנט,1,2024-10-15T11:00:42.000000Z,2024-10-15T11:00:42.000000Z
5951,215,,אנ - 39 - 254,מה - 74 - 5,1,English layout,פסיכומטרי,1,2023-12-26T10:28:08.000000Z,2023-12-26T10:28:08.000000Z
12445,269,,אנ - 39 - 254,מה - 9 - 14,1,English layout,אמירנט,1,2024-10-15T11:02:30.000000Z,2024-10-15T11:02:30.000000Z
5952,215,,אנ - 39 - 255,מה - 9 - 15,1,English layout,פסיכומטרי,1,2023-12-26T10:29:39.000000Z,2023-12-26T10:29:39.000000Z
12446,269,,אנ - 39 - 255,מה - 9 - 17,1,English layout,אמירנט,1,2024-10-15T11:02:51.000000Z,2024-10-15T11:02:51.000000Z
5953,215,,אנ - 39 - 256,מה - 9 - 18,1,English layout,פסיכומטרי,1,2023-12-26T10:31:38.000000Z,2023-12-26T10:31:38.000000Z
12447,269,,אנ - 39 - 256,מח - 11 - 2,1,English layout,אמירנט,1,2024-10-15T11:03:12.000000Z,2024-10-15T11:03:12.000000Z
5954,215,,אנ - 40 - 257,מח - 11 - 4,1,English layout,פסיכומטרי,1,2023-12-26T10:32:58.000000Z,2023-12-26T10:32:58.000000Z
12448,269,,אנ - 40 - 257,מח - 11 - 6,1,English layout,אמירנט,1,2024-10-15T11:03:52.000000Z,2024-10-15T11:03:52.000000Z
5955,215,,אנ - 40 - 258,מח - 11 - 8,1,English layout,פסיכומטרי,1,2023-12-26T10:34:21.000000Z,2023-12-26T10:34:21.000000Z
12449,269,,אנ - 40 - 258,מח - 11 - 9,1,English layout,אמירנט,1,2024-10-15T11:04:33.000000Z,2024-10-15T11:04:33.000000Z
5956,215,,אנ - 40 - 259,מח - 12 - 1,1,English layout,פסיכומטרי,1,2023-12-26T10:35:34.000000Z,2023-12-26T10:35:34.000000Z
12450,269,,אנ - 40 - 259,מח - 12 - 5,1,English layout,אמירנט,1,2024-10-15T11:05:07.000000Z,2024-10-15T11:05:07.000000Z
5957,215,,אנ - 40 - 260,מח - 12 - 7,1,English layout,פסיכומטרי,1,2023-12-26T10:37:04.000000Z,2023-12-26T10:37:04.000000Z
12451,269,,אנ - 40 - 260,מח - 12 - 9,1,English layout,אמירנט,1,2024-10-15T11:05:36.000000Z,2024-10-15T11:05:36.000000Z
5959,215,,אנ - 40 - 261,מח - 15 - 11,1,English layout,פסיכומטרי,1,2023-12-26T10:38:40.000000Z,2023-12-26T10:38:40.000000Z
12452,269,,אנ - 40 - 261,מח - 15 - 12,1,English layout,אמירנט,1,2024-10-15T11:06:06.000000Z,2024-10-15T11:06:06.000000Z
5960,215,,אנ - 40 - 262.1,מח - 15 - 14,1,English layout,פסיכומטרי,1,2023-12-26T10:40:22.000000Z,2023-12-26T10:40:22.000000Z
12453,269,,אנ - 40 - 262.1,מח - 15 - 2,1,English layout,אמירנט,1,2024-10-15T11:06:28.000000Z,2024-10-15T11:06:28.000000Z
5962,215,,אנ - 40 - 262.2,מח - 15 - 4,1,English layout,פסיכומטרי,1,2023-12-26T10:41:33.000000Z,2023-12-26T10:41:33.000000Z
12454,269,,אנ - 40 - 262.2,מח - 15 - 7,1,English layout,אמירנט,1,2024-10-15T11:07:20.000000Z,2024-10-15T11:07:20.000000Z
5963,215,,אנ - 40 - 263,מח - 15 - 9,1,English layout,פסיכומטרי,1,2023-12-26T10:42:51.000000Z,2023-12-26T10:42:51.000000Z
12455,269,,אנ - 40 - 263,מח - 16 - 15,1,English layout,אמירנט,1,2024-10-15T11:07:57.000000Z,2024-10-15T11:07:57.000000Z
5966,215,,אנ - 40 - 264,מח - 16 - 16,1,English layout,פסיכומטרי,1,2023-12-26T10:48:48.000000Z,2024-03-03T08:44:36.000000Z
12570,269,,אנ - 40 - 264,מח - 16 - 19,1,English layout,אמירנט,1,2024-10-17T12:19:11.000000Z,2024-10-17T12:19:11.000000Z
5968,215,,אנ - 41 - 265.1,מח - 16 - 20,1,English layout,פסיכומטרי,1,2023-12-26T10:50:14.000000Z,2023-12-26T10:50:14.000000Z
12571,269,,אנ - 41 - 265.1,מח - 16 - 22,1,English layout,אמירנט,1,2024-10-17T12:19:47.000000Z,2024-10-17T12:19:47.000000Z
5969,215,,אנ - 41 - 265.2,מח - 16 - 23,1,English layout,פסיכומטרי,1,2023-12-26T10:51:23.000000Z,2023-12-26T10:51:23.000000Z
12572,269,,אנ - 41 - 265.2,מח - 16 - 24,1,English layout,אמירנט,1,2024-10-17T12:20:44.000000Z,2024-10-17T12:20:44.000000Z
5971,215,,אנ - 41 - 265.3,מח - 16 - 25,1,English layout,פסיכומטרי,1,2023-12-26T10:53:17.000000Z,2023-12-26T10:53:17.000000Z
12573,269,,אנ - 41 - 265.3,מח - 21 - 1,1,English layout,אמירנט,1,2024-10-17T12:21:47.000000Z,2024-10-17T12:21:47.000000Z
5972,215,,אנ - 41 - 266,מח - 21 - 10,1,English layout,פסיכומטרי,1,2023-12-26T10:54:32.000000Z,2024-03-03T08:46:30.000000Z
12574,269,,אנ - 41 - 266,מח - 21 - 7,1,English layout,אמירנט,1,2024-10-17T12:22:08.000000Z,2024-10-17T12:22:08.000000Z
5975,215,,אנ - 41 - 267,מח - 21 - 8,1,English layout,פסיכומטרי,1,2023-12-26T10:56:13.000000Z,2023-12-26T10:56:13.000000Z
12575,269,,אנ - 41 - 267,מח - 22 - 3,1,English layout,אמירנט,1,2024-10-17T12:22:31.000000Z,2024-10-17T12:22:31.000000Z
5976,215,,אנ - 41 - 268.1,מח - 26 - 3,1,English layout,פסיכומטרי,1,2023-12-26T10:57:28.000000Z,2023-12-26T10:57:28.000000Z
12576,269,,אנ - 41 - 268.1,מח - 28 - 1,1,English layout,אמירנט,1,2024-10-17T12:23:14.000000Z,2024-10-17T12:23:14.000000Z
5978,215,,אנ - 41 - 268.2,מח - 28 - 10,1,English layout,פסיכומטרי,1,2023-12-26T10:58:38.000000Z,2023-12-26T10:58:38.000000Z
5980,215,,אנ - 41 - 269,מח - 28 - 13,1,English layout,פסיכומטרי,1,2023-12-26T11:00:04.000000Z,2023-12-26T11:00:04.000000Z
12577,269,,אנ - 41 - 269,מח - 28 - 15,1,English layout,אמירנט,1,2024-10-17T12:33:53.000000Z,2024-10-17T12:33:53.000000Z
5981,215,,אנ - 41 - 270,מח - 28 - 2,1,English layout,פסיכומטרי,1,2023-12-26T11:01:36.000000Z,2023-12-26T11:01:36.000000Z
12578,269,,אנ - 41 - 270,מח - 28 - 3,1,English layout,אמירנט,1,2024-10-17T12:34:29.000000Z,2024-10-17T12:34:29.000000Z
5982,215,,אנ - 41 - 271,מח - 28 - 7,1,English layout,פסיכומטרי,1,2023-12-26T11:03:00.000000Z,2023-12-26T11:03:00.000000Z
12579,269,,אנ - 41 - 271,מח - 28 - 8,1,English layout,אמירנט,1,2024-10-17T12:35:10.000000Z,2024-10-17T12:35:10.000000Z
5983,215,,אנ - 42 - 272,מח - 28 - 9,1,English layout,פסיכומטרי,1,2023-12-26T11:04:24.000000Z,2023-12-26T11:04:24.000000Z
12580,269,,אנ - 42 - 272,מח - 5 - 4,1,English layout,אמירנט,1,2024-10-17T12:35:41.000000Z,2024-10-17T12:35:41.000000Z
5984,215,,אנ - 42 - 273,מח - 5 - 9,1,English layout,פסיכומטרי,1,2023-12-26T11:05:46.000000Z,2023-12-26T11:05:46.000000Z
12581,269,,אנ - 42 - 273,מח - 5 -6,1,English layout,אמירנט,1,2024-10-17T12:36:40.000000Z,2024-10-17T12:36:40.000000Z
5985,215,,אנ - 42 - 274,מח - 7 - 10,1,English layout,פסיכומטרי,1,2023-12-26T11:07:05.000000Z,2023-12-26T11:07:05.000000Z
12582,269,,אנ - 42 - 274,מח - 7 - 6,1,English layout,אמירנט,1,2024-10-17T12:37:12.000000Z,2024-10-17T12:37:12.000000Z
5986,215,,אנ - 42 - 275,מח - 7 - 7,1,English layout,פסיכומטרי,1,2023-12-26T11:08:23.000000Z,2023-12-26T11:08:23.000000Z
12583,269,,אנ - 42 - 275,מח - 9 - 10,1,English layout,אמירנט,1,2024-10-17T12:37:28.000000Z,2024-10-17T12:37:28.000000Z
5988,215,,אנ - 42 - 276.1,מח - 9 - 3,1,English layout,פסיכומטרי,1,2023-12-26T11:10:11.000000Z,2023-12-26T11:10:11.000000Z
12584,269,,אנ - 42 - 276.1,מח - 9 - 9,1,English layout,אמירנט,1,2024-10-17T12:38:03.000000Z,2024-10-17T12:38:03.000000Z
5990,215,,אנ - 42 - 276.2,מס - 44 - 30,1,English layout,פסיכומטרי,1,2023-12-26T11:11:37.000000Z,2023-12-26T11:11:37.000000Z
12585,269,,אנ - 42 - 276.2,סא - 103 - 1,1,English layout,אמירנט,1,2024-10-17T12:38:40.000000Z,2024-10-17T12:38:40.000000Z
5991,215,,אנ - 42 - 277,סא - 103 - 2,1,English layout,פסיכומטרי,1,2023-12-26T11:13:10.000000Z,2023-12-26T11:13:10.000000Z
12586,269,,אנ - 42 - 277,סא - 103 - 3,1,English layout,אמירנט,1,2024-10-17T12:39:14.000000Z,2024-10-17T12:39:14.000000Z
5992,215,,אנ - 42 - 278,סא - 104 - 4,1,English layout,פסיכומטרי,1,2023-12-26T11:14:28.000000Z,2023-12-26T11:14:28.000000Z
12587,269,,אנ - 42 - 278,סא - 108 - 21,1,English layout,אמירנט,1,2024-10-17T12:39:51.000000Z,2024-10-17T12:39:51.000000Z
5994,215,,אנ - 42 - 279,סא - 109 - 22,1,English layout,פסיכומטרי,1,2023-12-26T11:15:46.000000Z,2023-12-26T11:15:46.000000Z
12588,269,,אנ - 42 - 279,סא - 109 - 23,1,English layout,אמירנט,1,2024-10-17T12:40:46.000000Z,2024-10-17T12:40:46.000000Z
5995,215,,אנ - 42 - 280,סא - 109 - 24,1,English layout,פסיכומטרי,1,2023-12-26T11:16:55.000000Z,2023-12-26T11:16:55.000000Z
12589,269,,אנ - 42 - 280,סא - 110 - 25,1,English layout,אמירנט,1,2024-10-17T12:41:25.000000Z,2024-10-17T12:41:25.000000Z
5996,215,,אנ - 43 - 281,סא - 110 - 26,1,English layout,פסיכומטרי,1,2023-12-26T11:19:04.000000Z,2023-12-26T11:19:04.000000Z
12590,269,,אנ - 43 - 281,סא - 110 - 27,1,English layout,אמירנט,1,2024-10-17T12:42:06.000000Z,2024-10-17T12:42:06.000000Z
5997,215,,אנ - 43 - 281.1,סא - 111 - 28,1,English layout,פסיכומטרי,1,2023-12-26T11:20:33.000000Z,2023-12-26T11:20:33.000000Z
12591,269,,אנ - 43 - 281.1,סא - 111 - 29,1,English layout,אמירנט,1,2024-10-17T12:42:47.000000Z,2024-10-17T12:42:47.000000Z
5998,215,,אנ - 43 - 282.2,סא - 111 - 30,1,English layout,פסיכומטרי,1,2023-12-26T11:21:58.000000Z,2024-03-03T11:18:42.000000Z
12592,269,,אנ - 43 - 282.2,סא - 112 - 31,1,English layout,אמירנט,1,2024-10-17T12:43:20.000000Z,2024-10-17T12:43:20.000000Z
5999,215,,אנ - 43 - 283,סא - 112 - 32,1,English layout,פסיכומטרי,1,2023-12-26T11:23:13.000000Z,2023-12-26T11:23:13.000000Z
12593,269,,אנ - 43 - 283,סא - 112 - 33,1,English layout,אמירנט,1,2024-10-17T12:43:54.000000Z,2024-10-17T12:43:54.000000Z
6000,215,,אנ - 43 - 284,סא - 113 - 34,1,English layout,פסיכומטרי,1,2023-12-26T11:24:32.000000Z,2023-12-26T11:24:32.000000Z
12594,269,,אנ - 43 - 284,סא - 113 - 35,1,English layout,אמירנט,1,2024-10-17T12:44:10.000000Z,2024-10-17T12:44:10.000000Z
6001,215,,אנ - 43 - 285,סא - 113 - 36,1,English layout,פסיכומטרי,1,2023-12-26T11:25:40.000000Z,2023-12-26T11:25:40.000000Z
12595,269,,אנ - 43 - 285,סא - 114 - 37,1,English layout,אמירנט,1,2024-10-17T12:44:38.000000Z,2024-10-17T12:44:38.000000Z
6002,215,,אנ - 43 - 286,סא - 114 - 38,1,English layout,פסיכומטרי,1,2023-12-26T11:27:00.000000Z,2023-12-26T11:27:00.000000Z
12596,269,,אנ - 43 - 286,סא - 114 - 39,1,English layout,אמירנט,1,2024-10-17T12:45:34.000000Z,2024-10-17T12:45:34.000000Z
6003,215,,אנ - 43 - 287,סא - 115 - 40,1,English layout,פסיכומטרי,1,2023-12-26T11:28:08.000000Z,2023-12-26T11:28:08.000000Z
12597,269,,אנ - 43 - 287,סא - 167 - 1,1,English layout,אמירנט,1,2024-10-17T12:45:50.000000Z,2024-10-17T12:45:50.000000Z
6004,215,,אנ - 44 - 288,סא - 167 - 2,1,English layout,פסיכומטרי,1,2023-12-26T11:29:28.000000Z,2023-12-26T11:29:28.000000Z
12598,269,,אנ - 44 - 288,סא - 167 - 3,1,English layout,אמירנט,1,2024-10-17T12:46:05.000000Z,2024-10-17T12:46:05.000000Z
6005,215,,אנ - 44 - 289,סא - 167 - 4,1,English layout,פסיכומטרי,1,2023-12-26T11:30:34.000000Z,2023-12-26T11:30:34.000000Z
12599,269,,אנ - 44 - 289,סא - 168 - 5,1,English layout,אמירנט,1,2024-10-17T12:46:21.000000Z,2024-10-17T12:46:21.000000Z
6006,215,,אנ - 44 - 290.1,סא - 168 - 6,1,English layout,פסיכומטרי,1,2023-12-26T11:32:10.000000Z,2023-12-26T11:32:10.000000Z
12600,269,,אנ - 44 - 290.1,סא - 168 - 7,1,English layout,אמירנט,1,2024-10-17T12:46:58.000000Z,2024-10-17T12:46:58.000000Z
6007,215,,אנ - 44 - 290.2,סא - 168 - 8,1,English layout,פסיכומטרי,1,2023-12-26T11:34:36.000000Z,2023-12-26T11:34:36.000000Z
12601,269,,אנ - 44 - 290.2,סא - 168 - 9,1,English layout,אמירנט,1,2024-10-17T12:47:20.000000Z,2024-10-17T12:47:20.000000Z
6008,215,,אנ - 44 - 291,סא - 169 - 10,1,English layout,פסיכומטרי,1,2023-12-26T11:38:24.000000Z,2023-12-26T11:39:58.000000Z
12602,269,,אנ - 44 - 291,סא - 169 - 11,1,English layout,אמירנט,1,2024-10-17T12:47:35.000000Z,2024-10-17T12:47:35.000000Z
6009,215,,אנ - 44 - 292,סא - 169 - 12,1,English layout,פסיכומטרי,1,2023-12-26T11:39:40.000000Z,2023-12-26T11:39:40.000000Z
12603,269,,אנ - 44 - 292,סא - 175 - 1,1,English layout,אמירנט,1,2024-10-17T12:48:05.000000Z,2024-10-17T12:48:05.000000Z
6010,215,,אנ - 44 - 293.1,סא - 175 - 2,1,English layout,פסיכומטרי,1,2023-12-26T11:42:12.000000Z,2024-03-03T11:26:51.000000Z
12604,269,,אנ - 44 - 293.1,סא - 175 - 3,1,English layout,אמירנט,1,2024-10-17T12:48:23.000000Z,2024-10-17T12:48:23.000000Z
6011,215,,אנ - 44 - 293.2,סא - 175 - 4,1,English layout,פסיכומטרי,1,2023-12-26T11:43:31.000000Z,2024-03-03T11:27:39.000000Z
12605,269,,אנ - 44 - 293.2,סא - 176 - 5,1,English layout,אמירנט,1,2024-10-17T12:48:40.000000Z,2024-10-17T12:48:40.000000Z
6012,215,,אנ - 44 - 294,סא - 176 - 6,1,English layout,פסיכומטרי,1,2023-12-26T11:44:59.000000Z,2023-12-26T11:44:59.000000Z
12606,269,,אנ - 44 - 294,סא - 176 - 7,1,English layout,אמירנט,1,2024-10-17T12:49:12.000000Z,2024-10-17T12:49:12.000000Z
6013,215,,אנ - 45 - 295,סא - 176 - 8,1,English layout,פסיכומטרי,1,2023-12-26T11:46:19.000000Z,2023-12-26T11:46:19.000000Z
12607,269,,אנ - 45 - 295,סא - 176 - 9,1,English layout,אמירנט,1,2024-10-17T12:49:43.000000Z,2024-10-17T12:49:43.000000Z
6014,215,,אנ - 45 - 296.1,סא - 177 - 10,1,English layout,פסיכומטרי,1,2023-12-26T11:47:45.000000Z,2023-12-26T11:47:45.000000Z
12608,269,,אנ - 45 - 296.1,סא - 177 - 11,1,English layout,אמירנט,1,2024-10-17T12:50:15.000000Z,2024-10-17T12:50:15.000000Z
6015,215,,אנ - 45 - 296.2,סא - 177 - 12,1,English layout,פסיכומטרי,1,2023-12-26T11:53:53.000000Z,2023-12-26T11:53:53.000000Z
12609,269,,אנ - 45 - 296.2,סא - 183 - 1,1,English layout,אמירנט,1,2024-10-17T12:50:42.000000Z,2024-10-17T12:50:42.000000Z
6016,215,,אנ - 45 - 296.3,סא - 183 - 2,1,English layout,פסיכומטרי,1,2023-12-26T12:02:24.000000Z,2023-12-26T12:02:24.000000Z
12610,269,,אנ - 45 - 296.3,סא - 183 - 3,1,English layout,אמירנט,1,2024-10-17T12:52:04.000000Z,2024-10-17T12:52:04.000000Z
6017,215,,אנ - 45 - 297,סא - 183 - 4,1,English layout,פסיכומטרי,1,2023-12-26T12:03:42.000000Z,2023-12-26T12:03:42.000000Z
12611,269,,אנ - 45 - 297,סא - 184 - 5,1,English layout,אמירנט,1,2024-10-17T12:52:25.000000Z,2024-10-17T12:52:25.000000Z
6018,215,,אנ - 45 - 298,סא - 184 - 6,1,English layout,פסיכומטרי,1,2023-12-26T12:05:04.000000Z,2023-12-26T12:05:04.000000Z
12612,269,,אנ - 45 - 298,סא - 184 - 7,1,English layout,אמירנט,1,2024-10-17T12:52:50.000000Z,2024-10-17T12:52:50.000000Z
6019,215,,אנ - 45 - 299,סא - 184 - 8,1,English layout,פסיכומטרי,1,2023-12-26T12:08:42.000000Z,2024-10-17T12:53:33.000000Z
12613,269,,אנ - 45 - 299,סא - 184 - 9,1,English layout,אמירנט,1,2024-10-17T12:53:19.000000Z,2024-10-17T12:53:19.000000Z
6020,215,,אנ - 45 - 300,סא - 185 - 10,1,English layout,פסיכומטרי,1,2023-12-26T12:10:06.000000Z,2023-12-26T12:10:06.000000Z
12614,269,,אנ - 45 - 300,סא - 185 - 11,1,English layout,אמירנט,1,2024-10-17T12:54:01.000000Z,2024-10-17T12:54:01.000000Z
6021,215,,אנ - 45 - 301,סא - 185 - 12,1,English layout,פסיכומטרי,1,2023-12-26T12:12:54.000000Z,2023-12-26T12:12:54.000000Z
12615,269,,אנ - 45 - 301,סא - 191 - 1,1,English layout,אמירנט,1,2024-10-17T12:54:50.000000Z,2024-10-17T12:54:50.000000Z
6022,215,,אנ - 45 - 302,סא - 191 - 2,1,English layout,פסיכומטרי,1,2023-12-26T12:14:10.000000Z,2023-12-26T12:14:10.000000Z
12616,269,,אנ - 45 - 302,סא - 191 - 3,1,English layout,אמירנט,1,2024-10-17T13:03:20.000000Z,2024-10-17T13:03:20.000000Z
6023,215,,אנ - 46 - 303,סא - 191 - 4,1,English layout,פסיכומטרי,1,2023-12-26T12:15:57.000000Z,2023-12-26T12:15:57.000000Z
12617,269,,אנ - 46 - 303,סא - 192 - 5,1,English layout,אמירנט,1,2024-10-17T13:03:35.000000Z,2024-10-17T13:03:35.000000Z
6024,215,,אנ - 46 - 304,סא - 192 - 6,1,English layout,פסיכומטרי,1,2023-12-26T12:17:11.000000Z,2023-12-26T12:17:11.000000Z
12618,269,,אנ - 46 - 304,סא - 192 - 7,1,English layout,אמירנט,1,2024-10-17T13:04:02.000000Z,2024-10-17T13:04:02.000000Z
6025,215,,אנ - 46 - 305,סא - 192 - 8,1,English layout,פסיכומטרי,1,2023-12-26T12:18:49.000000Z,2023-12-26T12:18:49.000000Z
12619,269,,אנ - 46 - 305,סא - 192 - 9,1,English layout,אמירנט,1,2024-10-17T13:05:30.000000Z,2024-10-17T13:05:30.000000Z
6026,215,,אנ - 46 - 306,סא - 193 - 10,1,English layout,פסיכומטרי,1,2023-12-26T12:20:05.000000Z,2023-12-26T12:20:05.000000Z
12620,269,,אנ - 46 - 306,סא - 193 - 11,1,English layout,אמירנט,1,2024-10-17T13:05:47.000000Z,2024-10-17T13:05:47.000000Z
6027,215,,אנ - 46 - 307.1,סא - 193 - 12,1,English layout,פסיכומטרי,1,2023-12-26T12:21:38.000000Z,2024-10-17T13:06:21.000000Z
12621,269,,אנ - 46 - 307.1,סב - 15 - 16,1,English layout,אמירנט,1,2024-10-17T13:06:10.000000Z,2024-10-17T13:06:10.000000Z
6028,215,,אנ - 46 - 307.2,סב - 16 - 17,1,English layout,פסיכומטרי,1,2023-12-26T12:22:57.000000Z,2023-12-26T12:22:57.000000Z
12622,269,,אנ - 46 - 307.2,סב - 16 - 18,1,English layout,אמירנט,1,2024-10-17T13:06:41.000000Z,2024-10-17T13:06:41.000000Z
6029,215,,אנ - 46 - 308,סב - 17 - 20,1,English layout,פסיכומטרי,1,2023-12-26T12:24:15.000000Z,2023-12-26T12:24:15.000000Z
12623,269,,אנ - 46 - 308,סב - 17 - 21,1,English layout,אמירנט,1,2024-10-17T13:11:56.000000Z,2024-10-17T13:11:56.000000Z
6030,215,,אנ - 46 - 309,סב - 17 - 22,1,English layout,פסיכומטרי,1,2023-12-26T12:25:59.000000Z,2023-12-26T12:25:59.000000Z
12624,269,,אנ - 46 - 309,סב - 18 - 23,1,English layout,אמירנט,1,2024-10-17T13:12:42.000000Z,2024-10-17T13:12:42.000000Z
6031,215,,אנ - 46 - 310,סב - 18 - 25,1,English layout,פסיכומטרי,1,2023-12-26T12:27:27.000000Z,2024-10-17T13:13:13.000000Z
12625,269,,אנ - 46 - 310,סב - 19 - 26,1,English layout,אמירנט,1,2024-10-17T13:13:04.000000Z,2024-10-17T13:13:04.000000Z
6032,215,,אנ - 46 - 311,סב - 19 - 27,1,English layout,פסיכומטרי,1,2023-12-26T12:28:43.000000Z,2023-12-26T12:28:43.000000Z
12626,269,,אנ - 46 - 311,סב - 19 - 28,1,English layout,אמירנט,1,2024-10-17T13:13:30.000000Z,2024-10-17T13:13:30.000000Z
6033,215,,אנ - 47 - 312,סב - 20 - 29,1,English layout,פסיכומטרי,1,2023-12-26T12:29:58.000000Z,2023-12-26T12:29:58.000000Z
12627,269,,אנ - 47 - 312,סב - 20 - 30,1,English layout,אמירנט,1,2024-10-17T13:13:50.000000Z,2024-10-17T13:13:50.000000Z
6034,215,,אנ - 47 - 313,סב - 20 - 32,1,English layout,פסיכומטרי,1,2023-12-26T12:31:14.000000Z,2023-12-26T12:31:14.000000Z
12628,269,,אנ - 47 - 313,סב - 21 - 33,1,English layout,אמירנט,1,2024-10-17T13:14:05.000000Z,2024-10-17T13:14:05.000000Z
6035,215,,אנ - 47 - 314,סב - 21 - 34,1,English layout,פסיכומטרי,1,2023-12-26T12:32:35.000000Z,2023-12-26T12:32:35.000000Z
12629,269,,אנ - 47 - 314,סב - 22 - 35,1,English layout,אמירנט,1,2024-10-17T13:14:19.000000Z,2024-10-17T13:14:19.000000Z
6036,215,,אנ - 47 - 315,סב - 22 - 36,1,English layout,פסיכומטרי,1,2023-12-26T12:35:02.000000Z,2023-12-26T12:35:02.000000Z
12630,269,,אנ - 47 - 315,סב - 22 - 37,1,English layout,אמירנט,1,2024-10-17T13:14:32.000000Z,2024-10-17T13:14:32.000000Z
6037,215,,אנ - 47 - 316,סב - 28 - 8,1,English layout,פסיכומטרי,1,2023-12-26T12:36:15.000000Z,2024-03-03T11:43:38.000000Z
12631,269,,אנ - 47 - 316,סב - 30 - 14,1,English layout,אמירנט,1,2024-10-17T13:14:47.000000Z,2024-10-17T13:14:47.000000Z
6038,215,,אנ - 47 - 317,סב - 32 - 19,1,English layout,פסיכומטרי,1,2023-12-26T12:37:58.000000Z,2023-12-26T12:37:58.000000Z
12632,269,,אנ - 47 - 317,סב - 33 - 22,1,English layout,אמירנט,1,2024-10-17T13:15:02.000000Z,2024-10-17T13:15:02.000000Z
6039,215,,אנ - 47 - 318,סב - 36 - 31,1,English layout,פסיכומטרי,1,2023-12-26T12:39:35.000000Z,2023-12-26T12:39:35.000000Z
12633,269,,אנ - 47 - 318,סב - 36 - 32,1,English layout,אמירנט,1,2024-10-17T13:15:33.000000Z,2024-10-17T13:15:33.000000Z
6040,215,,אנ - 47 - 319,סב - 36 - 33,1,English layout,פסיכומטרי,1,2023-12-26T12:40:42.000000Z,2023-12-26T12:40:42.000000Z
12634,269,,אנ - 47 - 319,סב - 37 - 34,1,English layout,אמירנט,1,2024-10-17T13:16:41.000000Z,2024-10-17T13:16:41.000000Z
6041,215,,אנ - 47 - 320,סב - 37 - 35,1,English layout,פסיכומטרי,1,2023-12-26T12:42:09.000000Z,2023-12-26T12:42:09.000000Z
12635,269,,אנ - 47 - 320,סב - 37 - 36,1,English layout,אמירנט,1,2024-10-17T13:16:55.000000Z,2024-10-17T13:16:55.000000Z
6042,215,,אנ - 48 - 321,סב - 40 - 5,1,English layout,פסיכומטרי,1,2023-12-26T12:45:14.000000Z,2023-12-26T12:45:14.000000Z
12636,269,,אנ - 48 - 321,סב - 41 - 10,1,English layout,אמירנט,1,2024-10-17T13:17:22.000000Z,2024-10-17T13:17:22.000000Z
6043,215,,אנ - 48 - 322,סב - 51 - 14,1,English layout,פסיכומטרי,1,2023-12-26T12:46:33.000000Z,2023-12-26T12:46:33.000000Z
12637,269,,אנ - 48 - 322,סב - 56 - 34,1,English layout,אמירנט,1,2024-10-17T13:17:39.000000Z,2024-10-17T13:17:39.000000Z
6044,215,,אנ - 48 - 323,סב - 56 - 35,1,English layout,פסיכומטרי,1,2023-12-26T12:47:48.000000Z,2023-12-26T12:47:48.000000Z
12638,269,,אנ - 48 - 323,סב - 56 - 36,1,English layout,אמירנט,1,2024-10-17T13:18:03.000000Z,2024-10-17T13:18:03.000000Z
6045,215,,אנ - 48 - 324,סב - 57 - 37,1,English layout,פסיכומטרי,1,2023-12-26T12:49:15.000000Z,2023-12-26T12:49:15.000000Z
12639,269,,אנ - 48 - 324,סב - 57 - 39,1,English layout,אמירנט,1,2024-10-17T13:18:18.000000Z,2024-10-17T13:18:18.000000Z
6046,215,,אנ - 48 - 325.1,סב - 67 - 41,1,English layout,פסיכומטרי,1,2023-12-26T12:51:19.000000Z,2023-12-26T12:51:19.000000Z
12640,269,,אנ - 48 - 325.1,סב - 85 - 22,1,English layout,אמירנט,1,2024-10-17T13:18:49.000000Z,2024-10-17T13:18:49.000000Z
6047,215,,אנ - 48 - 325.2,סג - 11 - 12,1,English layout,פסיכומטרי,1,2023-12-26T12:53:05.000000Z,2024-10-17T13:19:41.000000Z
12641,269,,אנ - 48 - 325.2,סג - 11 - 13,1,English layout,אמירנט,1,2024-10-17T13:19:31.000000Z,2024-10-17T13:19:31.000000Z
6048,215,,אנ - 48 - 326,סג - 13 - 18,1,English layout,פסיכומטרי,1,2023-12-26T12:55:11.000000Z,2023-12-26T12:55:11.000000Z
12642,269,,אנ - 48 - 326,סג - 13 - 23,1,English layout,אמירנט,1,2024-10-17T13:20:21.000000Z,2024-10-17T13:20:21.000000Z
6051,215,,אנ - 48 - 327,סג - 19 - 8,1,English layout,פסיכומטרי,1,2023-12-26T12:57:17.000000Z,2023-12-26T12:57:17.000000Z
12643,269,,אנ - 48 - 327,סג - 20 - 13,1,English layout,אמירנט,1,2024-10-17T13:41:49.000000Z,2024-10-17T13:41:49.000000Z
6053,215,,אנ - 49 - 328.1,סג - 24 - 25,1,English layout,פסיכומטרי,1,2023-12-26T12:58:55.000000Z,2023-12-26T12:58:55.000000Z
12644,269,,אנ - 49 - 328.1,סג - 29 - 9,1,English layout,אמירנט,1,2024-10-17T13:42:18.000000Z,2024-10-17T13:42:18.000000Z
6055,215,,אנ - 49 - 328.2,סג - 30 - 10,1,English layout,פסיכומטרי,1,2023-12-26T13:02:44.000000Z,2023-12-26T13:02:44.000000Z
12645,269,,אנ - 49 - 328.2,סג - 31 - 13,1,English layout,אמירנט,1,2024-10-17T13:42:49.000000Z,2024-10-17T13:42:49.000000Z
6057,215,,אנ - 49 - 329,סג - 31 - 16,1,English layout,פסיכומטרי,1,2023-12-26T13:06:44.000000Z,2024-03-03T11:51:36.000000Z
12646,269,,אנ - 49 - 329,סג - 32 - 18,1,English layout,אמירנט,1,2024-10-17T13:43:02.000000Z,2024-10-17T13:43:02.000000Z
6058,215,,אנ - 49 - 330,סג - 32 - 20,1,English layout,פסיכומטרי,1,2023-12-26T13:08:01.000000Z,2023-12-26T13:08:01.000000Z
12647,269,,אנ - 49 - 330,סג - 38 - 6,1,English layout,אמירנט,1,2024-10-17T13:43:18.000000Z,2024-10-17T13:43:18.000000Z
6059,215,,אנ - 49 - 331,סג - 38 - 8,1,English layout,פסיכומטרי,1,2023-12-26T13:10:12.000000Z,2023-12-26T13:10:12.000000Z
12648,269,,אנ - 49 - 331,סג - 39 - 10,1,English layout,אמירנט,1,2024-10-17T13:43:33.000000Z,2024-10-17T13:43:33.000000Z
6061,215,,אנ - 49 - 332,סג - 41 - 15,1,English layout,פסיכומטרי,1,2023-12-26T13:12:25.000000Z,2023-12-26T13:12:25.000000Z
12649,269,,אנ - 49 - 332,סג - 42 - 18,1,English layout,אמירנט,1,2024-10-17T13:43:48.000000Z,2024-10-17T13:43:48.000000Z
6062,215,,אנ - 49 - 333,סג - 42 - 19,1,English layout,פסיכומטרי,1,2023-12-26T13:13:56.000000Z,2023-12-26T13:13:56.000000Z
12650,269,,אנ - 49 - 333,סג - 42 - 22,1,English layout,אמירנט,1,2024-10-17T13:44:26.000000Z,2024-10-17T13:44:26.000000Z
6064,215,,אנ - 49 - 334,סח  -  114  -  29,1,English layout,פסיכומטרי,1,2023-12-26T13:15:03.000000Z,2023-12-26T13:15:03.000000Z
12651,269,,אנ - 49 - 334,1589,1,English layout,אמירנט,1,2024-10-17T13:44:43.000000Z,2024-10-17T13:44:43.000000Z
6068,215,,אנ - 49 - 335,סג - 67 - 15,1,English layout,פסיכומטרי,1,2023-12-26T13:18:37.000000Z,2023-12-26T13:18:37.000000Z
12652,269,,אנ - 49 - 335,סג - 67 - 16,1,English layout,אמירנט,1,2024-10-17T13:44:58.000000Z,2024-10-17T13:44:58.000000Z
6473,215,,אנ - 50 - 336.1,סג - 73 - 10,1,English layout,פסיכומטרי,1,2023-12-28T06:37:39.000000Z,2023-12-28T06:37:39.000000Z
12653,269,,אנ - 50 - 336.1,סג - 73 - 13,1,English layout,אמירנט,1,2024-10-17T13:45:26.000000Z,2024-10-17T13:45:26.000000Z
6478,215,,אנ - 50 - 336.2,סג - 74 - 14,1,English layout,פסיכומטרי,1,2023-12-28T06:39:02.000000Z,2023-12-28T06:39:02.000000Z
12654,269,,אנ - 50 - 336.2,סג - 75 - 21,1,English layout,אמירנט,1,2024-10-17T13:45:54.000000Z,2024-10-17T13:45:54.000000Z
6481,215,,אנ - 50 - 337,סג - 76 - 24,1,English layout,פסיכומטרי,1,2023-12-28T06:40:50.000000Z,2023-12-28T06:40:50.000000Z
12655,269,,אנ - 50 - 337,סג - 77 - 25,1,English layout,אמירנט,1,2024-10-17T13:46:14.000000Z,2024-10-17T13:46:14.000000Z
6485,215,,אנ - 50 - 338,סג - 77 - 27,1,English layout,פסיכומטרי,1,2023-12-28T06:42:15.000000Z,2023-12-28T06:42:15.000000Z
12656,269,,אנ - 50 - 338,סג - 78 - 29,1,English layout,אמירנט,1,2024-10-17T13:46:28.000000Z,2024-10-17T13:46:28.000000Z
6488,215,,אנ - 50 - 339,סג - 79 - 31,1,English layout,פסיכומטרי,1,2023-12-28T06:43:39.000000Z,2023-12-28T06:43:39.000000Z
12657,269,,אנ - 50 - 339,סג - 80 - 34,1,English layout,אמירנט,1,2024-10-17T13:46:56.000000Z,2024-10-17T13:46:56.000000Z
6490,215,,אנ - 50 - 340,סג - 80 - 36,1,English layout,פסיכומטרי,1,2023-12-28T06:45:05.000000Z,2023-12-28T06:45:05.000000Z
12658,269,,אנ - 50 - 340,סג - 81 - 38,1,English layout,אמירנט,1,2024-10-17T13:47:12.000000Z,2024-10-17T13:47:12.000000Z
6493,215,,אנ - 50 - 341,סג - 81 - 39,1,English layout,פסיכומטרי,1,2023-12-28T06:47:16.000000Z,2023-12-28T06:47:16.000000Z
12659,269,,אנ - 50 - 341,סג - 83 - 43,1,English layout,אמירנט,1,2024-10-17T13:47:47.000000Z,2024-10-17T13:47:47.000000Z
6495,215,,אנ - 50 - 342,סג - 83 - 45,1,English layout,פסיכומטרי,1,2023-12-28T06:49:46.000000Z,2023-12-28T06:49:46.000000Z
12660,269,,אנ - 50 - 342,סג - 88 - 13,1,English layout,אמירנט,1,2024-10-17T13:48:08.000000Z,2024-10-17T13:48:08.000000Z
6496,215,,אנ - 50 - 343,סג - 9 - 7,1,English layout,פסיכומטרי,1,2023-12-28T06:51:17.000000Z,2023-12-28T06:51:17.000000Z
12661,269,,אנ - 50 - 343,סג - 90 - 18,1,English layout,אמירנט,1,2024-10-17T13:48:35.000000Z,2024-10-17T13:48:35.000000Z
6498,215,,אנ - 51 - 344,A_9456,1,English layout,פסיכומטרי,1,2023-12-28T06:52:36.000000Z,2023-12-28T06:52:36.000000Z
12662,269,,אנ - 51 - 344,1417,1,English layout,אמירנט,1,2024-10-17T13:48:50.000000Z,2024-10-17T13:48:50.000000Z
6499,215,,אנ - 51 - 345,1569,1,English layout,פסיכומטרי,1,2023-12-28T06:54:32.000000Z,2023-12-28T06:54:32.000000Z
12663,269,,אנ - 51 - 345,3109,1,English layout,אמירנט,1,2024-10-17T13:49:04.000000Z,2024-10-17T13:49:04.000000Z
6501,215,,אנ - 51 - 346,3111,1,English layout,פסיכומטרי,1,2023-12-28T06:56:39.000000Z,2023-12-28T06:56:39.000000Z
12664,269,,אנ - 51 - 346,A_9470,1,English layout,אמירנט,1,2024-10-17T13:49:21.000000Z,2024-10-17T13:49:21.000000Z
6503,215,,אנ - 51 - 347,סח  -  105  -  1,1,English layout,פסיכומטרי,1,2023-12-28T06:59:12.000000Z,2023-12-28T06:59:12.000000Z
12665,269,,אנ - 51 - 347,סח  -  106  -  4,1,English layout,אמירנט,1,2024-10-17T13:50:00.000000Z,2024-10-17T13:50:00.000000Z
6504,215,,אנ - 51 - 348,סח - 169 - 2,1,English layout,פסיכומטרי,1,2023-12-28T07:00:29.000000Z,2023-12-28T07:00:29.000000Z
12666,269,,אנ - 51 - 348,1410,1,English layout,אמירנט,1,2024-10-17T13:50:26.000000Z,2024-10-17T13:50:26.000000Z
6505,215,,אנ - 51 - 349,1532,1,English layout,פסיכומטרי,1,2023-12-28T07:01:45.000000Z,2023-12-28T07:01:45.000000Z
12667,269,,אנ - 51 - 349,A_9461,1,English layout,אמירנט,1,2024-10-17T13:50:52.000000Z,2024-10-17T13:50:52.000000Z
6507,215,,אנ - 51 - 350,3061,1,English layout,פסיכומטרי,1,2023-12-28T07:02:55.000000Z,2023-12-28T07:02:55.000000Z
12668,269,,אנ - 51 - 350,3120,1,English layout,אמירנט,1,2024-10-17T13:51:47.000000Z,2024-10-17T13:51:47.000000Z
6508,215,,אנ - 51 - 351,A_9454,1,English layout,פסיכומטרי,1,2023-12-28T07:04:33.000000Z,2023-12-28T07:04:33.000000Z
12669,269,,אנ - 51 - 351,A_9464,1,English layout,אמירנט,1,2024-10-17T13:52:13.000000Z,2024-10-17T13:52:13.000000Z
6509,215,,אנ - 51 - 352,A_9467,1,English layout,פסיכומטרי,1,2023-12-28T07:05:43.000000Z,2023-12-28T07:05:43.000000Z
12670,269,,אנ - 51 - 352,A_9472,1,English layout,אמירנט,1,2024-10-17T13:52:41.000000Z,2024-10-17T13:52:41.000000Z
6511,215,,אנ - 52 - 353,סח  -  105  -  3,1,English layout,פסיכומטרי,1,2023-12-28T07:07:15.000000Z,2023-12-28T07:07:15.000000Z
12671,269,,אנ - 52 - 353,צל - 33 - 06,1,English layout,אמירנט,1,2024-10-17T13:52:57.000000Z,2024-10-17T13:52:57.000000Z
6512,215,,אנ - 52 - 354,1408,1,English layout,פסיכומטרי,1,2023-12-28T07:08:23.000000Z,2023-12-28T07:08:23.000000Z
12672,269,,אנ - 52 - 354,סח  -  117  -  2,1,English layout,אמירנט,1,2024-10-17T13:53:10.000000Z,2024-10-17T13:53:10.000000Z
12673,269,,אנ - 52 - 354,סח  -  118  -  4,1,English layout,אמירנט,1,2024-10-17T13:53:25.000000Z,2024-10-17T13:53:25.000000Z
6514,215,,אנ - 52 - 355,סח  -  118  -  5,1,English layout,פסיכומטרי,1,2023-12-28T07:09:31.000000Z,2023-12-28T07:09:31.000000Z
12674,269,,אנ - 52 - 355,סח  -  119  -  7,1,English layout,אמירנט,1,2024-10-17T13:53:41.000000Z,2024-10-17T13:53:41.000000Z
6515,215,,אנ - 52 - 356,סח  -  120  -  10,1,English layout,פסיכומטרי,1,2023-12-28T07:10:39.000000Z,2023-12-28T07:10:39.000000Z
12675,269,,אנ - 52 - 356,סח  -  120  -  9,1,English layout,אמירנט,1,2024-10-17T13:53:57.000000Z,2024-10-17T13:53:57.000000Z
6516,215,,אנ - 52 - 357,סח  -  120  - 11,1,English layout,פסיכומטרי,1,2023-12-28T07:11:43.000000Z,2023-12-28T07:11:43.000000Z
12676,269,,אנ - 52 - 357,צל - 59 - 12,1,English layout,אמירנט,1,2024-10-17T13:54:24.000000Z,2024-10-17T13:54:24.000000Z
6517,215,,אנ - 52 - 358,סח  -  121  -  14,1,English layout,פסיכומטרי,1,2023-12-28T07:13:24.000000Z,2023-12-28T07:13:24.000000Z
12677,269,,אנ - 52 - 358,סח  -  149  -  1,1,English layout,אמירנט,1,2024-10-17T13:54:53.000000Z,2024-10-17T13:54:53.000000Z
6518,215,,אנ - 52 - 359.1,סח  -  149  -  2,1,English layout,פסיכומטרי,1,2023-12-28T07:14:41.000000Z,2023-12-28T07:14:41.000000Z
12678,269,,אנ - 52 - 359.1,סח  -  149  -  3,1,English layout,אמירנט,1,2024-10-17T13:55:19.000000Z,2024-10-17T13:55:19.000000Z
6519,215,,אנ - 52 - 359.2,סח  -  150  -  4,1,English layout,פסיכומטרי,1,2023-12-28T07:16:04.000000Z,2023-12-28T07:16:04.000000Z
12679,269,,אנ - 52 - 359.2,סח  -  150  -  5,1,English layout,אמירנט,1,2024-10-17T13:55:44.000000Z,2024-10-17T13:55:44.000000Z
6520,215,,אנ - 52 - 360,סח  -  150  -  6,1,English layout,פסיכומטרי,1,2023-12-28T07:17:25.000000Z,2023-12-28T07:17:25.000000Z
12680,269,,אנ - 52 - 360,סח  -  151  -  7,1,English layout,אמירנט,1,2024-10-17T13:55:57.000000Z,2024-10-17T13:55:57.000000Z
6521,215,,אנ - 53 - 361,סח  -  151  -  8,1,English layout,פסיכומטרי,1,2023-12-28T07:18:52.000000Z,2023-12-28T07:18:52.000000Z
12681,269,,אנ - 53 - 361,סח  -  151  -  9,1,English layout,אמירנט,1,2024-10-17T13:56:43.000000Z,2024-10-17T13:56:43.000000Z
6522,215,,אנ - 53 - 362,סח  -  152  -  10,1,English layout,פסיכומטרי,1,2023-12-28T07:20:16.000000Z,2023-12-28T07:20:16.000000Z
12682,269,,אנ - 53 - 362,סח  -  152  -  11,1,English layout,אמירנט,1,2024-10-17T13:57:03.000000Z,2024-10-17T13:57:03.000000Z
6523,215,,אנ - 53 - 363,סח  -  152  -  12,1,English layout,פסיכומטרי,1,2023-12-28T07:21:23.000000Z,2023-12-28T07:21:23.000000Z
12683,269,,אנ - 53 - 363,סח  -  153  -  14,1,English layout,אמירנט,1,2024-10-17T13:57:36.000000Z,2024-10-17T13:57:36.000000Z
6525,215,,אנ - 53 - 364,סח  -  153  -  16,1,English layout,פסיכומטרי,1,2023-12-28T07:22:58.000000Z,2023-12-28T07:22:58.000000Z
12684,269,,אנ - 53 - 364,סח  -  153  - 17,1,English layout,אמירנט,1,2024-10-17T13:57:52.000000Z,2024-10-17T13:57:52.000000Z
6526,215,,אנ - 53 - 365,סח  -  154  -  18,1,English layout,פסיכומטרי,1,2023-12-28T07:24:02.000000Z,2023-12-28T07:24:02.000000Z
12685,269,,אנ - 53 - 365,סח  -  154  -  19,1,English layout,אמירנט,1,2024-10-17T13:58:19.000000Z,2024-10-17T13:58:19.000000Z
6527,215,,אנ - 53 - 366,סח  -  154  -  20,1,English layout,פסיכומטרי,1,2023-12-28T07:25:21.000000Z,2023-12-28T07:25:21.000000Z
12686,269,,אנ - 53 - 366,סח  -  157  -  1,1,English layout,אמירנט,1,2024-10-17T13:58:47.000000Z,2024-10-17T13:58:47.000000Z
6528,215,,אנ - 53 - 367,סח  -  157  -  2,1,English layout,פסיכומטרי,1,2023-12-28T07:26:26.000000Z,2023-12-28T07:26:26.000000Z
12687,269,,אנ - 53 - 367,סח  -  158  -  4,1,English layout,אמירנט,1,2024-10-17T13:59:17.000000Z,2024-10-17T13:59:17.000000Z
6529,215,,אנ - 53 - 368,סח  -  158  -  5,1,English layout,פסיכומטרי,1,2023-12-28T07:27:38.000000Z,2023-12-28T07:27:38.000000Z
12688,269,,אנ - 53 - 368,סח  -  158  -  6,1,English layout,אמירנט,1,2024-10-17T13:59:31.000000Z,2024-10-17T13:59:31.000000Z
6530,215,,אנ - 54 - 369,סח  -  159  -  10,1,English layout,פסיכומטרי,1,2023-12-28T07:28:47.000000Z,2023-12-28T07:28:47.000000Z
12689,269,,אנ - 54 - 369,סח  -  159  -  8,1,English layout,אמירנט,1,2024-10-17T13:59:57.000000Z,2024-10-17T13:59:57.000000Z
6829,215,,אנ - 54 - 370,סח  -  159  -  9,1,English layout,פסיכומטרי,1,2023-12-31T06:54:44.000000Z,2023-12-31T06:54:44.000000Z
12690,269,,אנ - 54 - 370,סח  -  159 -  7,1,English layout,אמירנט,1,2024-10-17T16:03:21.000000Z,2024-10-17T16:03:21.000000Z
6830,215,,אנ - 54 - 371,סח  -  160  -  11,1,English layout,פסיכומטרי,1,2023-12-31T06:55:57.000000Z,2023-12-31T06:55:57.000000Z
12691,269,,אנ - 54 - 371,סח  -  160  -  12,1,English layout,אמירנט,1,2024-10-17T16:03:49.000000Z,2024-10-17T16:03:49.000000Z
6831,215,,אנ - 54 - 372,סח  -  160  -  14,1,English layout,פסיכומטרי,1,2023-12-31T07:00:59.000000Z,2023-12-31T07:00:59.000000Z
12692,269,,אנ - 54 - 372,סח  -  161  -  15,1,English layout,אמירנט,1,2024-10-17T16:04:05.000000Z,2024-10-17T16:04:05.000000Z
6832,215,,אנ - 54 - 373,סח  -  161  - 16,1,English layout,פסיכומטרי,1,2023-12-31T07:02:11.000000Z,2023-12-31T07:02:11.000000Z
12693,269,,אנ - 54 - 373,סח  -  162  -  18,1,English layout,אמירנט,1,2024-10-17T16:04:19.000000Z,2024-10-17T16:04:19.000000Z
6833,215,,אנ - 54 - 374,סח  -  162  -  19,1,English layout,פסיכומטרי,1,2023-12-31T07:03:20.000000Z,2023-12-31T07:03:20.000000Z
12694,269,,אנ - 54 - 374,סח  -  162  -  20,1,English layout,אמירנט,1,2024-10-17T16:04:35.000000Z,2024-10-17T16:04:35.000000Z
6834,215,,אנ - 54 - 375,סח  -  165  -  3,1,English layout,פסיכומטרי,1,2023-12-31T07:04:45.000000Z,2023-12-31T07:04:45.000000Z
12695,269,,אנ - 54 - 375,סח  -  166  -  5,1,English layout,אמירנט,1,2024-10-17T16:04:49.000000Z,2024-10-17T16:04:49.000000Z
6835,215,,אנ - 54 - 376.1,סח  -  167  -  6,1,English layout,פסיכומטרי,1,2023-12-31T07:06:01.000000Z,2023-12-31T07:06:01.000000Z
12696,269,,אנ - 54 - 376.1,סח  -  168  -  10,1,English layout,אמירנט,1,2024-10-17T16:06:30.000000Z,2024-10-17T16:06:30.000000Z
6836,215,,אנ - 54 - 376.2,סח  -  38  -  5,1,English layout,פסיכומטרי,1,2023-12-31T07:07:10.000000Z,2023-12-31T07:07:10.000000Z
12697,269,,אנ - 54 - 376.2,סח  -  38  -  6,1,English layout,אמירנט,1,2024-10-17T16:06:56.000000Z,2024-10-17T16:06:56.000000Z
6837,215,,אנ - 55 - 377,סח  -  38  - 4,1,English layout,פסיכומטרי,1,2023-12-31T07:10:41.000000Z,2023-12-31T07:10:41.000000Z
12698,269,,אנ - 55 - 377,סח  -  39  -  7,1,English layout,אמירנט,1,2024-10-17T16:07:15.000000Z,2024-10-17T16:07:15.000000Z
6838,215,,אנ - 55 - 378,סח  -  39  -  8,1,English layout,פסיכומטרי,1,2023-12-31T07:12:49.000000Z,2023-12-31T07:12:49.000000Z
12699,269,,אנ - 55 - 378,סח  -  39  -  9,1,English layout,אמירנט,1,2024-10-17T16:07:49.000000Z,2024-10-17T16:07:49.000000Z
6839,215,,אנ - 55 - 379,סח  -  40  -  10,1,English layout,פסיכומטרי,1,2023-12-31T07:15:37.000000Z,2023-12-31T07:15:37.000000Z
12700,269,,אנ - 55 - 379,סח  -  40  -  11,1,English layout,אמירנט,1,2024-10-17T16:08:06.000000Z,2024-10-17T16:08:06.000000Z
6840,215,,אנ - 55 - 380,סח  -  40  -  12,1,English layout,פסיכומטרי,1,2023-12-31T07:16:39.000000Z,2023-12-31T07:16:39.000000Z
12701,269,,אנ - 55 - 380,סח  -  51  -  1,1,English layout,אמירנט,1,2024-10-17T16:08:26.000000Z,2024-10-17T16:08:26.000000Z
6841,215,,אנ - 55 - 381,סח  -  51  -  2,1,English layout,פסיכומטרי,1,2023-12-31T07:19:24.000000Z,2023-12-31T07:19:24.000000Z
12702,269,,אנ - 55 - 381,סח  -  51  -  3,1,English layout,אמירנט,1,2024-10-17T16:08:42.000000Z,2024-10-17T16:08:42.000000Z
6842,215,,אנ - 55 - 382,סח  -  51  -  4,1,English layout,פסיכומטרי,1,2023-12-31T07:26:38.000000Z,2023-12-31T07:26:38.000000Z
12703,269,,אנ - 55 - 382,סח  -  52  -  5,1,English layout,אמירנט,1,2024-10-17T16:08:56.000000Z,2024-10-17T16:08:56.000000Z
6843,215,,אנ - 55 - 383,סח  -  52  -  7,1,English layout,פסיכומטרי,1,2023-12-31T07:28:03.000000Z,2023-12-31T07:28:03.000000Z
12704,269,,אנ - 55 - 383,סח  -  52  -  8,1,English layout,אמירנט,1,2024-10-17T16:09:31.000000Z,2024-10-17T16:09:31.000000Z
6844,215,,אנ - 55 - 384,סח  -  52  - 6,1,English layout,פסיכומטרי,1,2023-12-31T07:29:17.000000Z,2023-12-31T07:29:17.000000Z
12705,269,,אנ - 55 - 384,סח  -  53  -  10,1,English layout,אמירנט,1,2024-10-17T16:09:46.000000Z,2024-10-17T16:09:46.000000Z
6845,215,,אנ - 55 - 385,סח  -  53  -  11,1,English layout,פסיכומטרי,1,2023-12-31T07:31:30.000000Z,2023-12-31T07:31:30.000000Z
6846,215,,אנ - 56 - 386.1,סח  -  53  -  12,1,English layout,פסיכומטרי,1,2023-12-31T07:33:09.000000Z,2023-12-31T07:33:09.000000Z
12706,269,,אנ - 56 - 386.1,סח  -  53  -  9,1,English layout,אמירנט,1,2024-10-17T16:10:57.000000Z,2024-10-17T16:10:57.000000Z
6847,215,,אנ - 56 - 386.2,סח  -  54  -  13,1,English layout,פסיכומטרי,1,2023-12-31T07:34:42.000000Z,2023-12-31T07:34:42.000000Z
12707,269,,אנ - 56 - 386.2,סח  -  54  -  14,1,English layout,אמירנט,1,2024-10-17T16:11:23.000000Z,2024-10-17T16:11:23.000000Z
6848,215,,אנ - 56 - 387,סח  -  54  -  15,1,English layout,פסיכומטרי,1,2023-12-31T07:36:09.000000Z,2023-12-31T07:36:09.000000Z
12708,269,,אנ - 56 - 387,סח  -  54  -  16,1,English layout,אמירנט,1,2024-10-17T16:11:39.000000Z,2024-10-17T16:11:39.000000Z
6849,215,,אנ - 56 - 388,סח  -  55  -  17,1,English layout,פסיכומטרי,1,2023-12-31T07:37:33.000000Z,2023-12-31T07:37:33.000000Z
12709,269,,אנ - 56 - 388,סח  -  55  -  19,1,English layout,אמירנט,1,2024-10-17T16:11:52.000000Z,2024-10-17T16:11:52.000000Z
6850,215,,אנ - 56 - 389.1,סח  -  55  -  20,1,English layout,פסיכומטרי,1,2023-12-31T07:39:56.000000Z,2023-12-31T07:39:56.000000Z
12710,269,,אנ - 56 - 389.1,סח  -  55  - 18,1,English layout,אמירנט,1,2024-10-17T16:12:05.000000Z,2024-10-17T16:12:05.000000Z
6851,215,,אנ - 56 - 389.2,סח  -  56  -  21,1,English layout,פסיכומטרי,1,2023-12-31T07:41:01.000000Z,2023-12-31T07:41:01.000000Z
12711,269,,אנ - 56 - 389.2,סח  -  56  -  23,1,English layout,אמירנט,1,2024-10-17T16:12:20.000000Z,2024-10-17T16:12:20.000000Z
6852,215,,אנ - 56 - 390.1,סח  -  56  -  24,1,English layout,פסיכומטרי,1,2023-12-31T07:42:31.000000Z,2023-12-31T07:42:31.000000Z
12712,269,,אנ - 56 - 390.1,סח  -  56  -  25,1,English layout,אמירנט,1,2024-10-17T16:12:45.000000Z,2024-10-17T16:12:45.000000Z
6853,215,,אנ - 56 - 390.2,סח  -  57  -  28,1,English layout,פסיכומטרי,1,2023-12-31T07:43:55.000000Z,2023-12-31T07:43:55.000000Z
12713,269,,אנ - 56 - 390.2,סח  -  57  - 27,1,English layout,אמירנט,1,2024-10-17T16:13:10.000000Z,2024-10-17T16:13:10.000000Z
6854,215,,אנ - 56 - 390.3,סח  -  58  -  30,1,English layout,פסיכומטרי,1,2023-12-31T07:44:55.000000Z,2023-12-31T07:44:55.000000Z
12714,269,,אנ - 56 - 390.3,סח  -  58  -  31,1,English layout,אמירנט,1,2024-10-17T16:13:36.000000Z,2024-10-17T16:13:36.000000Z
6855,215,,אנ - 56 - 391,סח  -  58  -  32,1,English layout,פסיכומטרי,1,2023-12-31T07:46:10.000000Z,2023-12-31T07:46:10.000000Z
12715,269,,אנ - 56 - 391,סח  -  58  -  33,1,English layout,אמירנט,1,2024-10-17T16:14:05.000000Z,2024-10-17T16:14:05.000000Z
6856,215,,אנ - 57 - 392,סח  -  58  -  34,1,English layout,פסיכומטרי,1,2023-12-31T08:00:17.000000Z,2023-12-31T08:00:17.000000Z
12716,269,,אנ - 57 - 392,סח  -  59  -  35,1,English layout,אמירנט,1,2024-10-17T16:14:33.000000Z,2024-10-17T16:14:33.000000Z
6857,215,,אנ - 57 - 393.1,סח  -  59  -  36,1,English layout,פסיכומטרי,1,2023-12-31T08:01:41.000000Z,2023-12-31T08:01:41.000000Z
12717,269,,אנ - 57 - 393.1,סח  -  59  -  37,1,English layout,אמירנט,1,2024-10-17T16:14:59.000000Z,2024-10-17T16:14:59.000000Z
6858,215,,אנ - 57 - 393.2,סח  -  59  -  38,1,English layout,פסיכומטרי,1,2023-12-31T08:02:53.000000Z,2023-12-31T08:02:53.000000Z
12718,269,,אנ - 57 - 393.2,סח  -  60  -  39,1,English layout,אמירנט,1,2024-10-17T16:15:22.000000Z,2024-10-17T16:15:22.000000Z
6859,215,,אנ - 57 - 394,סח  -  60  -  40,1,English layout,פסיכומטרי,1,2023-12-31T08:04:25.000000Z,2023-12-31T08:04:25.000000Z
12719,269,,אנ - 57 - 394,סח  -  60  -  41,1,English layout,אמירנט,1,2024-10-17T16:15:41.000000Z,2024-10-17T16:15:41.000000Z
6860,215,,אנ - 57 - 395,סח  -  60  -  42,1,English layout,פסיכומטרי,1,2023-12-31T08:06:18.000000Z,2023-12-31T08:06:18.000000Z
12720,269,,אנ - 57 - 395,1419,1,English layout,אמירנט,1,2024-10-17T16:15:54.000000Z,2024-10-17T16:15:54.000000Z
6861,215,,אנ - 57 - 396,סח  - 152  -  13,1,English layout,פסיכומטרי,1,2023-12-31T08:07:49.000000Z,2024-03-03T14:32:58.000000Z
12721,269,,אנ - 57 - 396,סח  - 157  -  3,1,English layout,אמירנט,1,2024-10-17T16:16:07.000000Z,2024-10-17T16:16:07.000000Z
6862,215,,אנ - 57 - 397,סח  - 160  -  13,1,English layout,פסיכומטרי,1,2023-12-31T08:09:27.000000Z,2023-12-31T08:09:27.000000Z
12722,269,,אנ - 57 - 397,סח  - 167  -  8,1,English layout,אמירנט,1,2024-10-17T16:16:21.000000Z,2024-10-17T16:16:21.000000Z
6863,215,,אנ - 57 - 398,סח  - 37  - 1,1,English layout,פסיכומטרי,1,2023-12-31T08:11:32.000000Z,2023-12-31T08:11:32.000000Z
12723,269,,אנ - 57 - 398,סח  - 37 - 2,1,English layout,אמירנט,1,2024-10-17T16:16:35.000000Z,2024-10-17T16:16:35.000000Z
6864,215,,אנ - 57 - 399,סח  - 56 - 22,1,English layout,פסיכומטרי,1,2023-12-31T08:12:56.000000Z,2023-12-31T08:12:56.000000Z
12724,269,,אנ - 57 - 399,סח  - 57  -  29,1,English layout,אמירנט,1,2024-10-17T16:17:03.000000Z,2024-10-17T16:17:03.000000Z
6865,215,,אנ - 57 - 400,1512,1,English layout,פסיכומטרי,1,2023-12-31T08:13:59.000000Z,2023-12-31T08:13:59.000000Z
12725,269,,אנ - 57 - 400,1533,1,English layout,אמירנט,1,2024-10-17T16:17:31.000000Z,2024-10-17T16:17:31.000000Z
6866,215,,אנ - 58 - 401,1538,1,English layout,פסיכומטרי,1,2023-12-31T08:18:42.000000Z,2023-12-31T08:18:42.000000Z
12726,269,,אנ - 58 - 401,סח -  121  -  12,1,English layout,אמירנט,1,2024-10-17T16:17:46.000000Z,2024-10-17T16:17:46.000000Z
6868,215,,אנ - 58 - 402,סח -  153  -  15,1,English layout,פסיכומטרי,1,2023-12-31T08:20:26.000000Z,2023-12-31T08:20:26.000000Z
12727,269,,אנ - 58 - 402,סח - 10 - 11,1,English layout,אמירנט,1,2024-10-17T16:18:02.000000Z,2024-10-17T16:18:02.000000Z
6869,215,,אנ - 58 - 403,סח - 10 - 12,1,English layout,פסיכומטרי,1,2023-12-31T08:21:32.000000Z,2023-12-31T08:21:32.000000Z
12728,269,,אנ - 58 - 403,סח - 10 - 13,1,English layout,אמירנט,1,2024-10-17T16:19:00.000000Z,2024-10-17T16:19:00.000000Z
6870,215,,אנ - 58 - 404,סח - 10 - 14,1,English layout,פסיכומטרי,1,2023-12-31T08:22:42.000000Z,2023-12-31T08:22:42.000000Z
12729,269,,אנ - 58 - 404,סח - 100 - 11,1,English layout,אמירנט,1,2024-10-17T16:19:17.000000Z,2024-10-17T16:19:17.000000Z
6871,215,,אנ - 58 - 405,סח - 100 - 12,1,English layout,פסיכומטרי,1,2023-12-31T08:25:09.000000Z,2023-12-31T08:25:09.000000Z
12730,269,,אנ - 58 - 405,סח - 100 - 13,1,English layout,אמירנט,1,2024-10-17T16:19:30.000000Z,2024-10-17T16:19:30.000000Z
6873,215,,אנ - 58 - 406,סח - 101 - 16,1,English layout,פסיכומטרי,1,2023-12-31T08:26:58.000000Z,2023-12-31T08:30:30.000000Z
12731,269,,אנ - 58 - 406,סח - 102 - 18,1,English layout,אמירנט,1,2024-10-17T16:19:55.000000Z,2024-10-17T16:19:55.000000Z
6874,215,,אנ - 58 - 407,סח - 102 - 19,1,English layout,פסיכומטרי,1,2023-12-31T08:27:57.000000Z,2023-12-31T08:30:40.000000Z
12732,269,,אנ - 58 - 407,סח - 11 - 15,1,English layout,אמירנט,1,2024-10-17T16:20:10.000000Z,2024-10-17T16:20:10.000000Z
6875,215,,אנ - 58 - 408,סח - 11 - 16,1,English layout,פסיכומטרי,1,2023-12-31T08:29:57.000000Z,2023-12-31T08:29:57.000000Z
12733,269,,אנ - 58 - 408,סח - 11 - 17,1,English layout,אמירנט,1,2024-10-17T16:20:28.000000Z,2024-10-17T16:20:28.000000Z
6876,215,,אנ - 59 - 409,סח - 12 - 19,1,English layout,פסיכומטרי,1,2023-12-31T08:31:56.000000Z,2023-12-31T08:31:56.000000Z
12734,269,,אנ - 59 - 409,סח - 125 - 2,1,English layout,אמירנט,1,2024-10-17T16:20:40.000000Z,2024-10-17T16:20:40.000000Z
6877,215,,אנ - 59 - 410,סח - 125 - 4,1,English layout,פסיכומטרי,1,2023-12-31T08:33:16.000000Z,2024-03-03T14:39:28.000000Z
12735,269,,אנ - 59 - 410,סח - 126 - 5,1,English layout,אמירנט,1,2024-10-17T16:20:53.000000Z,2024-10-17T16:20:53.000000Z
6878,215,,אנ - 59 - 411,סח - 126 - 6,1,English layout,פסיכומטרי,1,2023-12-31T08:37:29.000000Z,2023-12-31T08:37:29.000000Z
12736,269,,אנ - 59 - 411,סח - 126 - 7,1,English layout,אמירנט,1,2024-10-17T16:21:13.000000Z,2024-10-17T16:21:13.000000Z
6879,215,,אנ - 59 - 412,סח - 126 - 8,1,English layout,פסיכומטרי,1,2023-12-31T08:39:59.000000Z,2023-12-31T08:39:59.000000Z
12737,269,,אנ - 59 - 412,סח - 127 - 10,1,English layout,אמירנט,1,2024-10-17T16:21:26.000000Z,2024-10-17T16:21:26.000000Z
6880,215,,אנ - 59 - 413,סח - 127 - 11,1,English layout,פסיכומטרי,1,2023-12-31T08:41:26.000000Z,2023-12-31T08:41:26.000000Z
12738,269,,אנ - 59 - 413,סח - 127 - 12,1,English layout,אמירנט,1,2024-10-17T16:21:39.000000Z,2024-10-17T16:21:39.000000Z
6881,215,,אנ - 59 - 414,סח - 127 - 9,1,English layout,פסיכומטרי,1,2023-12-31T08:42:53.000000Z,2023-12-31T08:42:53.000000Z
12739,269,,אנ - 59 - 414,סח - 128 - 14,1,English layout,אמירנט,1,2024-10-17T16:22:03.000000Z,2024-10-17T16:22:03.000000Z
6882,215,,אנ - 59 - 415,סח - 128 - 15,1,English layout,פסיכומטרי,1,2023-12-31T08:44:41.000000Z,2023-12-31T08:44:41.000000Z
12740,269,,אנ - 59 - 415,סח - 131 - 1,1,English layout,אמירנט,1,2024-10-17T16:22:33.000000Z,2024-10-17T16:22:33.000000Z
6883,215,,אנ - 59 - 416,סח - 131 - 2,1,English layout,פסיכומטרי,1,2023-12-31T08:45:44.000000Z,2023-12-31T08:45:44.000000Z
12741,269,,אנ - 59 - 416,סח - 131 - 3,1,English layout,אמירנט,1,2024-10-17T16:22:46.000000Z,2024-10-17T16:22:46.000000Z
6884,215,,אנ - 59 - 417,סח - 132 - 4,1,English layout,פסיכומטרי,1,2023-12-31T08:46:55.000000Z,2023-12-31T08:46:55.000000Z
12742,269,,אנ - 59 - 417,סח - 132 - 5,1,English layout,אמירנט,1,2024-10-17T16:22:59.000000Z,2024-10-17T16:22:59.000000Z
6885,215,,אנ - 60 - 418,סח - 132 - 6,1,English layout,פסיכומטרי,1,2023-12-31T08:49:23.000000Z,2023-12-31T08:49:23.000000Z
12743,269,,אנ - 60 - 418,סח - 133 - 7,1,English layout,אמירנט,1,2024-10-17T16:23:24.000000Z,2024-10-17T16:23:24.000000Z
6886,215,,אנ - 60 - 419,סח - 133 - 8,1,English layout,פסיכומטרי,1,2023-12-31T08:50:37.000000Z,2023-12-31T08:50:37.000000Z
12744,269,,אנ - 60 - 419,סח - 133 - 9,1,English layout,אמירנט,1,2024-10-17T16:23:37.000000Z,2024-10-17T16:23:37.000000Z
6887,215,,אנ - 60 - 420,סח - 134 - 10,1,English layout,פסיכומטרי,1,2023-12-31T08:51:58.000000Z,2023-12-31T08:51:58.000000Z
12745,269,,אנ - 60 - 420,סח - 134 - 11,1,English layout,אמירנט,1,2024-10-17T16:23:50.000000Z,2024-10-17T16:23:50.000000Z
6888,215,,אנ - 60 - 421,סח - 134 - 12,1,English layout,פסיכומטרי,1,2023-12-31T08:53:05.000000Z,2023-12-31T08:53:05.000000Z
12746,269,,אנ - 60 - 421,סח - 135 - 13,1,English layout,אמירנט,1,2024-10-17T16:24:04.000000Z,2024-10-17T16:24:04.000000Z
6889,215,,אנ - 60 - 422,סח - 135 - 14,1,English layout,פסיכומטרי,1,2023-12-31T08:54:49.000000Z,2023-12-31T08:54:49.000000Z
12747,269,,אנ - 60 - 422,סח - 135 - 15,1,English layout,אמירנט,1,2024-10-17T16:24:31.000000Z,2024-10-17T16:24:31.000000Z
6890,215,,אנ - 60 - 423,סח - 136 - 16,1,English layout,פסיכומטרי,1,2023-12-31T08:56:05.000000Z,2023-12-31T08:56:05.000000Z
12748,269,,אנ - 60 - 423,סח - 136 - 17,1,English layout,אמירנט,1,2024-10-17T16:24:58.000000Z,2024-10-17T16:24:58.000000Z
6891,215,,אנ - 60 - 424,סח - 136 - 18,1,English layout,פסיכומטרי,1,2023-12-31T08:57:09.000000Z,2023-12-31T08:57:09.000000Z
12749,269,,אנ - 60 - 424,סח - 137 - 19,1,English layout,אמירנט,1,2024-10-17T16:25:36.000000Z,2024-10-17T16:25:36.000000Z
6892,215,,אנ - 60 - 425,סח - 137 - 20,1,English layout,פסיכומטרי,1,2023-12-31T08:58:24.000000Z,2023-12-31T08:58:24.000000Z
12750,269,,אנ - 60 - 425,סח - 137 - 21,1,English layout,אמירנט,1,2024-10-17T16:25:50.000000Z,2024-10-17T16:25:50.000000Z
6893,215,,אנ - 60 - 426,סח - 138 - 22,1,English layout,פסיכומטרי,1,2023-12-31T08:59:37.000000Z,2023-12-31T08:59:37.000000Z
12751,269,,אנ - 60 - 426,סח - 138 - 23,1,English layout,אמירנט,1,2024-10-17T16:26:18.000000Z,2024-10-17T16:26:18.000000Z
6894,215,,אנ - 61 - 427,סח - 138 - 24,1,English layout,פסיכומטרי,1,2023-12-31T09:01:01.000000Z,2023-12-31T09:01:01.000000Z
6895,215,,אנ - 61 - 428,סח - 139 - 25,1,English layout,פסיכומטרי,1,2023-12-31T09:02:24.000000Z,2023-12-31T09:02:24.000000Z
12752,269,,אנ - 61 - 428,סח - 139 - 26,1,English layout,אמירנט,1,2024-10-17T16:27:10.000000Z,2024-10-17T16:27:10.000000Z
12753,269,,אנ - 61 - 428,סח - 139 - 27,1,English layout,אמירנט,1,2024-10-17T16:27:32.000000Z,2024-10-17T16:27:32.000000Z
6896,215,,אנ - 61 - 429,סח - 140 - 28,1,English layout,פסיכומטרי,1,2023-12-31T09:03:35.000000Z,2023-12-31T09:03:35.000000Z
12754,269,,אנ - 61 - 429,סח - 140 - 29,1,English layout,אמירנט,1,2024-10-17T16:27:47.000000Z,2024-10-17T16:27:47.000000Z
6897,215,,אנ - 61 - 430,סח - 140 - 30,1,English layout,פסיכומטרי,1,2023-12-31T09:05:14.000000Z,2023-12-31T09:05:14.000000Z
12755,269,,אנ - 61 - 430,סח - 140 - 31,1,English layout,אמירנט,1,2024-10-17T16:27:59.000000Z,2024-10-17T16:27:59.000000Z
6898,215,,אנ - 61 - 431.1,סח - 141 - 32,1,English layout,פסיכומטרי,1,2023-12-31T09:07:04.000000Z,2023-12-31T09:07:04.000000Z
12756,269,,אנ - 61 - 431.1,סח - 141 - 33,1,English layout,אמירנט,1,2024-10-17T16:28:13.000000Z,2024-10-17T16:28:13.000000Z
6899,215,,אנ - 61 - 431.2,סח - 141 - 34,1,English layout,פסיכומטרי,1,2023-12-31T09:08:36.000000Z,2023-12-31T09:08:36.000000Z
12757,269,,אנ - 61 - 431.2,סח - 141 - 35,1,English layout,אמירנט,1,2024-10-17T16:28:28.000000Z,2024-10-17T16:28:28.000000Z
6900,215,,אנ - 61 - 432,סח - 142 - 36,1,English layout,פסיכומטרי,1,2023-12-31T09:09:52.000000Z,2024-03-03T14:50:55.000000Z
12758,269,,אנ - 61 - 432,סח - 142 - 37,1,English layout,אמירנט,1,2024-10-17T16:28:52.000000Z,2024-10-17T16:28:52.000000Z
6901,215,,אנ - 61 - 433.1,סח - 142 - 38,1,English layout,פסיכומטרי,1,2023-12-31T09:11:10.000000Z,2023-12-31T09:11:10.000000Z
12759,269,,אנ - 61 - 433.1,סח - 143 - 39,1,English layout,אמירנט,1,2024-10-17T16:29:15.000000Z,2024-10-17T16:29:15.000000Z
6902,215,,אנ - 61 - 433.2,סח - 143 - 40,1,English layout,פסיכומטרי,1,2023-12-31T09:12:21.000000Z,2023-12-31T09:12:21.000000Z
12760,269,,אנ - 61 - 433.2,סח - 143 - 41,1,English layout,אמירנט,1,2024-10-17T16:29:37.000000Z,2024-10-17T16:29:37.000000Z
6903,215,,אנ - 61 - 434,סח - 144 - 42,1,English layout,פסיכומטרי,1,2023-12-31T09:13:25.000000Z,2023-12-31T09:13:25.000000Z
12761,269,,אנ - 61 - 434,סח - 144 - 43,1,English layout,אמירנט,1,2024-10-17T16:30:02.000000Z,2024-10-17T16:30:02.000000Z
6904,215,,אנ - 62 - 435,סח - 144 - 44,1,English layout,פסיכומטרי,1,2023-12-31T09:14:44.000000Z,2023-12-31T09:14:44.000000Z
12762,269,,אנ - 62 - 435,סח - 145 - 45,1,English layout,אמירנט,1,2024-10-17T16:30:32.000000Z,2024-10-17T16:30:32.000000Z
6905,215,,אנ - 62 - 436,סח - 145 - 46,1,English layout,פסיכומטרי,1,2023-12-31T09:16:01.000000Z,2023-12-31T09:16:01.000000Z
12763,269,,אנ - 62 - 436,סח - 145 - 47,1,English layout,אמירנט,1,2024-10-17T16:31:00.000000Z,2024-10-17T16:31:00.000000Z
12764,269,,אנ - 62 - 436,סח - 146 - 48,1,English layout,אמירנט,1,2024-10-17T16:34:48.000000Z,2024-10-17T16:34:48.000000Z
6906,215,,אנ - 62 - 437,סח - 146 - 49,1,English layout,פסיכומטרי,1,2023-12-31T09:17:32.000000Z,2023-12-31T09:17:32.000000Z
6907,215,,אנ - 62 - 438,סח - 146 - 50,1,English layout,פסיכומטרי,1,2023-12-31T09:19:00.000000Z,2023-12-31T09:19:00.000000Z
12765,269,,אנ - 62 - 438,סח - 16 - 7,1,English layout,אמירנט,1,2024-10-17T16:35:16.000000Z,2024-10-17T16:35:16.000000Z
6908,215,,אנ - 62 - 439,סח - 169 - 1,1,English layout,פסיכומטרי,1,2023-12-31T09:20:43.000000Z,2023-12-31T09:20:43.000000Z
12766,269,,אנ - 62 - 439,1550,1,English layout,אמירנט,1,2024-10-17T16:35:31.000000Z,2024-10-17T16:35:31.000000Z
6909,215,,אנ - 62 - 440,סח - 169 - 3,1,English layout,פסיכומטרי,1,2023-12-31T09:21:57.000000Z,2023-12-31T09:21:57.000000Z
12767,269,,אנ - 62 - 440,סח - 172 - 9,1,English layout,אמירנט,1,2024-10-17T16:36:03.000000Z,2024-10-17T16:36:03.000000Z
6910,215,,אנ - 63 - 441,סח - 173 - 1,1,English layout,פסיכומטרי,1,2023-12-31T09:23:21.000000Z,2023-12-31T09:23:21.000000Z
12768,269,,אנ - 63 - 441,סח - 174 - 4,1,English layout,אמירנט,1,2024-10-17T16:36:16.000000Z,2024-10-17T16:36:16.000000Z
6911,215,,אנ - 63 - 442,סח - 175 - 6,1,English layout,פסיכומטרי,1,2023-12-31T09:24:30.000000Z,2023-12-31T09:24:30.000000Z
12769,269,,אנ - 63 - 442,סח - 175 - 7,1,English layout,אמירנט,1,2024-10-17T16:36:41.000000Z,2024-10-17T16:36:41.000000Z
6912,215,,אנ - 63 - 443,סח - 176 - 10,1,English layout,פסיכומטרי,1,2023-12-31T09:27:33.000000Z,2023-12-31T09:27:33.000000Z
12770,269,,אנ - 63 - 443,סח - 176 - 9,1,English layout,אמירנט,1,2024-10-17T16:36:54.000000Z,2024-10-17T16:36:54.000000Z
6913,215,,אנ - 63 - 444,סח - 179 - 1,1,English layout,פסיכומטרי,1,2023-12-31T09:28:50.000000Z,2023-12-31T09:28:50.000000Z
12771,269,,אנ - 63 - 444,סח - 179 - 3,1,English layout,אמירנט,1,2024-10-17T16:37:07.000000Z,2024-10-17T16:37:07.000000Z
6914,215,,אנ - 63 - 445,סח - 179 - 7,1,English layout,פסיכומטרי,1,2023-12-31T09:29:59.000000Z,2023-12-31T09:29:59.000000Z
12772,269,,אנ - 63 - 445,סח - 18 - 13,1,English layout,אמירנט,1,2024-10-17T16:37:21.000000Z,2024-10-17T16:37:21.000000Z
6915,215,,אנ - 63 - 446,סח - 18 - 14,1,English layout,פסיכומטרי,1,2023-12-31T09:31:20.000000Z,2023-12-31T09:31:20.000000Z
12773,269,,אנ - 63 - 446,סח - 180 - 5,1,English layout,אמירנט,1,2024-10-17T16:37:36.000000Z,2024-10-17T16:37:36.000000Z
6916,215,,אנ - 63 - 447,סח - 180 - 6,1,English layout,פסיכומטרי,1,2023-12-31T09:32:26.000000Z,2023-12-31T09:32:26.000000Z
12774,269,,אנ - 63 - 447,סח - 180 - 8,1,English layout,אמירנט,1,2024-10-17T16:37:50.000000Z,2024-10-17T16:37:50.000000Z
6917,215,,אנ - 64 - 448,סח - 181 - 10,1,English layout,פסיכומטרי,1,2023-12-31T09:33:46.000000Z,2023-12-31T09:33:46.000000Z
12775,269,,אנ - 64 - 448,סח - 181 - 11,1,English layout,אמירנט,1,2024-10-17T16:38:03.000000Z,2024-10-17T16:38:03.000000Z
6918,215,,אנ - 64 - 449,סח - 181 - 12,1,English layout,פסיכומטרי,1,2023-12-31T09:34:52.000000Z,2023-12-31T09:34:52.000000Z
12776,269,,אנ - 64 - 449,סח - 182 - 13,1,English layout,אמירנט,1,2024-10-17T16:38:15.000000Z,2024-10-17T16:38:15.000000Z
6919,215,,אנ - 64 - 450,סח - 182 - 14,1,English layout,פסיכומטרי,1,2023-12-31T09:36:03.000000Z,2023-12-31T09:36:03.000000Z
12777,269,,אנ - 64 - 450,סח - 182 - 15,1,English layout,אמירנט,1,2024-10-17T16:38:45.000000Z,2024-10-17T16:38:45.000000Z
6920,215,,אנ - 64 - 451,סח - 182 - 16,1,English layout,פסיכומטרי,1,2023-12-31T09:37:06.000000Z,2023-12-31T09:37:06.000000Z
12778,269,,אנ - 64 - 451,סח - 185 - 1,1,English layout,אמירנט,1,2024-10-17T16:38:58.000000Z,2024-10-17T16:38:58.000000Z
6921,215,,אנ - 64 - 452,סח - 185 - 2,1,English layout,פסיכומטרי,1,2023-12-31T09:38:07.000000Z,2023-12-31T09:38:07.000000Z
12779,269,,אנ - 64 - 452,סח - 185 - 3,1,English layout,אמירנט,1,2024-10-17T16:39:12.000000Z,2024-10-17T16:39:12.000000Z
6922,215,,אנ - 64 - 453.1,סח - 185 - 4,1,English layout,פסיכומטרי,1,2023-12-31T09:39:33.000000Z,2023-12-31T09:39:33.000000Z
12780,269,,אנ - 64 - 453.1,סח - 186 - 5,1,English layout,אמירנט,1,2024-10-17T16:39:37.000000Z,2024-10-17T16:39:37.000000Z
6923,215,,אנ - 64 - 453.2,סח - 186 - 6,1,English layout,פסיכומטרי,1,2023-12-31T09:40:39.000000Z,2023-12-31T09:40:39.000000Z
12781,269,,אנ - 64 - 453.2,סח - 186 - 7,1,English layout,אמירנט,1,2024-10-17T16:39:57.000000Z,2024-10-17T16:39:57.000000Z
6924,215,,אנ - 64 - 454,סח - 186 - 8,1,English layout,פסיכומטרי,1,2023-12-31T09:41:59.000000Z,2023-12-31T09:41:59.000000Z
12782,269,,אנ - 64 - 454,סח - 187 - 10,1,English layout,אמירנט,1,2024-10-17T16:40:24.000000Z,2024-10-17T16:40:24.000000Z
6925,215,,אנ - 64 - 455,סח - 187 - 11,1,English layout,פסיכומטרי,1,2023-12-31T09:43:13.000000Z,2023-12-31T09:43:13.000000Z
12783,269,,אנ - 64 - 455,סח - 187 - 12,1,English layout,אמירנט,1,2024-10-17T16:40:37.000000Z,2024-10-17T16:40:37.000000Z
6926,215,,אנ - 64 - 456,סח - 187 - 13,1,English layout,פסיכומטרי,1,2023-12-31T09:44:20.000000Z,2023-12-31T09:44:20.000000Z
12784,269,,אנ - 64 - 456,סח - 187 - 9,1,English layout,אמירנט,1,2024-10-17T16:40:52.000000Z,2024-10-17T16:40:52.000000Z
6927,215,,אנ - 64 - 457,סח - 188 - 14,1,English layout,פסיכומטרי,1,2023-12-31T09:45:49.000000Z,2023-12-31T09:45:49.000000Z
12785,269,,אנ - 64 - 457,סח - 188 - 15,1,English layout,אמירנט,1,2024-10-17T16:41:03.000000Z,2024-10-17T16:41:03.000000Z
6928,215,,אנ - 65 - 458,סח - 188 - 16,1,English layout,פסיכומטרי,1,2023-12-31T09:47:56.000000Z,2023-12-31T09:47:56.000000Z
12786,269,,אנ - 65 - 458,סח - 189 - 17,1,English layout,אמירנט,1,2024-10-17T16:41:16.000000Z,2024-10-17T16:41:16.000000Z
6929,215,,אנ - 65 - 459,סח - 189 - 18,1,English layout,פסיכומטרי,1,2023-12-31T10:12:04.000000Z,2023-12-31T10:12:04.000000Z
12787,269,,אנ - 65 - 459,סח - 189 - 19,1,English layout,אמירנט,1,2024-10-17T16:41:42.000000Z,2024-10-17T16:41:42.000000Z
6930,215,,אנ - 65 - 460,סח - 189 - 20,1,English layout,פסיכומטרי,1,2023-12-31T10:13:22.000000Z,2023-12-31T10:13:22.000000Z
12788,269,,אנ - 65 - 460,סח - 190 - 21,1,English layout,אמירנט,1,2024-10-17T16:41:59.000000Z,2024-10-17T16:41:59.000000Z
6931,215,,אנ - 65 - 461,סח - 190 - 22,1,English layout,פסיכומטרי,1,2023-12-31T10:15:45.000000Z,2023-12-31T10:15:45.000000Z
12789,269,,אנ - 65 - 461,סח - 193 - 1,1,English layout,אמירנט,1,2024-10-17T16:42:24.000000Z,2024-10-17T16:42:24.000000Z
6932,215,,אנ - 65 - 462,סח - 193 - 2,1,English layout,פסיכומטרי,1,2023-12-31T10:17:15.000000Z,2023-12-31T10:17:15.000000Z
12790,269,,אנ - 65 - 462,סח - 196 - 12,1,English layout,אמירנט,1,2024-10-17T16:42:55.000000Z,2024-10-17T16:42:55.000000Z
6933,215,,אנ - 65 - 463,סח - 196 - 14,1,English layout,פסיכומטרי,1,2023-12-31T10:19:14.000000Z,2023-12-31T10:19:14.000000Z
12791,269,,אנ - 65 - 463,סח - 197 - 18,1,English layout,אמירנט,1,2024-10-17T16:43:12.000000Z,2024-10-17T16:43:12.000000Z
6934,215,,אנ - 65 - 464,סח - 198 - 19,1,English layout,פסיכומטרי,1,2023-12-31T10:31:15.000000Z,2023-12-31T10:31:15.000000Z
12792,269,,אנ - 65 - 464,סח - 198 - 21,1,English layout,אמירנט,1,2024-10-17T16:43:25.000000Z,2024-10-17T16:43:25.000000Z
6935,215,,אנ - 65 - 465,סח - 201 - 1,1,English layout,פסיכומטרי,1,2023-12-31T10:32:37.000000Z,2023-12-31T10:32:37.000000Z
12793,269,,אנ - 65 - 465,סח - 201 - 2,1,English layout,אמירנט,1,2024-10-17T16:43:38.000000Z,2024-10-17T16:43:38.000000Z
6936,215,,אנ - 66 - 466,סח - 201 - 3,1,English layout,פסיכומטרי,1,2023-12-31T10:34:08.000000Z,2023-12-31T10:34:08.000000Z
12794,269,,אנ - 66 - 466,סח - 202 - 4,1,English layout,אמירנט,1,2024-10-17T16:44:07.000000Z,2024-10-17T16:44:07.000000Z
6937,215,,אנ - 66 - 467,סח - 202 - 5,1,English layout,פסיכומטרי,1,2023-12-31T10:35:31.000000Z,2023-12-31T10:35:31.000000Z
12795,269,,אנ - 66 - 467,סח - 202 - 6,1,English layout,אמירנט,1,2024-10-17T16:44:34.000000Z,2024-10-17T16:44:34.000000Z
6938,215,,אנ - 66 - 468,סח - 202 - 7,1,English layout,פסיכומטרי,1,2023-12-31T10:36:42.000000Z,2023-12-31T10:36:42.000000Z
12796,269,,אנ - 66 - 468,סח - 203 - 10,1,English layout,אמירנט,1,2024-10-17T16:45:05.000000Z,2024-10-17T16:45:05.000000Z
6939,215,,אנ - 66 - 469,סח - 203 - 11,1,English layout,פסיכומטרי,1,2023-12-31T10:37:53.000000Z,2023-12-31T10:37:53.000000Z
12797,269,,אנ - 66 - 469,סח - 203 - 8,1,English layout,אמירנט,1,2024-10-17T16:45:22.000000Z,2024-10-17T16:45:22.000000Z
6940,215,,אנ - 66 - 470,סח - 203 - 9,1,English layout,פסיכומטרי,1,2023-12-31T10:39:03.000000Z,2023-12-31T10:39:03.000000Z
12798,269,,אנ - 66 - 470,סח - 204 - 12,1,English layout,אמירנט,1,2024-10-17T16:45:37.000000Z,2024-10-17T16:45:37.000000Z
6941,215,,אנ - 66 - 471,סח - 204 - 13,1,English layout,פסיכומטרי,1,2023-12-31T10:40:50.000000Z,2023-12-31T10:40:50.000000Z
12799,269,,אנ - 66 - 471,סח - 204 - 14,1,English layout,אמירנט,1,2024-10-17T16:45:50.000000Z,2024-10-17T16:45:50.000000Z
6943,215,,אנ - 66 - 472,סח - 205 - 15,1,English layout,פסיכומטרי,1,2023-12-31T10:43:48.000000Z,2023-12-31T10:43:48.000000Z
12800,269,,אנ - 66 - 472,סח - 205 - 16,1,English layout,אמירנט,1,2024-10-17T16:46:17.000000Z,2024-10-17T16:46:17.000000Z
6942,215,,אנ - 66 - 473,סח - 205 - 17,1,English layout,פסיכומטרי,1,2023-12-31T10:42:33.000000Z,2023-12-31T10:42:33.000000Z
12801,269,,אנ - 66 - 473,סח - 206 - 19,1,English layout,אמירנט,1,2024-10-17T16:46:34.000000Z,2024-10-17T16:46:34.000000Z
6944,215,,אנ - 66 - 474,סח - 206 - 20,1,English layout,פסיכומטרי,1,2023-12-31T10:44:58.000000Z,2024-03-03T15:22:43.000000Z
12802,269,,אנ - 66 - 474,סח - 209 - 1,1,English layout,אמירנט,1,2024-10-17T16:47:00.000000Z,2024-10-17T16:47:00.000000Z
6945,215,,אנ - 67 - 475,סח - 209 - 2,1,English layout,פסיכומטרי,1,2023-12-31T10:46:26.000000Z,2023-12-31T10:46:26.000000Z
12803,269,,אנ - 67 - 475,סח - 209 - 3,1,English layout,אמירנט,1,2024-10-17T16:47:15.000000Z,2024-10-17T16:47:15.000000Z
6946,215,,אנ - 67 - 476,סח - 209 - 4,1,English layout,פסיכומטרי,1,2023-12-31T10:47:44.000000Z,2023-12-31T10:47:44.000000Z
12804,269,,אנ - 67 - 476,סח - 21 - 1,1,English layout,אמירנט,1,2024-10-17T16:47:32.000000Z,2024-10-17T16:47:32.000000Z
6947,215,,אנ - 67 - 477,סח - 21 - 2,1,English layout,פסיכומטרי,1,2023-12-31T10:48:59.000000Z,2023-12-31T10:48:59.000000Z
12805,269,,אנ - 67 - 477,סח - 21 - 3,1,English layout,אמירנט,1,2024-10-17T16:48:03.000000Z,2024-10-17T16:48:03.000000Z
6948,215,,אנ - 67 - 478,סח - 210 - 5,1,English layout,פסיכומטרי,1,2023-12-31T10:50:07.000000Z,2023-12-31T10:50:07.000000Z
12806,269,,אנ - 67 - 478,סח - 210 - 6,1,English layout,אמירנט,1,2024-10-17T16:48:39.000000Z,2024-10-17T16:48:39.000000Z
6949,215,,אנ - 67 - 479,סח - 210 - 7,1,English layout,פסיכומטרי,1,2023-12-31T10:51:07.000000Z,2023-12-31T10:51:07.000000Z
12807,269,,אנ - 67 - 479,סח - 210 - 8,1,English layout,אמירנט,1,2024-10-17T16:48:54.000000Z,2024-10-17T16:48:54.000000Z
6950,215,,אנ - 67 - 480,סח - 211 - 10,1,English layout,פסיכומטרי,1,2023-12-31T10:52:14.000000Z,2023-12-31T10:52:14.000000Z
12808,269,,אנ - 67 - 480,סח - 211 - 11,1,English layout,אמירנט,1,2024-10-17T16:49:05.000000Z,2024-10-17T16:49:05.000000Z
8574,246,Sentence Completions,אנ - 71 - 1,סח - 211 - 12,1,English layout,אמירנט,1,2024-04-25T08:30:30.000000Z,2024-07-02T06:27:39.000000Z
8575,246,Sentence Completions,אנ - 71 - 2,סח - 211 - 13,1,English layout,אמירנט,4,2024-04-25T08:34:36.000000Z,2024-07-02T06:29:38.000000Z
8576,246,Sentence Completions,אנ - 71 - 3,סח - 211 - 9,1,English layout,אמירנט,5,2024-04-25T08:38:38.000000Z,2024-07-02T06:32:17.000000Z
8577,246,Sentence Completions,אנ - 71 - 4,סח - 212 - 14,1,English layout,אמירנט,6,2024-04-25T08:41:36.000000Z,2024-07-02T06:54:54.000000Z
8578,246,Sentence Completions,אנ - 72 - 5,סח - 212 - 15,1,English layout,אמירנט,3,2024-04-25T08:45:27.000000Z,2024-07-02T06:56:48.000000Z
8579,246,Sentence Completions,אנ - 72 - 6,סח - 212 - 16,1,English layout,אמירנט,3,2024-04-25T08:47:52.000000Z,2024-07-02T06:59:11.000000Z
8580,246,Sentence Completions,אנ - 72 - 7,סח - 212 - 17,1,English layout,אמירנט,4,2024-04-25T08:50:51.000000Z,2024-07-02T06:59:58.000000Z
8582,246,Sentence Completions,אנ - 72 - 8,סח - 212 - 18,1,English layout,אמירנט,7,2024-04-25T08:52:56.000000Z,2024-07-02T08:11:36.000000Z
8584,246,Sentence Completions,אנ - 73 - 10,סח - 213 - 19,1,English layout,אמירנט,3,2024-04-25T09:01:25.000000Z,2024-07-02T08:12:42.000000Z
8585,246,Sentence Completions,אנ - 73 - 11,סח - 213 - 20,1,English layout,אמירנט,4,2024-04-25T09:04:45.000000Z,2024-07-02T08:16:15.000000Z
8586,246,Sentence Completions,אנ - 73 - 12,סח - 213 - 21,1,English layout,אמירנט,5,2024-04-25T09:07:21.000000Z,2024-07-02T08:18:44.000000Z
8583,246,Sentence Completions,אנ - 73 - 9,סח - 213 - 22,1,English layout,אמירנט,4,2024-04-25T08:57:59.000000Z,2024-07-02T08:14:29.000000Z
10573,246,Sentence Completions,אנ - 74 - 13,סח - 214 - 23,1,English layout,אמירנט,8,2024-07-02T08:50:46.000000Z,2024-07-02T08:50:46.000000Z
8590,246,Sentence Completions,אנ - 74 - 14,סח - 214 - 24,1,English layout,אמירנט,5,2024-04-25T09:15:37.000000Z,2024-07-02T08:49:10.000000Z
8591,246,Sentence Completions,אנ - 74 - 15,סח - 214 - 25,1,English layout,אמירנט,8,2024-04-25T09:17:54.000000Z,2024-07-02T08:52:50.000000Z
8592,246,Sentence Completions,אנ - 74 - 16,סח - 217 - 1,1,English layout,אמירנט,9,2024-04-25T09:23:04.000000Z,2024-07-02T08:53:58.000000Z
8593,246,Sentence Completions,אנ - 75 - 17,סח - 217 - 2,1,English layout,אמירנט,5,2024-04-25T09:34:49.000000Z,2024-07-02T08:56:54.000000Z
8594,246,Sentence Completions,אנ - 75 - 18,סח - 217 - 3,1,English layout,אמירנט,1,2024-04-25T09:37:07.000000Z,2024-07-02T08:57:44.000000Z
8595,246,Sentence Completions,אנ - 75 - 19,סח - 218 - 5,1,English layout,אמירנט,5,2024-04-25T09:39:49.000000Z,2024-07-02T08:59:46.000000Z
8596,246,Sentence Completions,אנ - 75 - 20,סח - 218 - 6,1,English layout,אמירנט,4,2024-04-25T09:42:07.000000Z,2024-07-02T09:45:57.000000Z
8597,246,Sentence Completions,אנ - 76 - 21,סח - 219 - 7,1,English layout,אמירנט,7,2024-04-25T09:44:24.000000Z,2024-07-02T09:46:45.000000Z
8598,246,Sentence Completions,אנ - 76 - 22,סח - 219 - 8,1,English layout,אמירנט,6,2024-04-25T09:48:20.000000Z,2024-07-02T09:47:43.000000Z
8599,246,Sentence Completions,אנ - 76 - 23,סח - 219 - 9,1,English layout,אמירנט,1,2024-04-25T09:49:56.000000Z,2024-07-02T09:50:10.000000Z
8600,246,Sentence Completions,אנ - 76 - 24,סח - 22 - 4,1,English layout,אמירנט,8,2024-04-25T09:52:33.000000Z,2024-07-02T09:51:23.000000Z
8601,246,Sentence Completions,אנ - 77 - 25,סח - 22 - 5,1,English layout,אמירנט,3,2024-04-25T09:57:05.000000Z,2024-07-02T10:53:58.000000Z
8602,246,Sentence Completions,אנ - 77 - 26,סח - 22 - 6,1,English layout,אמירנט,4,2024-04-25T10:01:29.000000Z,2024-07-02T10:55:46.000000Z
8603,246,Sentence Completions,אנ - 77 - 27,סח - 220 - 10,1,English layout,אמירנט,2,2024-04-25T10:04:10.000000Z,2024-07-02T10:56:31.000000Z
8604,246,Sentence Completions,אנ - 77 - 28,סח - 220 - 11,1,English layout,אמירנט,3,2024-04-25T10:05:51.000000Z,2024-07-02T10:57:23.000000Z
8605,246,Sentence Completions,אנ - 78 - 29,סח - 220 - 12,1,English layout,אמירנט,6,2024-04-25T10:08:42.000000Z,2024-07-02T10:58:54.000000Z
8606,246,Sentence Completions,אנ - 78 - 30,סח - 221 - 14,1,English layout,אמירנט,4,2024-04-25T10:10:32.000000Z,2024-07-02T11:00:45.000000Z
8607,246,Sentence Completions,אנ - 78 - 31,סח - 221 - 15,1,English layout,אמירנט,8,2024-04-25T10:12:49.000000Z,2024-07-02T11:01:28.000000Z
8608,246,Sentence Completions,אנ - 78 - 32,סח - 222 - 16,1,English layout,אמירנט,8,2024-04-25T10:15:04.000000Z,2024-07-02T11:02:39.000000Z
8609,246,Sentence Completions,אנ - 79 - 33,סח - 222 - 17,1,English layout,אמירנט,4,2024-04-25T10:17:03.000000Z,2024-07-02T11:03:25.000000Z
8610,246,Sentence Completions,אנ - 79 - 34,סח - 223 -  19,1,English layout,אמירנט,7,2024-04-25T10:23:11.000000Z,2024-07-02T11:04:23.000000Z
8611,246,Sentence Completions,אנ - 79 - 35,סח - 223 - 20,1,English layout,אמירנט,6,2024-04-25T10:25:36.000000Z,2024-07-02T11:06:14.000000Z
8612,246,Sentence Completions,אנ - 79 - 36,סח - 223 - 21,1,English layout,אמירנט,4,2024-04-25T10:27:11.000000Z,2024-07-02T11:06:56.000000Z
5253,215,,אנ - 8 - 1,סח - 224 - 23,1,English layout,פסיכומטרי,1,2023-12-20T08:44:52.000000Z,2023-12-20T08:44:52.000000Z
12809,269,,אנ - 8 - 1,סח - 224 - 24,1,English layout,אמירנט,1,2024-10-17T16:49:19.000000Z,2024-10-17T16:49:19.000000Z
5263,215,,אנ - 8 - 2,סח - 227 - 01,1,English layout,פסיכומטרי,1,2023-12-20T09:03:43.000000Z,2023-12-20T09:03:43.000000Z
12810,269,,אנ - 8 - 2,סח - 227 - 02,1,English layout,אמירנט,1,2024-10-17T16:49:43.000000Z,2024-10-17T16:49:43.000000Z
5265,215,,אנ - 8 - 3,סח - 228 -04,1,English layout,פסיכומטרי,1,2023-12-20T09:06:41.000000Z,2023-12-20T09:06:41.000000Z
12811,269,,אנ - 8 - 3,סח - 228 -05,1,English layout,אמירנט,1,2024-10-17T16:49:58.000000Z,2024-10-17T16:49:58.000000Z
5269,215,,אנ - 8 - 4,סח - 228 -06,1,English layout,פסיכומטרי,1,2023-12-20T09:12:21.000000Z,2023-12-20T09:12:21.000000Z
12812,269,,אנ - 8 - 4,סח - 229 - 07,1,English layout,אמירנט,1,2024-10-17T16:50:23.000000Z,2024-10-17T16:50:23.000000Z
5271,215,,אנ - 8 - 5,סח - 229 - 09,1,English layout,פסיכומטרי,1,2023-12-20T09:15:00.000000Z,2023-12-20T09:15:00.000000Z
12813,269,,אנ - 8 - 5,סח - 229 - 10,1,English layout,אמירנט,1,2024-10-17T16:50:54.000000Z,2024-10-17T16:50:54.000000Z
5273,215,,אנ - 8 - 6,סח - 229 -08,1,English layout,פסיכומטרי,1,2023-12-20T09:16:39.000000Z,2023-12-20T09:16:39.000000Z
12814,269,,אנ - 8 - 6,סח - 23 - 10,1,English layout,אמירנט,1,2024-10-17T16:51:17.000000Z,2024-10-17T16:51:17.000000Z
5275,215,,אנ - 8 - 7,סח - 23 - 7,1,English layout,פסיכומטרי,1,2023-12-20T09:18:37.000000Z,2023-12-20T09:18:37.000000Z
12815,269,,אנ - 8 - 7,סח - 23 - 8,1,English layout,אמירנט,1,2024-10-17T16:51:47.000000Z,2024-10-17T16:51:47.000000Z
5279,215,,אנ - 8 - 8,סח - 230 - 11,1,English layout,פסיכומטרי,1,2023-12-20T09:20:22.000000Z,2023-12-20T09:20:22.000000Z
12816,269,,אנ - 8 - 8,סח - 230 - 12,1,English layout,אמירנט,1,2024-10-17T16:52:19.000000Z,2024-10-17T16:52:19.000000Z
8613,246,Sentence Completions,אנ - 80 - 37,סח - 230 - 13,1,English layout,אמירנט,7,2024-04-25T10:29:28.000000Z,2024-07-02T11:07:39.000000Z
8614,246,Sentence Completions,אנ - 80 - 38,סח - 230 - 15,1,English layout,אמירנט,8,2024-04-25T10:32:09.000000Z,2024-07-02T11:08:28.000000Z
8615,246,Sentence Completions,אנ - 80 - 39,סח - 231 - 16,1,English layout,אמירנט,7,2024-04-25T10:33:42.000000Z,2024-07-02T11:09:19.000000Z
8616,246,Sentence Completions,אנ - 80 - 40,סח - 231 - 17,1,English layout,אמירנט,9,2024-04-25T10:35:19.000000Z,2024-07-02T11:20:53.000000Z
8630,246,Sentence Completions,אנ - 81 - 41,סח - 231 - 18,1,English layout,אמירנט,4,2024-04-26T05:42:09.000000Z,2024-07-02T11:21:26.000000Z
8631,246,Sentence Completions,אנ - 81 - 42,סח - 232 - 19,1,English layout,אמירנט,4,2024-04-26T05:45:40.000000Z,2024-07-02T11:22:24.000000Z
8632,246,Sentence Completions,אנ - 81 - 43,סח - 232 - 20,1,English layout,אמירנט,4,2024-04-26T05:47:39.000000Z,2024-07-02T11:23:28.000000Z
8633,246,Sentence Completions,אנ - 81 - 44,סח - 232 - 22,1,English layout,אמירנט,5,2024-04-26T05:49:50.000000Z,2024-07-02T11:25:33.000000Z
8634,198,Sentence Completions,אנ - 82 - 45,סח - 235 - 3,1,English layout,פסיכומטרי,8,2024-04-26T05:54:57.000000Z,2024-04-26T05:54:57.000000Z
10574,246,Sentence Completions,אנ - 82 - 45,סח - 237 - 7,1,English layout,אמירנט,8,2024-07-02T11:28:22.000000Z,2024-07-02T11:28:22.000000Z
8635,246,Sentence Completions,אנ - 82 - 46,סח - 237 - 8,1,English layout,אמירנט,8,2024-04-26T05:58:25.000000Z,2024-07-02T11:27:12.000000Z
8636,246,Sentence Completions,אנ - 82 - 47,סח - 237 - 9,1,English layout,אמירנט,7,2024-04-26T06:00:18.000000Z,2024-07-03T06:33:15.000000Z
8637,246,Sentence Completions,אנ - 82 - 48,סח - 238 - 10,1,English layout,אמירנט,10,2024-04-26T06:31:50.000000Z,2024-07-03T06:34:06.000000Z
8638,246,Sentence Completions,אנ - 83 - 49,סח - 238 - 11,1,English layout,אמירנט,4,2024-04-26T06:34:02.000000Z,2024-07-03T06:35:00.000000Z
8639,246,Sentence Completions,אנ - 83 - 50,סח - 238 - 12,1,English layout,אמירנט,5,2024-04-26T06:36:52.000000Z,2024-07-03T06:36:00.000000Z
8640,246,Sentence Completions,אנ - 83 - 51,סח - 238 - 13,1,English layout,אמירנט,5,2024-04-26T06:38:30.000000Z,2024-07-03T06:36:44.000000Z
10575,246,Sentence Completions,אנ - 83 - 52,סח - 239 - 15,1,English layout,אמירנט,6,2024-07-03T06:40:56.000000Z,2024-07-03T06:40:56.000000Z
8642,246,Sentence Completions,אנ - 84 - 53,סח - 239 - 16,1,English layout,אמירנט,9,2024-04-26T06:44:58.000000Z,2024-07-03T06:39:28.000000Z
8643,246,Sentence Completions,אנ - 84 - 54,סח - 239 - 17,1,English layout,אמירנט,3,2024-04-26T06:47:09.000000Z,2024-07-03T06:42:05.000000Z
8644,246,Sentence Completions,אנ - 84 - 55,סח - 24 - 11,1,English layout,אמירנט,8,2024-04-26T06:48:53.000000Z,2024-07-03T06:42:47.000000Z
8645,246,Sentence Completions,אנ - 84 - 56,סח - 24 - 13,1,English layout,אמירנט,9,2024-04-26T06:53:15.000000Z,2024-07-03T06:45:34.000000Z
8646,246,Sentence Completions,אנ - 85 - 57,סח - 24 - 14,1,English layout,אמירנט,4,2024-04-26T06:55:31.000000Z,2024-07-03T06:46:20.000000Z
8647,246,Sentence Completions,אנ - 85 - 58,סח - 24 - 15,1,English layout,אמירנט,7,2024-04-26T06:58:11.000000Z,2024-07-03T06:46:49.000000Z
8648,246,Sentence Completions,אנ - 85 - 59,סח - 243 - 1,1,English layout,אמירנט,7,2024-04-26T07:01:52.000000Z,2024-07-03T06:47:41.000000Z
8649,198,Sentence Completions,אנ - 85 - 60,סח - 243 - 2,1,English layout,פסיכומטרי,5,2024-04-26T07:06:26.000000Z,2024-04-26T07:06:26.000000Z
10576,246,Sentence Completions,אנ - 85 - 60,סח - 243 - 3,1,English layout,אמירנט,5,2024-07-03T06:51:41.000000Z,2024-07-03T06:51:41.000000Z
8650,246,Sentence Completions,אנ - 86 - 61,סח - 244 - 4,1,English layout,אמירנט,5,2024-04-26T07:08:38.000000Z,2024-07-03T06:50:49.000000Z
8651,246,Sentence Completions,אנ - 86 - 62,סח - 244 - 5,1,English layout,אמירנט,8,2024-04-26T07:12:06.000000Z,2024-07-03T07:40:49.000000Z
8652,246,Sentence Completions,אנ - 86 - 63,סח - 245 - 7,1,English layout,אמירנט,6,2024-04-26T07:14:30.000000Z,2024-07-03T07:41:55.000000Z
8653,246,Sentence Completions,אנ - 86 - 64,סח - 245 - 8,1,English layout,אמירנט,8,2024-04-26T07:17:08.000000Z,2024-07-03T07:42:41.000000Z
8654,246,Sentence Completions,אנ - 87 - 65,סח - 246 - 9,1,English layout,אמירנט,3,2024-04-26T07:19:52.000000Z,2024-07-03T07:43:22.000000Z
8655,246,Sentence Completions,אנ - 87 - 66,סח - 247 - 1,1,English layout,אמירנט,4,2024-04-26T07:23:11.000000Z,2024-07-03T07:44:01.000000Z
8656,246,Sentence Completions,אנ - 87 - 67,סח - 247 - 2,1,English layout,אמירנט,6,2024-04-26T07:27:30.000000Z,2024-07-03T07:45:35.000000Z
8657,246,Sentence Completions,אנ - 87 - 68,סח - 248 - 4,1,English layout,אמירנט,9,2024-04-26T07:29:40.000000Z,2024-07-03T07:46:25.000000Z
8658,246,Sentence Completions,אנ - 88 - 69,סח - 249 - 6,1,English layout,אמירנט,7,2024-04-26T07:31:37.000000Z,2024-07-03T07:47:04.000000Z
8659,246,Sentence Completions,אנ - 88 - 70,סח - 249 - 7,1,English layout,אמירנט,7,2024-04-26T07:33:17.000000Z,2024-07-03T07:47:47.000000Z
8660,246,Sentence Completions,אנ - 88 - 71,סח - 249 - 8,1,English layout,אמירנט,9,2024-04-26T07:36:18.000000Z,2024-07-03T07:48:35.000000Z
8661,246,Sentence Completions,אנ - 88 - 72,סח - 25 - 16,1,English layout,אמירנט,10,2024-04-26T07:41:44.000000Z,2024-07-03T07:50:39.000000Z
8662,246,Sentence Completions,אנ - 89 - 73,סח - 25 - 17,1,English layout,אמירנט,3,2024-04-26T07:43:35.000000Z,2024-07-03T07:51:10.000000Z
8663,246,Sentence Completions,אנ - 89 - 74,סח - 25 - 18,1,English layout,אמירנט,3,2024-04-26T07:45:25.000000Z,2024-07-03T07:51:59.000000Z
8664,246,Sentence Completions,אנ - 89 - 75,סח - 250 - 10,1,English layout,אמירנט,6,2024-04-26T07:47:37.000000Z,2024-07-03T07:52:56.000000Z
8665,246,Sentence Completions,אנ - 89 - 76,סח - 251 - 1,1,English layout,אמירנט,6,2024-04-26T07:49:40.000000Z,2024-07-03T07:53:44.000000Z
5285,215,,אנ - 9 - 10.1,סח - 251 - 2,1,English layout,פסיכומטרי,1,2023-12-20T09:25:28.000000Z,2023-12-20T10:14:24.000000Z
12817,269,,אנ - 9 - 10.1,סח - 252 - 2,1,English layout,אמירנט,1,2024-10-17T16:52:44.000000Z,2024-10-17T16:52:44.000000Z
5290,215,,אנ - 9 - 10.2,סח - 252 - 4,1,English layout,פסיכומטרי,1,2023-12-20T09:30:05.000000Z,2023-12-20T10:14:51.000000Z
12818,269,,אנ - 9 - 10.2,סח - 253 - 6,1,English layout,אמירנט,1,2024-10-17T16:53:04.000000Z,2024-10-17T16:53:04.000000Z
5291,215,,אנ - 9 - 11,סח - 253 - 7,1,English layout,פסיכומטרי,1,2023-12-20T09:32:03.000000Z,2024-02-26T08:16:37.000000Z
12819,269,,אנ - 9 - 11,סח - 254 - 9,1,English layout,אמירנט,1,2024-10-17T16:53:27.000000Z,2024-10-17T16:53:27.000000Z
5294,215,,אנ - 9 - 12,סח - 26 - 20,1,English layout,פסיכומטרי,1,2023-12-20T09:33:49.000000Z,2023-12-20T09:33:49.000000Z
12820,269,,אנ - 9 - 12,סח - 26 - 21,1,English layout,אמירנט,1,2024-10-17T16:53:59.000000Z,2024-10-17T16:53:59.000000Z
5298,215,,אנ - 9 - 13,סח - 26 - 22,1,English layout,פסיכומטרי,1,2023-12-20T09:36:42.000000Z,2023-12-20T09:36:42.000000Z
12821,269,,אנ - 9 - 13,סח - 30 - 05,1,English layout,אמירנט,1,2024-10-17T16:54:14.000000Z,2024-10-17T16:54:14.000000Z
5301,215,,אנ - 9 - 14,סח - 31 - 10,1,English layout,פסיכומטרי,1,2023-12-20T09:38:55.000000Z,2023-12-20T09:38:55.000000Z
12822,269,,אנ - 9 - 14,סח - 31 - 8,1,English layout,אמירנט,1,2024-10-17T16:54:42.000000Z,2024-10-17T16:54:42.000000Z
5303,215,,אנ - 9 - 15,סח - 32 - 11,1,English layout,פסיכומטרי,1,2023-12-20T09:40:39.000000Z,2023-12-20T09:40:39.000000Z
12823,269,,אנ - 9 - 15,סח - 32 - 13,1,English layout,אמירנט,1,2024-10-17T16:54:57.000000Z,2024-10-17T16:54:57.000000Z
5305,215,,אנ - 9 - 16,1551,1,English layout,פסיכומטרי,1,2023-12-20T09:42:12.000000Z,2023-12-20T09:42:12.000000Z
12824,269,,אנ - 9 - 16,סח  -  106  -  5,1,English layout,אמירנט,1,2024-10-17T16:55:12.000000Z,2024-10-17T16:55:12.000000Z
5282,215,,אנ - 9 - 9,סח - 320 - 7,1,English layout,פסיכומטרי,1,2023-12-20T09:22:25.000000Z,2023-12-20T09:22:25.000000Z
12825,269,,אנ - 9 - 9,סח - 320 - 8,1,English layout,אמירנט,1,2024-10-17T16:55:44.000000Z,2024-10-17T16:55:44.000000Z
8666,246,Sentence Completions,אנ - 90 - 77,סח - 320 - 9,1,English layout,אמירנט,5,2024-04-26T07:51:25.000000Z,2024-07-03T07:55:25.000000Z
8667,246,Sentence Completions,אנ - 90 - 78,סח - 322 - 1,1,English layout,אמירנט,6,2024-04-26T07:53:36.000000Z,2024-07-03T07:56:36.000000Z
8668,246,Sentence Completions,אנ - 90 - 79,סח - 322 - 2,1,English layout,אמירנט,8,2024-04-26T07:55:12.000000Z,2024-07-03T07:57:05.000000Z
8669,246,Sentence Completions,אנ - 90 - 80,סח - 322 - 3,1,English layout,אמירנט,10,2024-04-26T07:57:04.000000Z,2024-07-03T07:58:25.000000Z
8795,246,Sentence Completions,אנ - 91  -82,סח - 323 - 4,1,English layout,אמירנט,5,2024-04-28T03:30:15.000000Z,2024-04-28T03:30:15.000000Z
8796,246,Sentence Completions,אנ - 91 - 81,סח - 323 - 5,1,English layout,אמירנט,3,2024-04-28T03:32:53.000000Z,2024-04-28T03:32:53.000000Z
699,198,Sentence Completions,אנ - 91 - 83,סח - 326 - 11,1,English layout,פסיכומטרי,4,2023-09-21T11:46:12.000000Z,2023-09-21T11:46:12.000000Z
8797,246,Sentence Completions,אנ - 91 - 83,סח - 326 - 12,1,English layout,אמירנט,4,2024-04-28T03:33:59.000000Z,2024-04-28T03:33:59.000000Z
700,198,Sentence Completions,אנ - 91 - 84,סח - 326 - 13,1,English layout,פסיכומטרי,5,2023-09-21T11:53:45.000000Z,2024-04-28T03:42:12.000000Z
8798,246,Sentence Completions,אנ - 91 - 84,סח - 326 - 14,1,English layout,אמירנט,5,2024-04-28T03:42:38.000000Z,2024-04-28T03:42:38.000000Z
701,198,Sentence Completions,אנ - 92 - 85,סח - 327 - 16,1,English layout,פסיכומטרי,4,2023-09-21T12:00:40.000000Z,2024-04-28T03:43:18.000000Z
8799,246,Sentence Completions,אנ - 92 - 85,סח - 327 - 7,1,English layout,אמירנט,4,2024-04-28T03:43:30.000000Z,2024-04-28T03:43:30.000000Z
702,198,Sentence Completions,אנ - 92 - 86,סח - 329 - 1,1,English layout,פסיכומטרי,7,2023-09-21T12:05:27.000000Z,2024-04-28T03:44:25.000000Z
8800,246,Sentence Completions,אנ - 92 - 86,סח - 329 - 2,1,English layout,אמירנט,7,2024-04-28T03:44:46.000000Z,2024-04-28T03:44:46.000000Z
703,198,Sentence Completions,אנ - 92 - 87,סח - 329 - 3,1,English layout,פסיכומטרי,6,2023-09-21T12:09:50.000000Z,2024-10-27T06:28:45.000000Z
8801,246,Sentence Completions,אנ - 92 - 87,סח - 33 - 15,1,English layout,אמירנט,6,2024-04-28T03:45:44.000000Z,2024-10-27T06:28:29.000000Z
8802,246,Sentence Completions,אנ - 92 - 88,סח - 33 - 16,1,English layout,אמירנט,7,2024-04-28T03:54:45.000000Z,2024-04-28T03:54:45.000000Z
742,198,Sentence Completions,אנ - 93 - 89,סח - 33 -14,1,English layout,פסיכומטרי,3,2023-09-22T11:21:52.000000Z,2024-04-28T03:55:29.000000Z
8803,246,Sentence Completions,אנ - 93 - 89,סח - 330 - 4,1,English layout,אמירנט,3,2024-04-28T03:56:03.000000Z,2024-04-28T03:56:03.000000Z
743,198,Sentence Completions,אנ - 93 - 90,סח - 330 - 5,1,English layout,פסיכומטרי,5,2023-09-22T11:25:04.000000Z,2023-09-22T11:25:04.000000Z
8804,246,Sentence Completions,אנ - 93 - 90,סח - 331 - 6,1,English layout,אמירנט,5,2024-04-28T03:56:54.000000Z,2024-04-28T03:56:54.000000Z
744,198,Sentence Completions,אנ - 93 - 91,סח - 331 - 7,1,English layout,פסיכומטרי,3,2023-09-22T11:28:57.000000Z,2023-09-22T11:39:24.000000Z
8805,246,Sentence Completions,אנ - 93 - 91,סח - 331 - 8,1,English layout,אמירנט,3,2024-04-28T03:59:02.000000Z,2024-04-28T03:59:02.000000Z
745,198,Sentence Completions,אנ - 93 -92,סח - 332 - 10,1,English layout,פסיכומטרי,6,2023-09-22T11:38:24.000000Z,2023-09-22T11:38:24.000000Z
8806,246,Sentence Completions,אנ - 93 -92,סח - 332 - 9,1,English layout,אמירנט,6,2024-04-28T04:10:08.000000Z,2024-04-28T04:10:08.000000Z
746,198,Sentence Completions,אנ - 94  - 93,סח - 333 - 11,1,English layout,פסיכומטרי,8,2023-09-22T11:45:47.000000Z,2024-04-28T04:11:40.000000Z
8807,246,Sentence Completions,אנ - 94  - 93,סח - 333 - 12,1,English layout,אמירנט,8,2024-04-28T04:12:07.000000Z,2024-04-28T04:12:07.000000Z
749,198,Sentence Completions,אנ - 94 - 96,סח - 333 - 13,1,English layout,פסיכומטרי,8,2023-09-22T11:59:25.000000Z,2023-09-22T11:59:25.000000Z
8808,246,Sentence Completions,אנ - 94 - 96,סח - 334 - 14,1,English layout,אמירנט,8,2024-04-28T04:13:10.000000Z,2024-04-28T04:13:10.000000Z
753,198,Sentence Completions,אנ - 95 - 100,סח - 335 - 15,1,English layout,פסיכומטרי,4,2023-09-22T12:27:20.000000Z,2024-04-28T04:16:34.000000Z
8809,246,Sentence Completions,אנ - 95 - 100,סח - 336 - 1,1,English layout,אמירנט,4,2024-04-28T04:17:00.000000Z,2024-04-28T04:17:00.000000Z
776,198,Sentence Completions,אנ - 95 - 107,סח - 336 - 2,1,English layout,פסיכומטרי,5,2023-09-23T14:27:59.000000Z,2023-09-23T14:28:36.000000Z
8810,246,Sentence Completions,אנ - 95 - 107,סח - 336 - 3,1,English layout,אמירנט,5,2024-04-28T04:23:45.000000Z,2024-04-28T04:23:45.000000Z
750,198,Sentence Completions,אנ - 95 - 97,סח - 337 - 4,1,English layout,פסיכומטרי,3,2023-09-22T12:02:00.000000Z,2024-04-28T04:34:37.000000Z
8811,246,Sentence Completions,אנ - 95 - 97,סח - 337 - 5,1,English layout,אמירנט,3,2024-04-28T04:34:53.000000Z,2024-04-28T04:34:53.000000Z
751,198,Sentence Completions,אנ - 95 - 98,סח - 338 - 7,1,English layout,פסיכומטרי,4,2023-09-22T12:04:39.000000Z,2024-04-28T04:36:19.000000Z
8812,246,Sentence Completions,אנ - 95 - 98,סח - 338 - 8,1,English layout,אמירנט,4,2024-04-28T04:36:35.000000Z,2024-04-28T04:36:35.000000Z
754,198,Sentence Completions,אנ - 96 - 101,סח - 338 - 9,1,English layout,פסיכומטרי,10,2023-09-22T12:34:08.000000Z,2024-04-28T04:37:59.000000Z
8813,246,Sentence Completions,אנ - 96 - 101,סח - 34 - 17,1,English layout,אמירנט,10,2024-04-28T04:38:20.000000Z,2024-04-28T04:38:20.000000Z
771,198,Sentence Completions,אנ - 96 - 102,סח - 34 - 18,1,English layout,פסיכומטרי,7,2023-09-23T14:02:54.000000Z,2024-04-28T04:39:55.000000Z
8814,246,Sentence Completions,אנ - 96 - 102,סח - 34 - 19,1,English layout,אמירנט,7,2024-04-28T04:40:09.000000Z,2024-04-28T04:40:09.000000Z
772,198,Sentence Completions,אנ - 96 - 103,סח - 340 - 11,1,English layout,פסיכומטרי,6,2023-09-23T14:09:16.000000Z,2023-09-23T14:09:16.000000Z
8815,246,Sentence Completions,אנ - 96 - 103,סח - 340 - 12,1,English layout,אמירנט,6,2024-04-28T04:41:34.000000Z,2024-04-28T04:41:34.000000Z
8816,246,Sentence Completions,אנ - 96 - 104,סח - 341 - 13,1,English layout,אמירנט,5,2024-04-28T04:50:17.000000Z,2024-04-28T04:50:17.000000Z
774,198,Sentence Completions,אנ - 97 - 105,סח - 341 - 14,1,English layout,פסיכומטרי,4,2023-09-23T14:18:25.000000Z,2024-04-28T04:51:13.000000Z
8817,246,Sentence Completions,אנ - 97 - 105,סח - 342 - 16,1,English layout,אמירנט,4,2024-04-28T04:51:27.000000Z,2024-04-28T04:51:27.000000Z
775,198,Sentence Completions,אנ - 97 - 106,סח - 342 - 17,1,English layout,פסיכומטרי,4,2023-09-23T14:22:58.000000Z,2024-04-28T04:54:22.000000Z
8818,246,Sentence Completions,אנ - 97 - 106,סח - 343 - 20,1,English layout,אמירנט,4,2024-04-28T04:54:36.000000Z,2024-04-28T04:54:36.000000Z
777,198,Sentence Completions,אנ - 97 - 108,סח - 344 - 21,1,English layout,פסיכומטרי,9,2023-09-23T14:32:57.000000Z,2023-09-23T14:32:57.000000Z
8819,246,Sentence Completions,אנ - 97 - 108,סח - 344 - 23,1,English layout,אמירנט,9,2024-04-28T04:55:30.000000Z,2024-04-28T04:55:30.000000Z
778,198,Sentence Completions,אנ - 98 - 109,סח - 345 - 24,1,English layout,פסיכומטרי,5,2023-09-23T14:37:11.000000Z,2024-04-28T04:56:34.000000Z
8820,246,Sentence Completions,אנ - 98 - 109,סח - 345 - 25,1,English layout,אמירנט,5,2024-04-28T04:56:48.000000Z,2024-04-28T04:56:48.000000Z
779,198,Sentence Completions,אנ - 98 - 110,סח - 345 - 26,1,English layout,פסיכומטרי,4,2023-09-23T14:39:55.000000Z,2024-04-28T04:57:34.000000Z
8821,246,Sentence Completions,אנ - 98 - 110,סח - 346 - 28,1,English layout,אמירנט,4,2024-04-28T04:57:49.000000Z,2024-04-28T04:57:49.000000Z
8822,246,Sentence Completions,אנ - 98 - 111,סח - 346 - 29,1,English layout,אמירנט,6,2024-04-28T05:09:46.000000Z,2024-04-28T05:09:46.000000Z
782,198,Sentence Completions,אנ - 98 - 112,סח - 353 - 8,1,English layout,פסיכומטרי,7,2023-09-23T14:50:48.000000Z,2024-04-28T05:10:53.000000Z
8823,246,Sentence Completions,אנ - 98 - 112,סח - 37 - 3,1,English layout,אמירנט,7,2024-04-28T05:11:13.000000Z,2024-04-28T05:11:13.000000Z
783,198,Sentence Completions,אנ - 99 - 113,סח - 43 - 1,1,English layout,פסיכומטרי,5,2023-09-23T14:56:28.000000Z,2024-04-28T05:11:51.000000Z
8824,246,Sentence Completions,אנ - 99 - 113,סח - 43 - 2,1,English layout,אמירנט,5,2024-04-28T05:12:07.000000Z,2024-04-28T05:12:07.000000Z
784,198,Sentence Completions,אנ - 99 - 114,סח - 43 - 3,1,English layout,פסיכומטרי,6,2023-09-23T15:03:50.000000Z,2024-04-28T05:13:53.000000Z
8825,246,Sentence Completions,אנ - 99 - 114,סח - 44 - 4,1,English layout,אמירנט,6,2024-04-28T05:14:07.000000Z,2024-04-28T05:14:07.000000Z
785,198,Sentence Completions,אנ - 99 - 115,סח - 45 - 6,1,English layout,פסיכומטרי,6,2023-09-23T15:08:26.000000Z,2024-10-22T07:39:16.000000Z
8826,246,Sentence Completions,אנ - 99 - 115,סח - 45 - 7,1,English layout,אמירנט,6,2024-04-28T05:16:15.000000Z,2024-10-22T07:38:58.000000Z
8827,246,Sentence Completions,אנ- 94- 95,סח - 45 - 8,1,English layout,אמירנט,7,2024-04-28T05:18:10.000000Z,2024-04-28T05:18:10.000000Z
747,198,Sentence Completions,אנ-94-94,סח - 46 - 10,1,English layout,פסיכומטרי,6,2023-09-22T11:51:20.000000Z,2023-09-22T11:51:20.000000Z
8828,246,Sentence Completions,אנ-94-94,סח - 46 - 11,1,English layout,אמירנט,6,2024-04-28T05:19:33.000000Z,2024-04-28T05:19:33.000000Z
14598,169,קטע קריאה,בדיקת מחיקה בעדכון אשכל 2,סח - 47 - 14,1,Numeric bullet single choice,פסיכומטרי,5,2025-04-22T07:16:14.000000Z,2025-04-22T07:18:49.000000Z
13943,68,ביטויים,דיאגנוסטי - 01 - 06,סח - 48 - 16,1,Numeric bullet single choice,פסיכומטרי,4,2024-11-26T09:41:06.000000Z,2024-11-26T09:41:06.000000Z
13625,116,משולשים,דיאגנוסטי - 02 - 03,סח - 48 - 17,1,Image and text,פסיכומטרי,5.5,2024-11-18T09:19:41.000000Z,2024-11-18T09:31:52.000000Z
13647,167,אנלוגיות,דיאגנוסטי - 04 - 02,סח - 48 - 18,1,Numeric bullet single choice,פסיכומטרי,2.6,2024-11-18T09:58:53.000000Z,2024-11-18T09:58:53.000000Z
13649,167,אנלוגיות,דיאגנוסטי - 04 - 04,סח - 63 - 1,1,Numeric bullet single choice,פסיכומטרי,10,2024-11-18T10:00:31.000000Z,2024-11-18T10:00:31.000000Z
13653,168,השלמת משפטים מילולי,דיאגנוסטי - 04 - 08,סח - 63 - 2,1,Numeric bullet single choice,פסיכומטרי,3.4,2024-11-18T10:04:16.000000Z,2024-12-30T13:22:59.000000Z
13657,198,Sentence Completions,דיאגנוסטי - 06 - 02,סח - 64 - 3,1,English layout,פסיכומטרי,3,2024-11-18T10:09:36.000000Z,2024-11-18T10:09:36.000000Z
13662,198,Sentence Completions,דיאגנוסטי - 06 - 07,סח - 64 - 5,1,English layout,פסיכומטרי,8,2024-11-18T10:15:32.000000Z,2024-12-28T22:19:23.000000Z
14585,355,Lecture/Conversation and Questions,וידאו ראנד 1 1,סח - 7 - 1,1,English layout,אמירנט,3,2025-04-14T12:50:03.000000Z,2025-04-14T13:21:18.000000Z
14586,355,Lecture/Conversation and Questions,וידאו ראנד 1 2,סח - 7 - 2,1,English layout,אמירנט,3,2025-04-14T12:50:18.000000Z,2025-04-14T13:21:15.000000Z
14587,355,Lecture/Conversation and Questions,וידאו ראנד 2 1,סח - 7 - 3,1,English layout,אמירנט,3,2025-04-14T12:50:46.000000Z,2025-04-14T13:21:11.000000Z
265,75,אותיות וספרות,חדש,סח - 73 - 1,1,Numeric bullet single choice,פסיכומטרי,10,2023-09-06T16:18:44.000000Z,2023-12-13T13:06:05.000000Z
266,75,אותיות וספרות,חדש,סח - 73 - 2,1,Numeric bullet single choice,פסיכומטרי,10,2023-09-06T16:46:00.000000Z,2023-12-13T13:14:32.000000Z
269,167,אנלוגיות,חדש,סח - 74 - 4,1,Numeric bullet single choice,פסיכומטרי,7,2023-09-06T17:54:18.000000Z,2023-09-20T04:50:18.000000Z
270,167,אנלוגיות,חדש,סח - 75 - 6,1,Numeric bullet single choice,פסיכומטרי,8,2023-09-06T18:00:00.000000Z,2023-09-20T04:56:14.000000Z
272,72,פעולות מומצאות,חדש,סח - 75 - 7,1,Numeric bullet single choice,פסיכומטרי,4,2023-09-07T11:25:38.000000Z,2023-09-20T05:01:34.000000Z
273,68,ביטויים,חדש,סח - 75 - 8,1,Numeric bullet single choice,פסיכומטרי,9,2023-09-07T11:41:35.000000Z,2023-09-20T05:03:43.000000Z
274,68,ביטויים,חדש,סח - 76 - 10,1,Numeric bullet single choice,פסיכומטרי,10,2023-09-07T11:51:58.000000Z,2023-09-20T05:06:43.000000Z
317,76,עצרת,חדש,סח - 77 - 1,1,Numeric bullet single choice,פסיכומטרי,3.5,2023-09-11T11:36:01.000000Z,2023-11-29T17:41:26.000000Z
318,76,עצרת,חדש,סח - 77 - 3,1,Numeric bullet single choice,פסיכומטרי,2,2023-09-11T11:39:52.000000Z,2023-09-20T05:10:37.000000Z
319,76,עצרת,חדש,סח - 78 - 4,1,Numeric bullet single choice,פסיכומטרי,6,2023-09-11T12:00:22.000000Z,2023-12-21T06:48:08.000000Z
321,68,ביטויים,חדש,סח - 78 - 5,1,Numeric bullet single choice,פסיכומטרי,4,2023-09-11T12:18:37.000000Z,2023-09-20T05:14:20.000000Z
322,68,ביטויים,חדש,סח - 79 - 6,1,Numeric bullet single choice,פסיכומטרי,3,2023-09-11T12:26:14.000000Z,2023-12-21T06:50:42.000000Z
324,68,ביטויים,חדש,סח - 79 - 8,1,Numeric bullet single choice,פסיכומטרי,8,2023-09-11T12:39:54.000000Z,2023-12-21T07:06:17.000000Z
325,96,צירופים,חדש,סח - 8 - 4,1,Numeric bullet single choice,פסיכומטרי,9.5,2023-09-11T12:46:59.000000Z,2024-01-25T05:19:15.000000Z
328,67,משוואות,חדש,סח - 8 - 5,1,Numeric bullet single choice,פסיכומטרי,6.5,2023-09-12T17:03:58.000000Z,2023-11-29T17:44:04.000000Z
329,67,משוואות,חדש,סח - 8 - 6,1,Numeric bullet single choice,פסיכומטרי,8.5,2023-09-12T17:13:33.000000Z,2023-11-29T17:54:41.000000Z
330,68,ביטויים,חדש,סח - 80 - 10,1,Numeric bullet single choice,פסיכומטרי,4,2023-09-12T17:22:52.000000Z,2023-12-21T07:20:52.000000Z
332,72,פעולות מומצאות,חדש,סח - 80 - 9,1,Numeric bullet single choice,פסיכומטרי,4,2023-09-12T17:40:44.000000Z,2024-01-28T07:03:37.000000Z
334,68,ביטויים,חדש,סח - 81 - 1,1,Numeric bullet single choice,פסיכומטרי,3,2023-09-12T18:10:43.000000Z,2023-09-20T06:39:41.000000Z
357,72,פעולות מומצאות,חדש,סח - 81 - 2,1,Numeric bullet single choice,פסיכומטרי,5,2023-09-13T11:17:15.000000Z,2023-09-20T06:41:16.000000Z
358,123,תלת-ממד,חדש,סח - 81 - 3,1,Numeric bullet single choice,פסיכומטרי,7,2023-09-13T11:37:35.000000Z,2023-09-20T06:42:32.000000Z
366,76,עצרת,חדש,סח - 82 - 4,1,Numeric bullet single choice,פסיכומטרי,5,2023-09-13T12:27:53.000000Z,2023-09-20T06:43:55.000000Z
368,72,פעולות מומצאות,חדש,סח - 82 - 5,1,Numeric bullet single choice,פסיכומטרי,6,2023-09-13T12:54:21.000000Z,2023-09-20T06:46:02.000000Z
369,68,ביטויים,חדש,סח - 83 - 6,1,Numeric bullet single choice,פסיכומטרי,8,2023-09-13T13:02:23.000000Z,2023-12-21T07:26:43.000000Z
370,122,שטחים,חדש,סח - 83 - 7,1,Numeric bullet single choice,פסיכומטרי,9,2023-09-13T13:21:32.000000Z,2023-09-20T06:53:02.000000Z
371,75,אותיות וספרות,חדש,סח - 83 - 8,1,Numeric bullet single choice,פסיכומטרי,10,2023-09-13T14:03:30.000000Z,2024-02-21T12:21:40.000000Z
375,67,משוואות,חדש,סח - 84 - 10,1,Numeric bullet single choice,פסיכומטרי,10,2023-09-13T18:06:22.000000Z,2023-09-20T07:08:20.000000Z
376,72,פעולות מומצאות,חדש,סח - 85 - 11,1,Numeric bullet single choice,פסיכומטרי,7.5,2023-09-13T18:22:46.000000Z,2024-01-28T07:07:38.000000Z
377,96,צירופים,חדש,סח - 85 - 12,1,Numeric bullet single choice,פסיכומטרי,10,2023-09-13T18:31:09.000000Z,2024-01-25T05:18:39.000000Z
429,89,כלליות 1,חדש,סח - 85 - 13,1,Numeric bullet single choice,פסיכומטרי,3.5,2023-09-16T12:25:04.000000Z,2023-11-26T10:55:33.000000Z
430,68,ביטויים,חדש,סח - 89 - 3,1,Numeric bullet single choice,פסיכומטרי,6,2023-09-16T12:55:31.000000Z,2023-09-16T12:57:13.000000Z
431,68,ביטויים,חדש,סח - 9 - 10,1,Image and text,פסיכומטרי,8,2023-09-16T15:05:07.000000Z,2023-12-21T07:31:21.000000Z
432,76,עצרת,חדש,סח - 9 - 7,1,Numeric bullet single choice,פסיכומטרי,10,2023-09-16T15:15:47.000000Z,2023-12-21T07:34:32.000000Z
433,67,משוואות,חדש,סח - 9 - 8,1,Numeric bullet single choice,פסיכומטרי,7.5,2023-09-16T15:23:45.000000Z,2023-11-29T18:19:30.000000Z
434,72,פעולות מומצאות,חדש,סח - 9 - 9,1,Numeric bullet single choice,פסיכומטרי,7,2023-09-16T15:31:56.000000Z,2023-09-16T15:31:56.000000Z
435,68,ביטויים,חדש,סח - 90 - 5,1,Numeric bullet single choice,פסיכומטרי,9,2023-09-16T16:23:13.000000Z,2023-12-21T07:36:00.000000Z
436,68,ביטויים,חדש,סח - 92 - 11,1,Numeric bullet single choice,פסיכומטרי,6,2023-09-16T16:31:17.000000Z,2023-09-16T16:31:17.000000Z
437,68,ביטויים,חדש,סח - 92 - 12,1,Numeric bullet single choice,פסיכומטרי,6,2023-09-16T16:51:39.000000Z,2023-09-16T16:51:39.000000Z
438,76,עצרת,חדש,סח - 93 - 15,1,Numeric bullet single choice,פסיכומטרי,10,2023-09-16T17:25:33.000000Z,2023-11-29T18:39:50.000000Z
443,123,תלת-ממד,חדש,סח - 93 - 16,1,Image and text,פסיכומטרי,7,2023-09-17T16:01:30.000000Z,2024-01-27T13:57:17.000000Z
951,68,ביטויים,חדש,סח - 94 - 18,1,Numeric bullet single choice,פסיכומטרי,5,2023-09-26T19:22:14.000000Z,2023-12-21T07:41:16.000000Z
5180,167,אנלוגיות,חתמ - 10 - 7,סח - 94 - 19,1,Numeric bullet single choice,פסיכומטרי,2,2023-12-19T08:26:13.000000Z,2023-12-19T08:26:13.000000Z
5182,167,אנלוגיות,חתמ - 11 - 8,סח - 97 - 2,1,Numeric bullet single choice,פסיכומטרי,3,2023-12-19T08:29:08.000000Z,2023-12-19T08:29:08.000000Z
5181,167,אנלוגיות,חתמ - 11 - דוגמה,סח - 97 - 3,1,Numeric bullet single choice,פסיכומטרי,4,2023-12-19T08:27:49.000000Z,2023-12-19T08:27:49.000000Z
5185,167,אנלוגיות,חתמ - 13 - א,סח - 98 - 6,1,Numeric bullet single choice,פסיכומטרי,6,2023-12-19T08:40:31.000000Z,2023-12-19T08:40:31.000000Z
5186,167,אנלוגיות,חתמ - 13 - ב,סח - 98 - 7,1,Numeric bullet single choice,פסיכומטרי,7,2023-12-19T08:42:19.000000Z,2023-12-19T08:42:19.000000Z
5187,167,אנלוגיות,חתמ - 14 - ג,סח - 99 - 10,1,Numeric bullet single choice,פסיכומטרי,4,2023-12-19T08:43:44.000000Z,2023-12-19T08:43:44.000000Z
5188,167,אנלוגיות,חתמ - 14 - ד,סח - 99 - 8,1,Numeric bullet single choice,פסיכומטרי,6,2023-12-19T08:45:03.000000Z,2023-12-19T08:45:22.000000Z
5189,167,אנלוגיות,חתמ - 15 - ה,סח - 99 - 9,1,Numeric bullet single choice,פסיכומטרי,4,2023-12-19T08:46:39.000000Z,2023-12-19T08:46:39.000000Z
1307,167,אנלוגיות,חתמ - 16 - 1,סח -232 - 21,1,Numeric bullet single choice,פסיכומטרי,2,2023-10-05T07:23:33.000000Z,2023-10-05T07:23:33.000000Z
1310,167,אנלוגיות,חתמ - 16 - 4,סח- 89 - 2,1,Numeric bullet single choice,פסיכומטרי,5,2023-10-05T08:27:38.000000Z,2023-10-05T08:31:19.000000Z
1311,167,אנלוגיות,חתמ - 16 - 5,סח- 89- 1,1,Numeric bullet single choice,פסיכומטרי,4,2023-10-05T08:41:11.000000Z,2023-10-05T08:41:11.000000Z
5116,167,אנלוגיות,חתמ - 16 - 6,סח- 89- 4,1,Numeric bullet single choice,פסיכומטרי,8,2023-12-19T06:16:29.000000Z,2023-12-19T06:16:47.000000Z
5120,167,אנלוגיות,חתמ - 17 - 10,סח- 90- 6,1,Numeric bullet single choice,פסיכומטרי,8,2023-12-19T06:24:31.000000Z,2023-12-19T06:24:31.000000Z
5121,167,אנלוגיות,חתמ - 17 - 11,סח- 91 - 7,1,Numeric bullet single choice,פסיכומטרי,6,2023-12-19T06:25:49.000000Z,2023-12-19T06:25:49.000000Z
5117,167,אנלוגיות,חתמ - 17 - 7,סח-1-15,1,Numeric bullet single choice,פסיכומטרי,6,2023-12-19T06:18:25.000000Z,2023-12-19T06:18:25.000000Z
5118,167,אנלוגיות,חתמ - 17 - 8,סח-10-17,1,Numeric bullet single choice,פסיכומטרי,4,2023-12-19T06:20:32.000000Z,2023-12-19T06:20:32.000000Z
5123,167,אנלוגיות,חתמ - 18 - 13,סח-11-17,1,Numeric bullet single choice,פסיכומטרי,6,2023-12-19T06:29:02.000000Z,2023-12-19T06:29:02.000000Z
5124,167,אנלוגיות,חתמ - 18 - 14,סח-236 - 5,1,Numeric bullet single choice,פסיכומטרי,8,2023-12-19T06:30:40.000000Z,2023-12-19T06:30:40.000000Z
5125,167,אנלוגיות,חתמ - 18 - 15,סח-240 - 19,1,Numeric bullet single choice,פסיכומטרי,6,2023-12-19T06:32:37.000000Z,2023-12-19T06:32:37.000000Z
5128,167,אנלוגיות,חתמ - 18 - 18,סח-3-15,1,Numeric bullet single choice,פסיכומטרי,8,2023-12-19T06:38:59.000000Z,2023-12-19T06:38:59.000000Z
5129,167,אנלוגיות,חתמ - 19 - 19,סח-6-16,1,Numeric bullet single choice,פסיכומטרי,6,2023-12-19T06:40:38.000000Z,2023-12-19T06:40:38.000000Z
5131,167,אנלוגיות,חתמ - 19 - 21,סח-8-17,1,Numeric bullet single choice,פסיכומטרי,6,2023-12-19T06:49:25.000000Z,2023-12-19T06:49:25.000000Z
5132,167,אנלוגיות,חתמ - 19 - 22,סח-9-17,1,Numeric bullet single choice,פסיכומטרי,7,2023-12-19T06:50:54.000000Z,2023-12-19T08:07:07.000000Z
5134,167,אנלוגיות,חתמ - 19 - 24,סמ - 10 - 21,1,Numeric bullet single choice,פסיכומטרי,5,2023-12-19T06:53:30.000000Z,2023-12-19T06:53:30.000000Z
5457,167,אנלוגיות,חתמ - 20 - 25,סמ - 10 - 22,1,Numeric bullet single choice,פסיכומטרי,1,2023-12-21T12:35:46.000000Z,2023-12-21T12:35:46.000000Z
5459,167,אנלוגיות,חתמ - 20 - 26,סמ - 10 - 23,1,Numeric bullet single choice,פסיכומטרי,4,2023-12-21T12:37:09.000000Z,2024-06-26T07:04:51.000000Z
5461,167,אנלוגיות,חתמ - 20 - 27,סמ - 10 - 24,1,Numeric bullet single choice,פסיכומטרי,4,2023-12-21T12:38:29.000000Z,2023-12-21T12:38:29.000000Z
5463,167,אנלוגיות,חתמ - 20 - 28,סמ - 100 - 12,1,Numeric bullet single choice,פסיכומטרי,7,2023-12-21T12:40:38.000000Z,2023-12-21T12:40:38.000000Z
5465,167,אנלוגיות,חתמ - 20 - 29,סמ - 104 - 22,1,Numeric bullet single choice,פסיכומטרי,6,2023-12-21T12:41:50.000000Z,2023-12-21T12:41:50.000000Z
5471,167,אנלוגיות,חתמ - 21 - 32,סמ - 105 - 25,1,Numeric bullet single choice,פסיכומטרי,2,2023-12-21T12:56:42.000000Z,2023-12-21T12:56:42.000000Z
5517,167,אנלוגיות,חתמ - 21 - 33,סמ - 105 - 27,1,Numeric bullet single choice,פסיכומטרי,2,2023-12-25T06:02:56.000000Z,2023-12-25T06:02:56.000000Z
5518,167,אנלוגיות,חתמ - 21 - 34,סמ - 106 - 29,1,Numeric bullet single choice,פסיכומטרי,4,2023-12-25T06:04:00.000000Z,2023-12-25T06:04:00.000000Z
5520,167,אנלוגיות,חתמ - 21 - 35,סמ - 107 - 31,1,Numeric bullet single choice,פסיכומטרי,4,2023-12-25T06:05:18.000000Z,2023-12-25T06:05:18.000000Z
5524,167,אנלוגיות,חתמ - 22 - 37,סמ - 107 - 32,1,Numeric bullet single choice,פסיכומטרי,8,2023-12-25T06:08:22.000000Z,2023-12-25T06:08:22.000000Z
5525,167,אנלוגיות,חתמ - 22 - 38,סמ - 108 - 36,1,Numeric bullet single choice,פסיכומטרי,8,2023-12-25T06:09:41.000000Z,2023-12-25T06:09:41.000000Z
5535,167,אנלוגיות,חתמ - 22 - 39,סמ - 108 - 37,1,Numeric bullet single choice,פסיכומטרי,4,2023-12-25T06:16:28.000000Z,2023-12-25T06:16:28.000000Z
5537,167,אנלוגיות,חתמ - 22 - 40,סמ - 109 - 39,1,Numeric bullet single choice,פסיכומטרי,7,2023-12-25T06:19:06.000000Z,2023-12-25T06:19:06.000000Z
5538,167,אנלוגיות,חתמ - 22 - 41,סמ - 109 - 40,1,Numeric bullet single choice,פסיכומטרי,10,2023-12-25T06:20:43.000000Z,2023-12-25T06:20:43.000000Z
5539,167,אנלוגיות,חתמ - 22 - 42,סמ - 11 - 26,1,Numeric bullet single choice,פסיכומטרי,8,2023-12-25T06:21:44.000000Z,2023-12-25T06:21:44.000000Z
5541,167,אנלוגיות,חתמ - 23 - 43,סמ - 11 - 30,1,Numeric bullet single choice,פסיכומטרי,7,2023-12-25T06:23:18.000000Z,2023-12-25T06:23:18.000000Z
5543,167,אנלוגיות,חתמ - 23 - 45,סמ - 12 - 31,1,Numeric bullet single choice,פסיכומטרי,4,2023-12-25T06:25:59.000000Z,2023-12-25T06:25:59.000000Z
5545,167,אנלוגיות,חתמ - 23 - 46,סמ - 12 - 32,1,Numeric bullet single choice,פסיכומטרי,5,2023-12-25T06:27:09.000000Z,2023-12-25T06:27:09.000000Z
5546,167,אנלוגיות,חתמ - 23 - 47,סמ - 12 - 35,1,Numeric bullet single choice,פסיכומטרי,7,2023-12-25T06:29:08.000000Z,2023-12-25T06:29:08.000000Z
5547,167,אנלוגיות,חתמ - 23 - 48,סמ - 12 - 36,1,Numeric bullet single choice,פסיכומטרי,6,2023-12-25T06:30:10.000000Z,2023-12-25T06:30:10.000000Z
5419,167,אנלוגיות,חתמ - 24 - 49,סמ - 121 - 22,1,Numeric bullet single choice,פסיכומטרי,7,2023-12-21T11:42:20.000000Z,2023-12-21T11:42:20.000000Z
5420,167,אנלוגיות,חתמ - 24 - 50,סמ - 122 - 23,1,Numeric bullet single choice,פסיכומטרי,1,2023-12-21T11:44:08.000000Z,2023-12-21T11:44:08.000000Z
5421,167,אנלוגיות,חתמ - 24 - 51,סמ - 123 - 25,1,Numeric bullet single choice,פסיכומטרי,5,2023-12-21T11:45:31.000000Z,2023-12-21T11:45:31.000000Z
5422,167,אנלוגיות,חתמ - 24 - 52,סמ - 123 - 26,1,Numeric bullet single choice,פסיכומטרי,4,2023-12-21T11:47:24.000000Z,2023-12-21T11:47:24.000000Z
5423,167,אנלוגיות,חתמ - 24 - 53,סמ - 124 - 27,1,Numeric bullet single choice,פסיכומטרי,4,2023-12-21T11:48:53.000000Z,2023-12-21T11:48:53.000000Z
5426,167,אנלוגיות,חתמ - 25 - 56,סמ - 125 - 29,1,Numeric bullet single choice,פסיכומטרי,8,2023-12-21T11:53:56.000000Z,2023-12-21T11:53:56.000000Z
5427,167,אנלוגיות,חתמ - 25 - 57,סמ - 125 - 30,1,Numeric bullet single choice,פסיכומטרי,6,2023-12-21T11:55:23.000000Z,2023-12-21T11:55:23.000000Z
5428,167,אנלוגיות,חתמ - 25 - 58,סמ - 126 - 32,1,Numeric bullet single choice,פסיכומטרי,3,2023-12-21T11:56:38.000000Z,2023-12-21T11:56:38.000000Z
5429,167,אנלוגיות,חתמ - 25 - 59,סמ - 127 - 33,1,Numeric bullet single choice,פסיכומטרי,2,2023-12-21T11:57:46.000000Z,2023-12-21T11:57:46.000000Z
5430,167,אנלוגיות,חתמ - 25 - 60,סמ - 129 - 37,1,Numeric bullet single choice,פסיכומטרי,7,2023-12-21T11:59:01.000000Z,2023-12-21T11:59:01.000000Z
5432,167,אנלוגיות,חתמ - 26 - 61,סמ - 13 - 37,1,Numeric bullet single choice,פסיכומטרי,4,2023-12-21T12:10:50.000000Z,2023-12-21T12:10:50.000000Z
5433,167,אנלוגיות,חתמ - 26 - 62,סמ - 13 - 39,1,Numeric bullet single choice,פסיכומטרי,4,2023-12-21T12:11:54.000000Z,2023-12-21T12:11:54.000000Z
5434,167,אנלוגיות,חתמ - 26 - 63,סמ - 14 - 44,1,Numeric bullet single choice,פסיכומטרי,8,2023-12-21T12:13:33.000000Z,2023-12-21T12:13:33.000000Z
5436,167,אנלוגיות,חתמ - 26 - 64,סמ - 14 - 45,1,Numeric bullet single choice,פסיכומטרי,6,2023-12-21T12:14:51.000000Z,2023-12-21T12:14:51.000000Z
5439,167,אנלוגיות,חתמ - 26 - 65,סמ - 14 - 46,1,Numeric bullet single choice,פסיכומטרי,6,2023-12-21T12:19:10.000000Z,2023-12-21T12:19:10.000000Z
5444,167,אנלוגיות,חתמ - 27 - 67,סמ - 14 - 47,1,Numeric bullet single choice,פסיכומטרי,1,2023-12-21T12:24:28.000000Z,2023-12-21T12:24:28.000000Z
5446,167,אנלוגיות,חתמ - 27 - 68,סמ - 14 - 48,1,Numeric bullet single choice,פסיכומטרי,5,2023-12-21T12:26:05.000000Z,2023-12-21T12:26:05.000000Z
5448,167,אנלוגיות,חתמ - 27 - 69,סמ - 15 - 49,1,Numeric bullet single choice,פסיכומטרי,6,2023-12-21T12:27:34.000000Z,2023-12-21T12:27:34.000000Z
5454,167,אנלוגיות,חתמ - 27 - 72,סמ - 15 - 50,1,Numeric bullet single choice,פסיכומטרי,3,2023-12-21T12:33:13.000000Z,2023-12-21T12:34:27.000000Z
5192,167,אנלוגיות,חתמ - 28 - 74,סמ - 15 - 51,1,Numeric bullet single choice,פסיכומטרי,7,2023-12-19T08:59:21.000000Z,2024-02-06T08:26:34.000000Z
5193,167,אנלוגיות,חתמ - 28 - 75,סמ - 15 - 53,1,Numeric bullet single choice,פסיכומטרי,8,2023-12-19T09:02:17.000000Z,2023-12-19T09:02:17.000000Z
5194,167,אנלוגיות,חתמ - 28 - 76,סמ - 16 - 55,1,Numeric bullet single choice,פסיכומטרי,4,2023-12-19T09:19:52.000000Z,2023-12-19T09:19:52.000000Z
5197,167,אנלוגיות,חתמ - 29 - 79,סמ - 16 - 57,1,Numeric bullet single choice,פסיכומטרי,4,2023-12-19T09:24:35.000000Z,2023-12-19T09:24:35.000000Z
5198,167,אנלוגיות,חתמ - 29 - 80,סמ - 16 - 58,1,Numeric bullet single choice,פסיכומטרי,6,2023-12-19T09:25:55.000000Z,2023-12-19T09:25:55.000000Z
5199,167,אנלוגיות,חתמ - 29 - 81,סמ - 16 - 59,1,Numeric bullet single choice,פסיכומטרי,8,2023-12-19T09:27:49.000000Z,2023-12-19T09:27:49.000000Z
5201,167,אנלוגיות,חתמ - 29 - 82,סמ - 16 - 60,1,Numeric bullet single choice,פסיכומטרי,4,2023-12-19T09:29:16.000000Z,2023-12-19T09:29:16.000000Z
5202,167,אנלוגיות,חתמ - 29 - 83,סמ - 169 - 114,1,Numeric bullet single choice,פסיכומטרי,6,2023-12-19T09:31:20.000000Z,2023-12-19T09:31:20.000000Z
1317,168,השלמת משפטים מילולי,חתמ - 30 - דוגמה,סמ - 17 - 61,1,Numeric bullet single choice,פסיכומטרי,2,2023-10-05T11:14:00.000000Z,2023-12-10T13:12:13.000000Z
1318,168,השלמת משפטים מילולי,חתמ - 31 - 1,סמ - 17 - 62,1,Numeric bullet single choice,פסיכומטרי,3,2023-10-05T11:16:28.000000Z,2023-12-10T13:12:34.000000Z
1319,168,השלמת משפטים מילולי,חתמ - 31 - 2,סמ - 17 - 63,1,Numeric bullet single choice,פסיכומטרי,4,2023-10-05T11:18:45.000000Z,2023-12-10T13:13:32.000000Z
1320,168,השלמת משפטים מילולי,חתמ - 31 - 3,סמ - 17 - 65,1,Numeric bullet single choice,פסיכומטרי,6,2023-10-05T11:21:39.000000Z,2023-12-10T13:13:57.000000Z
1321,168,השלמת משפטים מילולי,חתמ - 33 - דוגמה,סמ - 18 - 68,1,Numeric bullet single choice,פסיכומטרי,5,2023-10-05T11:24:30.000000Z,2023-12-10T13:14:25.000000Z
1323,168,השלמת משפטים מילולי,חתמ - 34 - 4,סמ - 18 - 69,1,Numeric bullet single choice,פסיכומטרי,5,2023-10-05T11:41:56.000000Z,2023-12-06T14:24:21.000000Z
1324,168,השלמת משפטים מילולי,חתמ - 34 - 5,סמ - 18 - 70,1,Numeric bullet single choice,פסיכומטרי,8,2023-10-05T11:53:48.000000Z,2023-12-10T13:15:28.000000Z
1325,168,השלמת משפטים מילולי,חתמ - 35 - 1,סמ - 18 - 71,1,Numeric bullet single choice,פסיכומטרי,3,2023-10-05T11:57:31.000000Z,2023-12-10T13:15:56.000000Z
1326,168,השלמת משפטים מילולי,חתמ - 35 - 2,סמ - 18 - 72,1,Numeric bullet single choice,פסיכומטרי,2,2023-10-05T11:59:03.000000Z,2023-12-10T13:16:26.000000Z
1327,168,השלמת משפטים מילולי,חתמ - 35 - 3,סמ - 19 - 73,1,Numeric bullet single choice,פסיכומטרי,5,2023-10-05T12:00:57.000000Z,2023-12-10T13:16:51.000000Z
1328,168,השלמת משפטים מילולי,חתמ - 36 - 3,סמ - 19 - 74,1,Numeric bullet single choice,פסיכומטרי,3,2023-10-05T12:04:24.000000Z,2023-12-10T13:18:16.000000Z
1329,168,השלמת משפטים מילולי,חתמ - 36 - 5,סמ - 19 - 75,1,Numeric bullet single choice,פסיכומטרי,2,2023-10-05T12:08:35.000000Z,2023-12-10T13:18:44.000000Z
1330,168,השלמת משפטים מילולי,חתמ - 36 - 6,סמ - 19 - 77,1,Numeric bullet single choice,פסיכומטרי,6,2023-10-05T12:12:05.000000Z,2023-12-10T13:19:23.000000Z
1426,168,השלמת משפטים מילולי,חתמ - 38 - 10,סמ - 19 - 78,1,Numeric bullet single choice,פסיכומטרי,5,2023-10-16T09:43:13.000000Z,2023-12-10T13:21:30.000000Z
1427,168,השלמת משפטים מילולי,חתמ - 38 - 11,סמ - 20 - 81,1,Numeric bullet single choice,פסיכומטרי,6,2023-10-16T09:48:58.000000Z,2023-12-07T08:17:17.000000Z
1428,168,השלמת משפטים מילולי,חתמ - 38 - 12,סמ - 20 - 82,1,Numeric bullet single choice,פסיכומטרי,3,2023-10-16T09:50:53.000000Z,2023-12-10T13:22:18.000000Z
1429,168,השלמת משפטים מילולי,חתמ - 39 - 13,סמ - 20 - 83,1,Numeric bullet single choice,פסיכומטרי,7,2023-10-16T09:55:16.000000Z,2023-12-10T13:22:42.000000Z
1431,168,השלמת משפטים מילולי,חתמ - 39 - 15,סמ - 20 - 84,1,Numeric bullet single choice,פסיכומטרי,5,2023-10-16T09:59:21.000000Z,2023-12-10T13:23:43.000000Z
1432,168,השלמת משפטים מילולי,חתמ - 40 - 16,סמ - 21 - 85,1,Numeric bullet single choice,פסיכומטרי,5,2023-10-16T10:02:27.000000Z,2023-12-10T13:24:30.000000Z
1434,168,השלמת משפטים מילולי,חתמ - 40 - 18,סמ - 21 - 86,1,Numeric bullet single choice,פסיכומטרי,5,2023-10-16T10:13:07.000000Z,2023-12-07T09:46:17.000000Z
1435,168,השלמת משפטים מילולי,חתמ - 41 - 19,סמ - 21 - 87,1,Numeric bullet single choice,פסיכומטרי,9,2023-10-17T03:59:07.000000Z,2023-12-10T13:25:32.000000Z
1436,168,השלמת משפטים מילולי,חתמ - 41 - 20,סמ - 21 - 88,1,Numeric bullet single choice,פסיכומטרי,5,2023-10-17T04:05:50.000000Z,2023-12-10T13:25:57.000000Z
1437,168,השלמת משפטים מילולי,חתמ - 41 - 21,סמ - 21 - 89,1,Numeric bullet single choice,פסיכומטרי,10,2023-10-17T04:11:01.000000Z,2023-12-10T13:26:27.000000Z
1438,168,השלמת משפטים מילולי,חתמ - 42 - 22,סמ - 21 - 90,1,Numeric bullet single choice,פסיכומטרי,6,2023-10-17T04:14:50.000000Z,2023-12-10T13:26:51.000000Z
1440,168,השלמת משפטים מילולי,חתמ - 42 - 24,סמ - 22 - 93,1,Numeric bullet single choice,פסיכומטרי,8,2023-10-24T06:34:37.000000Z,2023-10-24T06:44:54.000000Z
1441,168,השלמת משפטים מילולי,חתמ - 43 - 25,סמ - 22 - 94,1,Numeric bullet single choice,פסיכומטרי,6,2023-10-24T06:43:46.000000Z,2023-12-10T13:28:38.000000Z
1443,168,השלמת משפטים מילולי,חתמ - 43 - 27,סמ - 22 - 95,1,Numeric bullet single choice,פסיכומטרי,8,2023-10-24T06:55:26.000000Z,2023-10-24T06:55:26.000000Z
1445,168,השלמת משפטים מילולי,חתמ - 44 - 29,סמ - 22 - 96,1,Numeric bullet single choice,פסיכומטרי,7,2023-10-24T07:06:14.000000Z,2023-12-10T13:30:43.000000Z
1446,168,השלמת משפטים מילולי,חתמ - 44 - 30,סמ - 23 - 100,1,Numeric bullet single choice,פסיכומטרי,8,2023-10-24T07:11:15.000000Z,2023-12-10T10:22:33.000000Z
1447,168,השלמת משפטים מילולי,חתמ - 45 - 31,סמ - 23 - 101,1,Numeric bullet single choice,פסיכומטרי,6,2023-10-24T07:24:27.000000Z,2023-12-10T10:34:22.000000Z
1448,168,השלמת משפטים מילולי,חתמ - 45 - 32,סמ - 23 - 102,1,Numeric bullet single choice,פסיכומטרי,8,2023-10-24T07:32:44.000000Z,2023-12-10T10:49:52.000000Z
1449,168,השלמת משפטים מילולי,חתמ - 45 - 33,סמ - 23 - 97,1,Numeric bullet single choice,פסיכומטרי,6,2023-10-24T07:54:10.000000Z,2023-10-24T07:54:10.000000Z
1450,168,השלמת משפטים מילולי,חתמ - 46 - 34,סמ - 23 - 98,1,Numeric bullet single choice,פסיכומטרי,4,2023-10-24T08:08:07.000000Z,2023-12-10T10:58:27.000000Z
1454,168,השלמת משפטים מילולי,חתמ - 46 - 35,סמ - 24 - 103,1,Numeric bullet single choice,פסיכומטרי,4,2023-10-26T07:39:12.000000Z,2023-12-10T11:02:57.000000Z
1458,168,השלמת משפטים מילולי,חתמ - 47 - 37,סמ - 24 - 104,1,Numeric bullet single choice,פסיכומטרי,4,2023-10-26T07:50:01.000000Z,2023-12-10T11:11:26.000000Z
1459,168,השלמת משפטים מילולי,חתמ - 47 - 38,סמ - 24 - 106,1,Numeric bullet single choice,פסיכומטרי,5,2023-10-26T07:55:48.000000Z,2023-12-10T11:17:56.000000Z
1460,168,השלמת משפטים מילולי,חתמ - 47 - 39,סמ - 24 - 107,1,Numeric bullet single choice,פסיכומטרי,10,2023-10-26T08:07:05.000000Z,2023-10-26T08:07:05.000000Z
1462,168,השלמת משפטים מילולי,חתמ - 48 - 40,סמ - 24 - 108,1,Numeric bullet single choice,פסיכומטרי,8,2023-10-26T08:14:59.000000Z,2023-12-10T11:35:05.000000Z
1465,168,השלמת משפטים מילולי,חתמ - 48 - 42,סמ - 25 - 109,1,Numeric bullet single choice,פסיכומטרי,9,2023-10-26T08:42:20.000000Z,2023-12-10T12:00:01.000000Z
1466,168,השלמת משפטים מילולי,חתמ - 49 - 43,סמ - 25 - 110,1,Numeric bullet single choice,פסיכומטרי,8,2023-10-26T08:45:59.000000Z,2023-10-26T08:45:59.000000Z
1468,168,השלמת משפטים מילולי,חתמ - 49 - 45,סמ - 25 - 112,1,Numeric bullet single choice,פסיכומטרי,6,2023-10-26T08:57:44.000000Z,2023-12-10T12:19:45.000000Z
5157,167,אנלוגיות,חתמ - 5 - דוגמה,סמ - 25 - 113,1,Numeric bullet single choice,פסיכומטרי,3,2023-12-19T08:10:45.000000Z,2023-12-19T08:10:45.000000Z
1470,168,השלמת משפטים מילולי,חתמ - 51 - 49,סמ - 26 - 116,1,Numeric bullet single choice,פסיכומטרי,8,2023-10-26T09:17:35.000000Z,2023-12-10T12:32:53.000000Z
1471,168,השלמת משפטים מילולי,חתמ - 51 - 50,סמ - 26 - 118,1,Numeric bullet single choice,פסיכומטרי,7,2023-10-26T09:26:47.000000Z,2023-12-10T12:45:51.000000Z
1472,168,השלמת משפטים מילולי,חתמ - 51 - 51,סמ - 26 - 120,1,Numeric bullet single choice,פסיכומטרי,4,2023-10-26T09:30:07.000000Z,2023-12-10T12:49:09.000000Z
1474,168,השלמת משפטים מילולי,חתמ - 52 - 53,סמ - 27 - 123,1,Numeric bullet single choice,פסיכומטרי,4,2023-10-27T05:19:32.000000Z,2023-12-12T07:00:48.000000Z
1475,168,השלמת משפטים מילולי,חתמ - 52 - 54,סמ - 27 - 124,1,Numeric bullet single choice,פסיכומטרי,10,2023-10-27T05:25:14.000000Z,2023-12-12T07:08:45.000000Z
1476,168,השלמת משפטים מילולי,חתמ - 53 - 55,סמ - 27 - 125,1,Numeric bullet single choice,פסיכומטרי,5,2023-10-27T05:28:58.000000Z,2023-12-12T07:25:10.000000Z
1477,168,השלמת משפטים מילולי,חתמ - 53 - 56,סמ - 27 - 126,1,Numeric bullet single choice,פסיכומטרי,10,2023-10-27T05:37:02.000000Z,2023-12-12T07:33:48.000000Z
1478,168,השלמת משפטים מילולי,חתמ - 53 - 57,סמ - 28 - 128,1,Numeric bullet single choice,פסיכומטרי,9,2023-10-27T05:42:13.000000Z,2023-12-12T07:37:03.000000Z
1479,168,השלמת משפטים מילולי,חתמ - 54 - 58,סמ - 28 - 129,1,Numeric bullet single choice,פסיכומטרי,8,2023-10-27T05:47:12.000000Z,2023-12-12T07:40:58.000000Z
5160,167,אנלוגיות,חתמ - 6 - 1,סמ - 28 - 130,1,Numeric bullet single choice,פסיכומטרי,2,2023-12-19T08:13:13.000000Z,2023-12-19T08:13:13.000000Z
5162,167,אנלוגיות,חתמ - 6 - 2,סמ - 28 - 131,1,Numeric bullet single choice,פסיכומטרי,6,2023-12-19T08:14:29.000000Z,2023-12-19T08:14:29.000000Z
5168,167,אנלוגיות,חתמ - 7 - 4,סמ - 28 - 132,1,Numeric bullet single choice,פסיכומטרי,4,2023-12-19T08:19:10.000000Z,2023-12-19T08:19:10.000000Z
5167,167,אנלוגיות,חתמ - 7 - דוגמה,סמ - 29 - 134,1,Numeric bullet single choice,פסיכומטרי,4,2023-12-19T08:17:59.000000Z,2023-12-19T08:17:59.000000Z
5170,167,אנלוגיות,חתמ - 8 - 5,סמ - 29 - 136,1,Numeric bullet single choice,פסיכומטרי,4,2023-12-19T08:20:41.000000Z,2023-12-19T08:20:41.000000Z
5205,167,אנלוגיות,חתמ - 80 - 1,סמ - 30 - 141,1,Numeric bullet single choice,פסיכומטרי,1,2023-12-19T09:35:51.000000Z,2023-12-19T09:35:51.000000Z
5206,167,אנלוגיות,חתמ - 80 - 2,סמ - 30 - 142,1,Numeric bullet single choice,פסיכומטרי,3,2023-12-19T09:36:57.000000Z,2023-12-19T09:36:57.000000Z
5207,167,אנלוגיות,חתמ - 80 - 3,סמ - 30 - 143,1,Numeric bullet single choice,פסיכומטרי,6,2023-12-19T09:38:39.000000Z,2023-12-19T09:38:39.000000Z
5209,167,אנלוגיות,חתמ - 80 - 4,סמ - 30 - 144,1,Numeric bullet single choice,פסיכומטרי,6,2023-12-19T09:41:09.000000Z,2023-12-19T09:41:09.000000Z
5210,167,אנלוגיות,חתמ - 80 - 5,סמ - 31 - 145,1,Numeric bullet single choice,פסיכומטרי,8,2023-12-19T09:42:27.000000Z,2023-12-19T09:42:27.000000Z
5211,167,אנלוגיות,חתמ - 81 - 6,סמ - 31 - 146,1,Numeric bullet single choice,פסיכומטרי,9,2023-12-19T09:44:19.000000Z,2023-12-19T09:44:19.000000Z
5174,167,אנלוגיות,חתמ - 9 - דוגמה,סמ - 31 - 147,1,Numeric bullet single choice,פסיכומטרי,4,2023-12-19T08:23:20.000000Z,2023-12-19T08:23:20.000000Z
7031,92,אחוזים,מה - 28 - 15,סמ - 31 - 148,1,Numeric bullet single choice,פסיכומטרי,1,2024-01-02T09:15:02.000000Z,2024-02-26T07:47:15.000000Z
7039,92,אחוזים,מה - 35 - 29,סמ - 31 - 149,1,Numeric bullet single choice,פסיכומטרי,1,2024-01-02T09:46:43.000000Z,2024-02-26T07:49:59.000000Z
7040,92,אחוזים,מה - 35 - 30,סמ - 32 - 151,1,Numeric bullet single choice,פסיכומטרי,1,2024-01-02T09:49:01.000000Z,2024-02-26T07:50:20.000000Z
7054,92,אחוזים,מה - 38 - 40,סמ - 32 - 154,1,Numeric bullet single choice,פסיכומטרי,1,2024-01-02T14:03:48.000000Z,2024-01-02T14:15:27.000000Z
7055,92,אחוזים,מה - 38 - 41,סמ - 32 - 155,1,Numeric bullet single choice,פסיכומטרי,1,2024-01-02T14:08:37.000000Z,2024-01-02T14:08:37.000000Z
7056,92,אחוזים,מה - 38 - 42,סמ - 33 - 157,1,Numeric bullet single choice,פסיכומטרי,1,2024-01-02T14:15:18.000000Z,2024-02-26T07:38:22.000000Z
7057,92,אחוזים,מה - 38 - 43,סמ - 33 - 158,1,Numeric bullet single choice,פסיכומטרי,1,2024-01-02T14:19:24.000000Z,2024-01-02T14:19:24.000000Z
7058,92,אחוזים,מה - 38 - 44,סמ - 33 - 159,1,Numeric bullet single choice,פסיכומטרי,1,2024-01-02T14:22:33.000000Z,2024-01-02T14:22:33.000000Z
7351,94,תנועה,מה - 45 - 6,סמ - 35 - 2,1,Numeric bullet single choice,פסיכומטרי,1.5,2024-01-14T10:52:38.000000Z,2024-01-14T10:52:38.000000Z
7353,94,תנועה,מה - 45 - 8,סמ - 36 - 6,1,Numeric bullet single choice,פסיכומטרי,2,2024-01-14T10:59:10.000000Z,2024-02-07T08:32:50.000000Z
7354,94,תנועה,מה - 46 - 1,סמ - 37 - 7,1,Numeric bullet single choice,פסיכומטרי,1,2024-01-14T11:05:44.000000Z,2024-01-14T11:05:44.000000Z
7356,94,תנועה,מה - 46 - 3,סמ - 37 - 9,1,Numeric bullet single choice,פסיכומטרי,1,2024-01-14T11:09:35.000000Z,2024-02-07T08:35:29.000000Z
7357,94,תנועה,מה - 46 - 4,סמ - 38 - 11,1,Numeric bullet single choice,פסיכומטרי,1,2024-01-14T11:12:44.000000Z,2024-03-07T12:45:36.000000Z
7358,94,תנועה,מה - 46 - 5,סמ - 38 - 12,1,Numeric bullet single choice,פסיכומטרי,1,2024-01-14T11:15:03.000000Z,2024-01-14T11:15:03.000000Z
7364,94,תנועה,מה - 51 - 18,סמ - 39 - 14,1,Numeric bullet single choice,פסיכומטרי,2,2024-01-15T06:36:46.000000Z,2024-02-07T08:37:29.000000Z
7365,94,תנועה,מה - 51 - 19,סמ - 40 - 17,1,Numeric bullet single choice,פסיכומטרי,1,2024-01-15T06:50:36.000000Z,2024-01-15T06:50:36.000000Z
7366,94,תנועה,מה - 51 - 20,סמ - 40 - 18,1,Numeric bullet single choice,פסיכומטרי,2,2024-01-15T06:53:35.000000Z,2024-02-07T08:38:57.000000Z
7367,94,תנועה,מה - 51 - 21,סמ - 41 - 19,1,Numeric bullet single choice,פסיכומטרי,1,2024-01-15T06:57:58.000000Z,2024-01-15T06:57:58.000000Z
7368,94,תנועה,מה - 51 - 22,סמ - 41 - 21,1,Numeric bullet single choice,פסיכומטרי,1,2024-01-15T07:00:55.000000Z,2024-01-15T07:00:55.000000Z
7369,94,תנועה,מה - 51 - 23,סמ - 42 - 22,1,Numeric bullet single choice,פסיכומטרי,2,2024-01-15T07:04:05.000000Z,2024-02-07T08:42:32.000000Z
7370,94,תנועה,מה - 52 - 24,סמ - 42 - 23,1,Numeric bullet single choice,פסיכומטרי,1,2024-01-15T07:07:45.000000Z,2024-01-15T07:07:45.000000Z
7371,94,תנועה,מה - 52 - 25,סמ - 42 - 24,1,Numeric bullet single choice,פסיכומטרי,2,2024-01-15T07:10:40.000000Z,2024-02-07T08:44:40.000000Z
7372,94,תנועה,מה - 52 - 26,סמ - 43 - 25,1,Numeric bullet single choice,פסיכומטרי,1,2024-01-15T07:14:20.000000Z,2024-01-15T07:14:20.000000Z
7373,94,תנועה,מה - 52 - 27,סמ - 43 - 26,1,Numeric bullet single choice,פסיכומטרי,1,2024-01-15T07:18:13.000000Z,2024-02-07T08:47:54.000000Z
7374,94,תנועה,מה - 52 - 28,סמ - 44 - 28,1,Numeric bullet single choice,פסיכומטרי,4.5,2024-01-15T07:25:21.000000Z,2024-02-07T08:50:35.000000Z
7686,95,הספק,מה - 58 - 11,סמ - 45 - 32,1,Numeric bullet single choice,פסיכומטרי,2,2024-01-22T14:15:04.000000Z,2024-02-22T13:01:24.000000Z
7687,95,הספק,מה - 58 - 12,סמ - 45 - 33,1,Numeric bullet single choice,פסיכומטרי,1,2024-01-22T14:17:34.000000Z,2024-03-19T13:29:37.000000Z
7718,95,הספק,מה - 59 - 3,סמ - 46 - 34,1,Numeric bullet single choice,פסיכומטרי,1,2024-01-25T07:13:36.000000Z,2024-01-25T07:14:17.000000Z
7719,95,הספק,מה - 59 - 4,סמ - 46 - 36,1,Numeric bullet single choice,פסיכומטרי,1,2024-01-25T07:16:53.000000Z,2024-01-25T07:16:53.000000Z
7721,95,הספק,מה - 59 - 5,סמ - 47 - 38,1,Numeric bullet single choice,פסיכומטרי,1,2024-01-25T07:19:34.000000Z,2024-01-25T07:19:34.000000Z
7660,91,יחס,מה - 6 - 4,סמ - 47 - 39,1,Numeric bullet single choice,פסיכומטרי,1,2024-01-21T16:36:38.000000Z,2024-01-21T16:36:38.000000Z
7662,91,יחס,מה - 6 - 6,סמ - 48 - 41,1,Numeric bullet single choice,פסיכומטרי,1,2024-01-21T16:41:21.000000Z,2024-02-19T16:30:45.000000Z
7730,95,הספק,מה - 61 - 14,סמ - 48 - 42,1,Numeric bullet single choice,פסיכומטרי,1,2024-01-25T08:11:01.000000Z,2024-01-25T08:11:26.000000Z
7731,95,הספק,מה - 61 - 15,סמ - 49 - 43,1,Numeric bullet single choice,פסיכומטרי,1,2024-01-25T08:14:16.000000Z,2024-01-25T08:14:16.000000Z
7733,95,הספק,מה - 61 - 16,סמ - 49 - 44,1,Numeric bullet single choice,פסיכומטרי,1,2024-01-25T08:17:11.000000Z,2024-01-25T08:17:11.000000Z
7734,95,הספק,מה - 61 - 17,סמ - 49 - 45,1,Numeric bullet single choice,פסיכומטרי,1,2024-01-25T08:19:17.000000Z,2024-01-25T08:19:17.000000Z
7735,95,הספק,מה - 61 - 18,סמ - 50 - 46,1,Numeric bullet single choice,פסיכומטרי,1,2024-01-25T08:20:48.000000Z,2024-01-25T08:20:48.000000Z
7736,95,הספק,מה - 62 - 19,סמ - 50 - 48,1,Numeric bullet single choice,פסיכומטרי,1,2024-01-25T13:36:18.000000Z,2024-01-25T13:36:18.000000Z
7737,95,הספק,מה - 62 - 20,סמ - 51 - 49,1,Numeric bullet single choice,פסיכומטרי,1,2024-01-25T13:38:49.000000Z,2024-01-25T13:38:49.000000Z
7738,95,הספק,מה - 63 - 21,סמ - 51 - 50,1,Numeric bullet single choice,פסיכומטרי,1,2024-01-25T13:40:20.000000Z,2024-01-25T13:40:20.000000Z
7739,95,הספק,מה - 63 - 22,סמ - 51 - 51,1,Numeric bullet single choice,פסיכומטרי,1,2024-01-25T13:43:31.000000Z,2024-01-25T13:43:31.000000Z
7740,95,הספק,מה - 63 - 23,סמ - 52 - 52,1,Numeric bullet single choice,פסיכומטרי,2,2024-01-25T13:47:34.000000Z,2024-02-22T13:19:52.000000Z
7741,95,הספק,מה - 63 - 24,סמ - 52 - 53,1,Numeric bullet single choice,פסיכומטרי,2,2024-01-25T13:50:28.000000Z,2024-02-22T13:20:33.000000Z
7742,95,הספק,מה - 63 - 25,סמ - 52 - 54,1,Numeric bullet single choice,פסיכומטרי,2,2024-01-25T13:55:07.000000Z,2024-02-22T13:21:14.000000Z
7743,95,הספק,מה - 63 - 26,סמ - 53 - 55,1,Numeric bullet single choice,פסיכומטרי,2,2024-01-25T13:56:52.000000Z,2024-02-22T13:22:01.000000Z
7760,95,הספק,מה - 65 - 28,סמ - 53 - 56,1,Numeric bullet single choice,פסיכומטרי,1,2024-01-29T18:04:02.000000Z,2024-01-29T18:04:02.000000Z
7765,95,הספק,מה - 66 - 33,סמ - 53 - 57,1,Numeric bullet single choice,פסיכומטרי,1,2024-01-29T18:27:36.000000Z,2024-01-29T18:27:36.000000Z
7768,95,הספק,מה - 66 - 36,סמ - 54 - 58,1,Numeric bullet single choice,פסיכומטרי,1,2024-01-29T18:36:38.000000Z,2024-01-29T18:37:27.000000Z
7770,95,הספק,מה - 66 - 38,סמ - 54 - 59,1,Numeric bullet single choice,פסיכומטרי,1,2024-01-29T18:42:20.000000Z,2024-01-29T18:42:20.000000Z
7723,95,הספק,מה - 67 - 1,סמ - 55 - 61,1,Numeric bullet single choice,פסיכומטרי,1,2024-01-25T07:44:06.000000Z,2024-01-25T07:44:06.000000Z
7724,95,הספק,מה - 67 - 3,סמ - 55 - 62,1,Numeric bullet single choice,פסיכומטרי,1,2024-01-25T07:46:17.000000Z,2024-01-25T07:46:17.000000Z
7725,95,הספק,מה - 67 - 4,סמ - 56 - 64,1,Numeric bullet single choice,פסיכומטרי,1,2024-01-25T07:52:03.000000Z,2024-01-25T07:52:03.000000Z
7726,95,הספק,מה - 67 - 5,סמ - 56 - 65,1,Numeric bullet single choice,פסיכומטרי,2,2024-01-25T07:54:54.000000Z,2024-02-22T13:07:42.000000Z
7727,95,הספק,מה - 68 - 6,סמ - 56 - 66,1,Numeric bullet single choice,פסיכומטרי,2.5,2024-01-25T08:00:18.000000Z,2024-02-22T13:08:37.000000Z
7728,95,הספק,מה - 68 - 7,סמ - 57 - 67,1,Numeric bullet single choice,פסיכומטרי,2.5,2024-01-25T08:04:13.000000Z,2024-02-22T13:09:55.000000Z
7729,95,הספק,מה - 68 - 8,סמ - 57 - 69,1,Numeric bullet single choice,פסיכומטרי,2.5,2024-01-25T08:07:52.000000Z,2024-02-22T13:13:47.000000Z
7336,93,ממוצע,מה - 73 - 14,סמ - 58 - 70,1,Numeric bullet single choice,פסיכומטרי,2,2024-01-14T10:13:34.000000Z,2024-03-07T13:28:13.000000Z
7339,93,ממוצע,מה - 74 - 1,סמ - 58 - 71,1,Numeric bullet single choice,פסיכומטרי,2,2024-01-14T10:20:23.000000Z,2024-02-20T11:49:49.000000Z
7340,93,ממוצע,מה - 74 - 2,סמ - 58 - 72,1,Numeric bullet single choice,פסיכומטרי,1,2024-01-14T10:23:50.000000Z,2024-02-20T11:51:15.000000Z
7342,93,ממוצע,מה - 74 - 3,סמ - 59 - 73,1,Numeric bullet single choice,פסיכומטרי,2,2024-01-14T10:26:23.000000Z,2024-02-20T11:52:16.000000Z
7343,93,ממוצע,מה - 74 - 4,סמ - 59 - 75,1,Numeric bullet single choice,פסיכומטרי,2,2024-01-14T10:29:21.000000Z,2024-02-20T11:54:57.000000Z
7344,93,ממוצע,מה - 74 - 5,סמ - 60 - 76,1,Numeric bullet single choice,פסיכומטרי,2,2024-01-14T10:32:03.000000Z,2024-02-20T11:54:35.000000Z
7670,91,יחס,מה - 9 - 14,סמ - 60 - 77,1,Numeric bullet single choice,פסיכומטרי,1,2024-01-21T17:56:16.000000Z,2024-01-21T17:56:16.000000Z
7671,91,יחס,מה - 9 - 15,סמ - 60 - 78,1,Numeric bullet single choice,פסיכומטרי,1,2024-01-21T17:59:44.000000Z,2024-01-21T18:00:05.000000Z
7673,91,יחס,מה - 9 - 17,סמ - 61 - 79,1,Numeric bullet single choice,פסיכומטרי,1,2024-01-21T18:06:22.000000Z,2024-02-21T09:32:56.000000Z
7674,91,יחס,מה - 9 - 18,סמ - 61 - 81,1,Numeric bullet single choice,פסיכומטרי,2,2024-01-21T18:09:09.000000Z,2024-02-21T09:33:56.000000Z
7127,68,ביטויים,מח - 11 - 2,סמ - 62 - 82,1,Numeric bullet single choice,פסיכומטרי,1,2024-01-07T09:05:56.000000Z,2024-01-07T09:05:56.000000Z
7129,68,ביטויים,מח - 11 - 4,סמ - 62 - 83,1,Numeric bullet single choice,פסיכומטרי,1,2024-01-07T09:11:07.000000Z,2024-01-07T09:11:07.000000Z
7131,68,ביטויים,מח - 11 - 6,סמ - 62 - 84,1,Numeric bullet single choice,פסיכומטרי,1,2024-01-07T09:16:25.000000Z,2024-01-07T09:16:25.000000Z
7133,68,ביטויים,מח - 11 - 8,סמ - 63 - 85,1,Numeric bullet single choice,פסיכומטרי,1,2024-01-07T09:23:47.000000Z,2024-02-23T12:51:22.000000Z
7134,68,ביטויים,מח - 11 - 9,סמ - 63 - 86,1,Numeric bullet single choice,פסיכומטרי,1,2024-01-07T09:27:02.000000Z,2024-02-23T12:53:46.000000Z
7191,68,ביטויים,מח - 12 - 1,סמ - 64 - 89,1,Numeric bullet single choice,פסיכומטרי,1,2024-01-10T15:08:17.000000Z,2024-01-10T15:17:36.000000Z
7196,68,ביטויים,מח - 12 - 5,סמ - 64 - 90,1,Numeric bullet single choice,פסיכומטרי,1,2024-01-10T15:19:39.000000Z,2024-02-23T12:58:04.000000Z
7198,68,ביטויים,מח - 12 - 7,סמ - 67 - 1,1,Numeric bullet single choice,פסיכומטרי,1,2024-01-10T15:24:25.000000Z,2024-01-10T15:24:25.000000Z
7201,68,ביטויים,מח - 12 - 9,סמ - 67 - 2,1,Numeric bullet single choice,פסיכומטרי,1,2024-01-10T15:29:20.000000Z,2024-02-23T13:05:25.000000Z
7218,68,ביטויים,מח - 15 - 11,סמ - 68 - 5,1,Numeric bullet single choice,פסיכומטרי,1,2024-01-10T16:30:14.000000Z,2024-01-10T16:30:14.000000Z
7219,68,ביטויים,מח - 15 - 12,סמ - 69 - 7,1,Numeric bullet single choice,פסיכומטרי,1,2024-01-10T16:33:03.000000Z,2024-02-23T13:16:47.000000Z
7221,68,ביטויים,מח - 15 - 14,סמ - 7 - 1,1,Numeric bullet single choice,פסיכומטרי,1,2024-01-10T16:39:15.000000Z,2024-01-10T16:39:15.000000Z
7209,68,ביטויים,מח - 15 - 2,סמ - 7 - 4,1,Numeric bullet single choice,פסיכומטרי,1,2024-01-10T16:10:59.000000Z,2024-01-10T16:10:59.000000Z
7211,68,ביטויים,מח - 15 - 4,סמ - 70 - 10,1,Numeric bullet single choice,פסיכומטרי,1,2024-01-10T16:15:01.000000Z,2024-02-23T13:10:20.000000Z
7214,68,ביטויים,מח - 15 - 7,סמ - 70 - 11,1,Numeric bullet single choice,פסיכומטרי,1,2024-01-10T16:21:04.000000Z,2024-01-10T16:21:04.000000Z
7217,68,ביטויים,מח - 15 - 9,סמ - 72 - 14,1,Numeric bullet single choice,פסיכומטרי,1,2024-01-10T16:26:05.000000Z,2024-01-10T16:26:05.000000Z
7222,68,ביטויים,מח - 16 - 15,סמ - 72 - 15,1,Numeric bullet single choice,פסיכומטרי,1,2024-01-10T16:42:04.000000Z,2024-02-23T13:18:24.000000Z
7223,68,ביטויים,מח - 16 - 16,סמ - 72 - 16,1,Numeric bullet single choice,פסיכומטרי,1,2024-01-10T16:46:02.000000Z,2024-01-10T16:46:02.000000Z
7225,68,ביטויים,מח - 16 - 19,סמ - 73 - 17,1,Numeric bullet single choice,פסיכומטרי,1,2024-01-10T16:50:17.000000Z,2024-01-10T16:50:17.000000Z
7226,68,ביטויים,מח - 16 - 20,סמ - 73 - 18,1,Numeric bullet single choice,פסיכומטרי,1,2024-01-10T16:53:18.000000Z,2024-01-10T16:53:18.000000Z
7228,68,ביטויים,מח - 16 - 22,סמ - 73 - 19,1,Numeric bullet single choice,פסיכומטרי,1,2024-01-10T16:59:18.000000Z,2024-01-10T16:59:18.000000Z
7229,68,ביטויים,מח - 16 - 23,סמ - 74 - 20,1,Numeric bullet single choice,פסיכומטרי,1,2024-01-10T17:10:26.000000Z,2024-02-23T13:25:03.000000Z
7230,68,ביטויים,מח - 16 - 24,סמ - 74 - 21,1,Numeric bullet single choice,פסיכומטרי,1,2024-01-10T17:12:56.000000Z,2024-02-23T13:26:11.000000Z
7231,68,ביטויים,מח - 16 - 25,סמ - 74 - 22,1,Numeric bullet single choice,פסיכומטרי,1,2024-01-10T17:16:26.000000Z,2024-02-23T13:27:21.000000Z
7244,68,ביטויים,מח - 21 - 1,סמ - 75 - 23,1,Numeric bullet single choice,פסיכומטרי,1,2024-01-11T05:29:03.000000Z,2024-01-11T05:29:03.000000Z
7253,68,ביטויים,מח - 21 - 10,סמ - 75 - 25,1,Numeric bullet single choice,פסיכומטרי,1,2024-01-11T05:56:05.000000Z,2024-01-11T05:56:05.000000Z
7250,68,ביטויים,מח - 21 - 7,סמ - 76 - 26,1,Numeric bullet single choice,פסיכומטרי,1,2024-01-11T05:44:00.000000Z,2024-01-11T05:44:00.000000Z
7251,68,ביטויים,מח - 21 - 8,סמ - 76 - 27,1,Numeric bullet single choice,פסיכומטרי,1,2024-01-11T05:46:27.000000Z,2024-01-11T05:46:27.000000Z
7255,68,ביטויים,מח - 22 - 3,סמ - 77 - 29,1,Numeric bullet single choice,פסיכומטרי,1,2024-01-11T06:05:52.000000Z,2024-01-11T06:05:52.000000Z
7297,68,ביטויים,מח - 26 - 3,סמ - 77 - 30,1,Numeric bullet single choice,פסיכומטרי,1,2024-01-13T13:42:36.000000Z,2024-01-13T13:42:58.000000Z
7298,68,ביטויים,מח - 28 - 1,סמ - 77 - 31,1,Numeric bullet single choice,פסיכומטרי,1,2024-01-13T13:47:18.000000Z,2024-01-13T13:47:18.000000Z
7307,68,ביטויים,מח - 28 - 10,סמ - 78 - 32,1,Numeric bullet single choice,פסיכומטרי,1,2024-01-13T14:24:32.000000Z,2024-01-13T14:24:32.000000Z
7310,68,ביטויים,מח - 28 - 13,סמ - 78 - 33,1,Numeric bullet single choice,פסיכומטרי,1,2024-01-13T14:37:00.000000Z,2024-01-13T14:37:00.000000Z
7312,68,ביטויים,מח - 28 - 15,סמ - 78 - 34,1,Numeric bullet single choice,פסיכומטרי,1,2024-01-13T14:42:39.000000Z,2024-01-13T14:42:39.000000Z
7299,68,ביטויים,מח - 28 - 2,סמ - 79 - 35,1,Numeric bullet single choice,פסיכומטרי,1,2024-01-13T13:55:32.000000Z,2024-01-13T13:55:32.000000Z
7300,68,ביטויים,מח - 28 - 3,סמ - 79 - 36,1,Numeric bullet single choice,פסיכומטרי,1,2024-01-13T13:59:22.000000Z,2024-01-13T13:59:22.000000Z
7304,68,ביטויים,מח - 28 - 7,סמ - 8 - 10,1,Numeric bullet single choice,פסיכומטרי,1,2024-01-13T14:13:38.000000Z,2024-01-13T14:13:38.000000Z
7305,68,ביטויים,מח - 28 - 8,סמ - 8 - 9,1,Numeric bullet single choice,פסיכומטרי,1,2024-01-13T14:17:34.000000Z,2024-01-13T14:17:34.000000Z
7306,68,ביטויים,מח - 28 - 9,סמ - 80 - 37,1,Numeric bullet single choice,פסיכומטרי,1,2024-01-13T14:21:00.000000Z,2024-01-13T14:21:00.000000Z
6960,68,ביטויים,מח - 5 - 4,סמ - 80 - 38,1,Numeric bullet single choice,פסיכומטרי,1,2023-12-31T19:45:16.000000Z,2024-01-13T14:53:37.000000Z
6965,68,ביטויים,מח - 5 - 9,סמ - 80 - 39,1,Numeric bullet single choice,פסיכומטרי,1,2023-12-31T19:56:51.000000Z,2024-01-13T14:47:18.000000Z
6962,68,ביטויים,מח - 5 -6,סמ - 81 - 40,1,Numeric bullet single choice,פסיכומטרי,1,2023-12-31T19:49:27.000000Z,2024-01-13T14:51:01.000000Z
7067,68,ביטויים,מח - 7 - 10,סמ - 83 - 2,1,Numeric bullet single choice,פסיכומטרי,1,2024-01-03T13:31:56.000000Z,2024-01-14T12:46:51.000000Z
7063,68,ביטויים,מח - 7 - 6,סמ - 84 - 5,1,Numeric bullet single choice,פסיכומטרי,1,2024-01-03T13:15:22.000000Z,2024-01-14T12:58:04.000000Z
7064,68,ביטויים,מח - 7 - 7,סמ - 85 - 8,1,Numeric bullet single choice,פסיכומטרי,1,2024-01-03T13:17:12.000000Z,2024-01-14T12:49:57.000000Z
7125,68,ביטויים,מח - 9 - 10,סמ - 86 - 11,1,Numeric bullet single choice,פסיכומטרי,1,2024-01-07T08:59:05.000000Z,2024-01-13T15:15:26.000000Z
7069,68,ביטויים,מח - 9 - 3,סמ - 87 - 14,1,Numeric bullet single choice,פסיכומטרי,1,2024-01-03T13:35:38.000000Z,2024-01-13T15:01:12.000000Z
7124,68,ביטויים,מח - 9 - 9,סמ - 87 - 15,1,Numeric bullet single choice,פסיכומטרי,1,2024-01-07T08:56:46.000000Z,2024-01-13T15:11:42.000000Z
9036,168,השלמת משפטים מילולי,מס - 44 - 30,סמ - 87 - 16,1,Numeric bullet single choice,פסיכומטרי,3,2024-05-06T05:45:53.000000Z,2024-05-06T05:45:53.000000Z
8548,249,Restatements,סא - 103 - 1,סמ - 88 - 19,1,English layout,אמירנט,2,2024-04-24T04:58:38.000000Z,2024-06-30T07:39:45.000000Z
8549,249,Restatements,סא - 103 - 2,סמ - 89 - 22,1,English layout,אמירנט,3,2024-04-24T05:02:03.000000Z,2024-06-30T07:59:31.000000Z
8550,249,Restatements,סא - 103 - 3,סמ - 90 - 23,1,English layout,אמירנט,3,2024-04-24T05:06:21.000000Z,2024-12-03T05:11:24.000000Z
8551,249,Restatements,סא - 104 - 4,סמ - 90 - 25,1,English layout,אמירנט,3,2024-04-24T05:08:50.000000Z,2024-12-03T05:12:45.000000Z
8720,249,Restatements,סא - 108 - 21,סמ - 91 - 26,1,English layout,אמירנט,3,2024-04-27T07:21:44.000000Z,2024-07-01T05:28:12.000000Z
8721,249,Restatements,סא - 109 - 22,סמ - 91 - 27,1,English layout,אמירנט,5,2024-04-27T07:26:09.000000Z,2024-07-01T05:30:05.000000Z
8722,249,Restatements,סא - 109 - 23,סמ - 93 - 32,1,English layout,אמירנט,8,2024-04-27T07:34:11.000000Z,2024-12-10T06:39:11.000000Z
8723,249,Restatements,סא - 109 - 24,סמ - 93 - 33,1,English layout,אמירנט,9,2024-04-27T07:38:16.000000Z,2024-07-01T05:34:10.000000Z
8724,249,Restatements,סא - 110 - 25,סמ - 94 - 37,1,English layout,אמירנט,5,2024-04-27T07:54:01.000000Z,2024-07-01T05:55:12.000000Z
8725,249,Restatements,סא - 110 - 26,סמ - 95 - 38,1,English layout,אמירנט,5,2024-04-27T07:55:55.000000Z,2024-12-10T06:43:39.000000Z
8726,249,Restatements,סא - 110 - 27,סמ - 95 - 39,1,English layout,אמירנט,7,2024-04-27T08:00:19.000000Z,2024-07-01T05:58:35.000000Z
8727,249,Restatements,סא - 111 - 28,סמ - 95 - 40,1,English layout,אמירנט,8,2024-04-27T08:03:16.000000Z,2024-12-10T06:46:54.000000Z
8728,249,Restatements,סא - 111 - 29,סמ - 99 - 7,1,English layout,אמירנט,4,2024-04-27T08:06:01.000000Z,2024-07-02T01:34:29.000000Z
8729,249,Restatements,סא - 111 - 30,סמ - 99 - 9,1,English layout,אמירנט,4,2024-04-27T08:08:49.000000Z,2024-07-02T01:36:28.000000Z
8730,249,Restatements,סא - 112 - 31,צל - 06 - 03,1,English layout,אמירנט,6,2024-04-27T08:12:17.000000Z,2024-07-02T01:41:37.000000Z
8732,249,Restatements,סא - 112 - 32,צל - 06 - 04,1,English layout,אמירנט,9,2024-04-27T08:17:20.000000Z,2024-07-02T01:39:21.000000Z
8731,249,Restatements,סא - 112 - 33,צל - 09 - 09,1,English layout,אמירנט,8,2024-04-27T08:15:01.000000Z,2024-07-02T01:47:03.000000Z
8733,249,Restatements,סא - 113 - 34,צל - 09 - 11,1,English layout,אמירנט,7,2024-04-27T08:19:33.000000Z,2024-07-02T01:49:16.000000Z
8734,249,Restatements,סא - 113 - 35,צל - 10 - 13,1,English layout,אמירנט,5,2024-04-27T08:22:31.000000Z,2024-07-02T01:50:42.000000Z
8735,249,Restatements,סא - 113 - 36,צל - 10 - 14,1,English layout,אמירנט,10,2024-04-27T08:27:31.000000Z,2024-07-02T06:16:26.000000Z
8736,249,Restatements,סא - 114 - 37,צל - 10 - 15,1,English layout,אמירנט,4,2024-04-27T08:29:58.000000Z,2024-07-02T06:17:22.000000Z
8737,249,Restatements,סא - 114 - 38,צל - 11 - 17,1,English layout,אמירנט,5,2024-04-27T08:33:47.000000Z,2024-07-02T06:18:24.000000Z
8738,249,Restatements,סא - 114 - 39,צל - 12 - 01,1,English layout,אמירנט,4,2024-04-27T08:36:44.000000Z,2024-06-30T07:41:41.000000Z
8739,249,Restatements,סא - 115 - 40,צל - 12 - 02,1,English layout,אמירנט,7,2024-04-27T08:39:09.000000Z,2024-06-30T07:56:27.000000Z
7574,198,Sentence Completions,סא - 167 - 1,צל - 129 - 6,1,English layout,פסיכומטרי,2,2024-01-20T12:21:42.000000Z,2024-01-20T12:21:42.000000Z
8943,246,Sentence Completions,סא - 167 - 1,צל - 13 - 03,1,English layout,אמירנט,2,2024-04-30T10:58:14.000000Z,2024-04-30T10:58:14.000000Z
7575,198,Sentence Completions,סא - 167 - 2,צל - 13 - 04,1,English layout,פסיכומטרי,2,2024-01-20T12:27:25.000000Z,2024-01-20T12:27:25.000000Z
9039,246,Sentence Completions,סא - 167 - 2,צל - 13 - 05,1,English layout,אמירנט,2,2024-05-06T09:14:57.000000Z,2024-05-06T09:14:57.000000Z
7576,198,Sentence Completions,סא - 167 - 3,צל - 16 - 2,1,English layout,פסיכומטרי,4,2024-01-20T12:35:42.000000Z,2024-01-20T12:35:42.000000Z
9040,246,Sentence Completions,סא - 167 - 3,צל - 17 - 5,1,English layout,אמירנט,4,2024-05-06T09:16:42.000000Z,2024-05-06T09:16:42.000000Z
7577,198,Sentence Completions,סא - 167 - 4,צל - 18 - 6,1,English layout,פסיכומטרי,3,2024-01-20T12:44:17.000000Z,2024-01-20T12:44:17.000000Z
9042,246,Sentence Completions,סא - 167 - 4,צל - 19 - 08,1,English layout,אמירנט,3,2024-05-06T09:17:55.000000Z,2024-05-06T09:17:55.000000Z
7578,198,Sentence Completions,סא - 168 - 5,צל - 19 - 09,1,English layout,פסיכומטרי,3,2024-01-20T12:48:27.000000Z,2024-01-20T12:48:27.000000Z
9043,246,Sentence Completions,סא - 168 - 5,צל - 21 - 11,1,English layout,אמירנט,3,2024-05-06T09:18:49.000000Z,2024-05-06T09:18:49.000000Z
7579,198,Sentence Completions,סא - 168 - 6,צל - 22 - 12,1,English layout,פסיכומטרי,5,2024-01-20T12:55:07.000000Z,2024-01-20T12:55:07.000000Z
9044,246,Sentence Completions,סא - 168 - 6,צל - 23 - 16,1,English layout,אמירנט,5,2024-05-06T09:20:16.000000Z,2024-05-06T09:20:16.000000Z
7580,198,Sentence Completions,סא - 168 - 7,צל - 25 - 21,1,English layout,פסיכומטרי,4,2024-01-20T13:02:48.000000Z,2024-01-20T13:02:48.000000Z
9046,246,Sentence Completions,סא - 168 - 7,צל - 26 - 22,1,English layout,אמירנט,4,2024-05-06T09:21:58.000000Z,2024-05-06T09:21:58.000000Z
7581,198,Sentence Completions,סא - 168 - 8,צל - 26 - 23,1,English layout,פסיכומטרי,8,2024-01-20T13:10:46.000000Z,2024-05-06T09:23:38.000000Z
9048,246,Sentence Completions,סא - 168 - 8,צל - 26 - 24,1,English layout,אמירנט,8,2024-05-06T09:23:59.000000Z,2024-05-06T09:23:59.000000Z
8948,249,Restatements,סא - 168 - 9,צל - 26 - 25,1,English layout,אמירנט,6,2024-04-30T11:06:37.000000Z,2024-04-30T11:06:37.000000Z
7707,200,Restatements,סא - 169 - 10,צל - 27 - 01,1,English layout,פסיכומטרי,7,2024-01-24T08:29:22.000000Z,2024-01-24T08:29:22.000000Z
8947,249,Restatements,סא - 169 - 10,צל - 28 - 05,1,English layout,אמירנט,7,2024-04-30T11:05:13.000000Z,2024-04-30T11:05:13.000000Z
7708,200,Restatements,סא - 169 - 11,צל - 30 - 08,1,English layout,פסיכומטרי,7,2024-01-24T09:00:51.000000Z,2024-01-24T09:00:51.000000Z
8946,249,Restatements,סא - 169 - 11,צל - 30 - 09,1,English layout,אמירנט,7,2024-04-30T11:03:43.000000Z,2024-12-14T07:48:05.000000Z
7709,200,Restatements,סא - 169 - 12,צל - 30 - 10,1,English layout,פסיכומטרי,8,2024-01-24T10:14:44.000000Z,2024-01-24T10:14:44.000000Z
8944,249,Restatements,סא - 169 - 12,צל - 31 - 01,1,English layout,אמירנט,8,2024-04-30T10:59:57.000000Z,2024-04-30T10:59:57.000000Z
7590,198,Sentence Completions,סא - 175 - 1,צל - 31 - 02,1,English layout,פסיכומטרי,2,2024-01-20T14:14:52.000000Z,2024-01-20T14:14:52.000000Z
9050,246,Sentence Completions,סא - 175 - 1,צל - 32 - 03,1,English layout,אמירנט,2,2024-05-06T09:33:14.000000Z,2024-05-06T09:33:14.000000Z
7591,198,Sentence Completions,סא - 175 - 2,צל - 32 - 04,1,English layout,פסיכומטרי,8,2024-01-20T14:30:04.000000Z,2024-01-20T14:30:04.000000Z
9051,246,Sentence Completions,סא - 175 - 2,צל - 32 - 05,1,English layout,אמירנט,8,2024-05-06T09:35:15.000000Z,2024-05-06T09:35:15.000000Z
9052,246,Sentence Completions,סא - 175 - 3,צל - 61 - 16,1,English layout,אמירנט,6,2024-05-06T09:44:23.000000Z,2024-05-06T09:44:23.000000Z
9053,246,Sentence Completions,סא - 175 - 4,צל - 57 - 9,1,English layout,אמירנט,6,2024-05-06T09:45:10.000000Z,2024-05-06T09:45:10.000000Z
7594,198,Sentence Completions,סא - 176 - 5,צל - 62 - 19,1,English layout,פסיכומטרי,7,2024-01-20T15:27:24.000000Z,2024-01-20T15:27:24.000000Z
9054,246,Sentence Completions,סא - 176 - 5,צל - 35 - 11,1,English layout,אמירנט,7,2024-05-06T09:46:17.000000Z,2024-05-06T09:46:17.000000Z
7597,198,Sentence Completions,סא - 176 - 6,צל - 36 - 14,1,English layout,פסיכומטרי,9,2024-01-20T15:43:51.000000Z,2024-01-20T15:43:51.000000Z
9055,246,Sentence Completions,סא - 176 - 6,צל - 38 - 1,1,English layout,אמירנט,9,2024-05-06T09:54:10.000000Z,2024-05-06T09:54:10.000000Z
7600,198,Sentence Completions,סא - 176 - 7,צל - 39 - 5,1,English layout,פסיכומטרי,7,2024-01-20T15:51:10.000000Z,2024-01-20T15:51:10.000000Z
9056,246,Sentence Completions,סא - 176 - 7,1435,1,English layout,אמירנט,7,2024-05-06T09:55:21.000000Z,2024-05-06T09:55:21.000000Z
9057,246,Sentence Completions,סא - 176 - 8,סח  -  105  -  2,1,English layout,אמירנט,8,2024-05-06T09:57:02.000000Z,2024-05-06T09:57:02.000000Z
7710,200,Restatements,סא - 176 - 9,צל - 34 - 08,1,English layout,פסיכומטרי,3,2024-01-24T10:34:45.000000Z,2024-01-24T10:34:45.000000Z
8949,249,Restatements,סא - 176 - 9,צל - 34 - 09,1,English layout,אמירנט,3,2024-04-30T11:09:06.000000Z,2024-12-14T13:33:54.000000Z
7711,200,Restatements,סא - 177 - 10,צל - 56 - 6,1,English layout,פסיכומטרי,6,2024-01-24T11:26:32.000000Z,2024-01-24T11:26:32.000000Z
8950,249,Restatements,סא - 177 - 10,צל - 59 - 14,1,English layout,אמירנט,6,2024-04-30T11:10:29.000000Z,2024-12-14T15:54:23.000000Z
7712,200,Restatements,סא - 177 - 11,צל - 60 - 15,1,English layout,פסיכומטרי,9,2024-01-24T11:57:55.000000Z,2024-04-30T11:11:42.000000Z
8951,249,Restatements,סא - 177 - 11,צל - 64 - 24,1,English layout,אמירנט,9,2024-04-30T11:11:55.000000Z,2024-04-30T11:11:55.000000Z
7713,200,Restatements,סא - 177 - 12,צל - 64 - 25,1,English layout,פסיכומטרי,9,2024-01-24T12:30:09.000000Z,2024-01-24T12:30:09.000000Z
8952,249,Restatements,סא - 177 - 12,שאלה פתוחה בדיקה אונליין 1,1,English layout,אמירנט,9,2024-04-30T11:12:59.000000Z,2024-04-30T11:12:59.000000Z
7634,198,Sentence Completions,סא - 183 - 1,שאלה פתוחה בדיקה אונליין 2,1,English layout,פסיכומטרי,2,2024-01-21T08:52:05.000000Z,2024-01-21T08:52:05.000000Z
9058,246,Sentence Completions,סא - 183 - 1,שאלה פתוחה בדיקה אונליין 3,1,English layout,אמירנט,2,2024-05-06T10:10:12.000000Z,2024-05-06T10:10:12.000000Z
7635,198,Sentence Completions,סא - 183 - 2,תא - 100 - 1,1,English layout,פסיכומטרי,5,2024-01-21T08:57:00.000000Z,2024-01-21T08:57:00.000000Z
9059,246,Sentence Completions,סא - 183 - 2,תא - 100 - 2,1,English layout,אמירנט,5,2024-05-06T10:11:04.000000Z,2024-05-06T10:11:04.000000Z
7636,198,Sentence Completions,סא - 183 - 3,תא - 100 - 3,1,English layout,פסיכומטרי,4,2024-01-21T10:26:52.000000Z,2024-01-21T11:14:17.000000Z
9060,246,Sentence Completions,סא - 183 - 3,תא - 100 - 5,1,English layout,אמירנט,4,2024-05-06T10:11:54.000000Z,2024-05-06T10:11:54.000000Z
9061,246,Sentence Completions,סא - 183 - 4,תא - 100 - 6,1,English layout,אמירנט,5,2024-05-06T10:12:47.000000Z,2024-05-06T10:12:47.000000Z
7640,198,Sentence Completions,סא - 184 - 5,תא - 100 - 8,1,English layout,פסיכומטרי,8,2024-01-21T10:36:53.000000Z,2024-01-21T10:36:53.000000Z
9062,246,Sentence Completions,סא - 184 - 5,תא - 101 - 10,1,English layout,אמירנט,8,2024-05-06T10:17:04.000000Z,2024-05-06T10:17:04.000000Z
9063,246,Sentence Completions,סא - 184 - 6,תא - 101 - 11,1,English layout,אמירנט,5,2024-05-06T10:18:19.000000Z,2024-05-06T10:18:19.000000Z
7655,198,Sentence Completions,סא - 184 - 7,תא - 101 - 13,1,English layout,פסיכומטרי,8,2024-01-21T15:55:31.000000Z,2024-05-06T10:19:21.000000Z
9064,246,Sentence Completions,סא - 184 - 7,תא - 101 - 14,1,English layout,אמירנט,8,2024-05-06T10:19:33.000000Z,2024-05-06T10:19:33.000000Z
7656,198,Sentence Completions,סא - 184 - 8,תא - 101 - 15,1,English layout,פסיכומטרי,6,2024-01-21T16:08:06.000000Z,2024-01-21T16:08:06.000000Z
9065,246,Sentence Completions,סא - 184 - 8,תא - 101 - 9,1,English layout,אמירנט,6,2024-05-06T10:20:28.000000Z,2024-05-06T10:20:28.000000Z
7714,200,Restatements,סא - 184 - 9,תא - 102 - 16,1,English layout,פסיכומטרי,6,2024-01-24T15:30:27.000000Z,2024-01-24T15:30:27.000000Z
8953,249,Restatements,סא - 184 - 9,תא - 102 - 17,1,English layout,אמירנט,6,2024-04-30T11:14:29.000000Z,2024-04-30T11:14:29.000000Z
7715,200,Restatements,סא - 185 - 10,תא - 102 - 18,1,English layout,פסיכומטרי,8,2024-01-24T16:11:24.000000Z,2024-01-24T16:11:24.000000Z
8954,249,Restatements,סא - 185 - 10,תא - 102 - 19,1,English layout,אמירנט,8,2024-04-30T11:17:17.000000Z,2024-04-30T11:17:17.000000Z
10560,249,Restatements,סא - 185 - 11,תא - 102 - 20,1,English layout,אמירנט,7,2024-06-30T01:16:26.000000Z,2024-06-30T03:43:07.000000Z
10561,249,Restatements,סא - 185 - 12,תא - 102 - 21,1,English layout,אמירנט,8,2024-06-30T01:18:35.000000Z,2024-06-30T03:43:43.000000Z
7697,198,Sentence Completions,סא - 191 - 1,תא - 102 - 22,1,English layout,פסיכומטרי,4,2024-01-23T12:17:42.000000Z,2024-01-23T12:17:42.000000Z
9066,246,Sentence Completions,סא - 191 - 1,תא - 102 - 23,1,English layout,אמירנט,4,2024-05-06T10:35:45.000000Z,2024-05-06T10:35:45.000000Z
7698,198,Sentence Completions,סא - 191 - 2,תא - 103 - 24,1,English layout,פסיכומטרי,6,2024-01-23T12:30:38.000000Z,2024-01-23T12:30:38.000000Z
9067,246,Sentence Completions,סא - 191 - 2,תא - 103 - 25,1,English layout,אמירנט,6,2024-05-06T10:36:28.000000Z,2024-05-06T10:36:28.000000Z
7699,198,Sentence Completions,סא - 191 - 3,תא - 103 - 26,1,English layout,פסיכומטרי,5,2024-01-23T12:45:40.000000Z,2024-01-23T12:45:40.000000Z
9068,246,Sentence Completions,סא - 191 - 3,תא - 103 - 27,1,English layout,אמירנט,5,2024-05-06T10:37:16.000000Z,2024-05-06T10:37:16.000000Z
7700,198,Sentence Completions,סא - 191 - 4,תא - 103 - 28,1,English layout,פסיכומטרי,4,2024-01-23T12:54:30.000000Z,2024-01-23T12:54:30.000000Z
9069,246,Sentence Completions,סא - 191 - 4,תא - 103 - 29,1,English layout,אמירנט,4,2024-05-06T10:37:59.000000Z,2024-05-06T10:37:59.000000Z
7701,198,Sentence Completions,סא - 192 - 5,תא - 103 - 30,1,English layout,פסיכומטרי,6,2024-01-23T15:48:34.000000Z,2024-01-23T15:48:34.000000Z
9070,246,Sentence Completions,סא - 192 - 5,תא - 103 - 31,1,English layout,אמירנט,6,2024-05-06T10:38:39.000000Z,2024-05-06T10:38:39.000000Z
7702,198,Sentence Completions,סא - 192 - 6,תא - 104 - 32,1,English layout,פסיכומטרי,9,2024-01-23T15:59:20.000000Z,2024-01-23T15:59:20.000000Z
9071,246,Sentence Completions,סא - 192 - 6,תא - 104 - 33,1,English layout,אמירנט,9,2024-05-06T10:39:55.000000Z,2024-05-06T10:39:55.000000Z
7703,198,Sentence Completions,סא - 192 - 7,תא - 104 - 34,1,English layout,פסיכומטרי,7,2024-01-23T16:08:16.000000Z,2024-01-23T16:08:16.000000Z
9072,246,Sentence Completions,סא - 192 - 7,תא - 104 - 35,1,English layout,אמירנט,7,2024-05-06T10:40:48.000000Z,2024-05-06T10:40:48.000000Z
7704,198,Sentence Completions,סא - 192 - 8,תא - 104 - 36,1,English layout,פסיכומטרי,8,2024-01-23T16:15:07.000000Z,2024-01-23T16:15:07.000000Z
9073,246,Sentence Completions,סא - 192 - 8,תא - 104 - 37,1,English layout,אמירנט,8,2024-05-06T10:41:49.000000Z,2024-05-06T10:41:49.000000Z
10562,249,Restatements,סא - 192 - 9,תא - 104 - 38,1,English layout,אמירנט,5,2024-06-30T01:21:02.000000Z,2024-06-30T03:43:54.000000Z
7747,200,Restatements,סא - 193 - 10,תא - 104 - 39,1,English layout,פסיכומטרי,8,2024-01-28T08:48:20.000000Z,2024-01-28T08:48:20.000000Z
10563,249,Restatements,סא - 193 - 10,תא - 105 - 40,1,English layout,אמירנט,8,2024-06-30T01:29:29.000000Z,2024-12-24T09:32:27.000000Z
10564,249,Restatements,סא - 193 - 11,תא - 105 - 42,1,English layout,אמירנט,8,2024-06-30T01:30:49.000000Z,2024-06-30T03:44:25.000000Z
7749,200,Restatements,סא - 193 - 12,תא - 105 - 43,1,English layout,פסיכומטרי,8,2024-01-28T09:21:34.000000Z,2024-06-30T03:44:31.000000Z
10565,249,Restatements,סא - 193 - 12,תא - 105 - 44,1,English layout,אמירנט,8,2024-06-30T01:33:11.000000Z,2024-06-30T03:44:36.000000Z
9115,89,כלליות 1,סב - 15 - 16,תא - 105 - 46,1,Numeric bullet single choice,פסיכומטרי,6,2024-05-09T05:22:45.000000Z,2024-05-09T05:22:45.000000Z
9116,89,כלליות 1,סב - 16 - 17,תא - 106 - 47,1,Numeric bullet single choice,פסיכומטרי,8,2024-05-09T05:37:07.000000Z,2024-05-09T06:47:03.000000Z
9117,89,כלליות 1,סב - 16 - 18,תא - 106 - 48,1,Numeric bullet single choice,פסיכומטרי,4,2024-05-09T05:42:34.000000Z,2024-05-09T05:42:34.000000Z
9119,89,כלליות 1,סב - 17 - 20,תא - 106 - 49,1,Numeric bullet single choice,פסיכומטרי,3,2024-05-09T06:36:09.000000Z,2024-05-09T06:36:09.000000Z
9120,89,כלליות 1,סב - 17 - 21,תא - 106 - 50,1,Numeric bullet single choice,פסיכומטרי,5,2024-05-09T06:44:17.000000Z,2024-05-09T06:45:18.000000Z
9121,89,כלליות 1,סב - 17 - 22,תא - 106 - 51,1,Numeric bullet single choice,פסיכומטרי,6,2024-05-09T07:09:39.000000Z,2024-05-09T07:09:39.000000Z
9122,89,כלליות 1,סב - 18 - 23,תא - 106 - 52,1,Numeric bullet single choice,פסיכומטרי,4,2024-05-09T07:20:35.000000Z,2024-05-09T07:21:06.000000Z
9124,89,כלליות 1,סב - 18 - 25,תא - 107 - 54,1,Numeric bullet single choice,פסיכומטרי,5,2024-05-09T07:44:06.000000Z,2024-05-09T07:44:06.000000Z
9125,89,כלליות 1,סב - 19 - 26,תא - 107 - 55,1,Numeric bullet single choice,פסיכומטרי,6,2024-05-09T07:50:33.000000Z,2024-05-09T07:50:33.000000Z
9126,89,כלליות 1,סב - 19 - 27,תא - 107 - 56,1,Numeric bullet single choice,פסיכומטרי,6,2024-05-09T08:07:19.000000Z,2024-05-09T08:07:19.000000Z
9183,89,כלליות 1,סב - 19 - 28,תא - 107 - 57,1,Numeric bullet single choice,פסיכומטרי,8,2024-05-10T09:56:06.000000Z,2024-05-10T09:56:06.000000Z
9186,89,כלליות 1,סב - 20 - 29,תא - 107 - 58,1,Numeric bullet single choice,פסיכומטרי,7,2024-05-10T10:07:26.000000Z,2024-05-10T10:07:26.000000Z
9189,89,כלליות 1,סב - 20 - 30,תא - 107 - 59,1,Numeric bullet single choice,פסיכומטרי,3,2024-05-10T10:15:50.000000Z,2024-05-10T10:16:19.000000Z
9194,89,כלליות 1,סב - 20 - 32,תא - 107 - 60,1,Numeric bullet single choice,פסיכומטרי,5,2024-05-10T10:40:22.000000Z,2024-05-10T10:40:22.000000Z
9200,89,כלליות 1,סב - 21 - 33,תא - 108 - 61,1,Numeric bullet single choice,פסיכומטרי,4,2024-05-10T10:52:05.000000Z,2024-05-10T10:52:05.000000Z
9224,89,כלליות 1,סב - 21 - 34,תא - 108 - 62,1,Numeric bullet single choice,פסיכומטרי,2,2024-05-10T11:10:57.000000Z,2024-05-10T11:10:57.000000Z
9226,89,כלליות 1,סב - 22 - 35,תא - 108 - 63,1,Numeric bullet single choice,פסיכומטרי,4,2024-05-10T11:17:34.000000Z,2024-05-10T11:17:34.000000Z
9227,89,כלליות 1,סב - 22 - 36,תא - 108 - 64,1,Numeric bullet single choice,פסיכומטרי,5,2024-05-10T11:28:24.000000Z,2024-05-12T04:57:39.000000Z
9228,89,כלליות 1,סב - 22 - 37,תא - 108 - 65,1,Numeric bullet single choice,פסיכומטרי,5,2024-05-10T11:36:15.000000Z,2024-05-10T11:36:15.000000Z
9277,90,כלליות 2,סב - 28 - 8,תא - 108 - 66,1,Numeric bullet single choice,פסיכומטרי,2,2024-05-12T05:57:28.000000Z,2024-05-12T05:57:28.000000Z
9283,90,כלליות 2,סב - 30 - 14,תא - 108 - 67,1,Numeric bullet single choice,פסיכומטרי,4,2024-05-12T06:24:44.000000Z,2024-05-12T06:24:44.000000Z
9288,90,כלליות 2,סב - 32 - 19,תא - 108 - 68,1,Numeric bullet single choice,פסיכומטרי,8,2024-05-12T07:46:44.000000Z,2024-05-12T07:46:44.000000Z
9291,90,כלליות 2,סב - 33 - 22,תא - 109 - 69,1,Numeric bullet single choice,פסיכומטרי,2,2024-05-12T07:58:50.000000Z,2024-05-12T07:58:50.000000Z
8912,90,כלליות 2,סב - 36 - 31,תא - 109 - 70,1,Numeric bullet single choice,פסיכומטרי,7,2024-04-30T04:37:12.000000Z,2024-04-30T04:37:12.000000Z
8913,89,כלליות 1,סב - 36 - 32,תא - 109 - 72,1,Numeric bullet single choice,פסיכומטרי,6,2024-04-30T04:53:17.000000Z,2024-04-30T04:53:49.000000Z
8914,89,כלליות 1,סב - 36 - 33,תא - 109 - 73,1,Numeric bullet single choice,פסיכומטרי,4,2024-04-30T05:21:30.000000Z,2024-04-30T05:21:30.000000Z
8915,90,כלליות 2,סב - 37 - 34,תא - 109 - 74,1,Numeric bullet single choice,פסיכומטרי,7,2024-04-30T05:30:19.000000Z,2024-04-30T05:30:19.000000Z
8916,90,כלליות 2,סב - 37 - 35,תא - 109 - 75,1,Numeric bullet single choice,פסיכומטרי,6,2024-04-30T05:46:46.000000Z,2024-04-30T05:46:46.000000Z
8917,89,כלליות 1,סב - 37 - 36,תא - 109 - 76,1,Numeric bullet single choice,פסיכומטרי,7,2024-04-30T05:54:54.000000Z,2024-04-30T05:54:54.000000Z
9373,91,יחס,סב - 40 - 5,תא - 110 - 77,1,Numeric bullet single choice,פסיכומטרי,1,2024-05-15T03:46:22.000000Z,2024-05-15T03:46:22.000000Z
9379,91,יחס,סב - 41 - 10,תא - 156 - 1,1,Numeric bullet single choice,פסיכומטרי,2,2024-05-15T04:17:43.000000Z,2024-05-15T04:27:35.000000Z
9606,93,ממוצע,סב - 51 - 14,תא - 156 - 2,1,Numeric bullet single choice,פסיכומטרי,5,2024-05-19T04:02:33.000000Z,2024-12-18T11:32:59.000000Z
8581,93,ממוצע,סב - 56 - 34,תא - 156 - 3,1,Numeric bullet single choice,פסיכומטרי,3,2024-04-25T08:52:50.000000Z,2024-04-25T08:52:50.000000Z
8587,93,ממוצע,סב - 56 - 35,תא - 157 - 4,1,Numeric bullet single choice,פסיכומטרי,3,2024-04-25T09:07:22.000000Z,2024-04-25T09:07:22.000000Z
8589,93,ממוצע,סב - 56 - 36,תא - 158 - 10,1,Numeric bullet single choice,פסיכומטרי,4,2024-04-25T09:14:40.000000Z,2024-04-25T09:14:40.000000Z
8628,93,ממוצע,סב - 57 - 37,תא - 158 - 8,1,Numeric bullet single choice,פסיכומטרי,7,2024-04-26T03:55:14.000000Z,2024-04-26T03:55:14.000000Z
8679,93,ממוצע,סב - 57 - 39,תא - 159 - 12,1,Numeric bullet single choice,פסיכומטרי,5,2024-04-26T09:05:21.000000Z,2024-04-26T09:05:21.000000Z
9748,92,אחוזים,סב - 67 - 41,תא - 159 - 13,1,Numeric bullet single choice,פסיכומטרי,7,2024-05-24T11:02:29.000000Z,2024-05-24T11:02:29.000000Z
10209,96,צירופים,סב - 85 - 22,תא - 159 - 14,1,Numeric bullet single choice,פסיכומטרי,7,2024-06-07T04:17:44.000000Z,2024-06-07T04:18:29.000000Z
9435,115,קווים וזוויות,סג - 11 - 12,תא - 160 - 15,1,Image and text,פסיכומטרי,1,2024-05-16T17:59:50.000000Z,2024-05-16T17:59:50.000000Z
9459,115,קווים וזוויות,סג - 11 - 13,תא - 160 - 17,1,Image and text,פסיכומטרי,1,2024-05-17T03:33:12.000000Z,2024-05-17T03:33:12.000000Z
9464,115,קווים וזוויות,סג - 13 - 18,תא - 161 - 19,1,Image and text,פסיכומטרי,2,2024-05-17T04:00:52.000000Z,2024-05-17T04:00:52.000000Z
9469,115,קווים וזוויות,סג - 13 - 23,תא - 161 - 20,1,Image and text,פסיכומטרי,3,2024-05-17T04:16:40.000000Z,2024-05-17T04:16:40.000000Z
9589,116,משולשים,סג - 19 - 8,תא - 161 - 21,1,Numeric bullet single choice,פסיכומטרי,2,2024-05-19T02:54:56.000000Z,2024-05-19T02:54:56.000000Z
9818,116,משולשים,סג - 20 - 13,תא - 162 - 23,1,Image and text,פסיכומטרי,6,2024-05-27T08:56:12.000000Z,2024-05-28T04:57:43.000000Z
9835,116,משולשים,סג - 24 - 25,תא - 162 - 24,1,Image and text,פסיכומטרי,6,2024-05-28T03:50:13.000000Z,2024-05-28T03:50:13.000000Z
9846,117,מרובעים,סג - 29 - 9,תא - 163 - 26,1,Image and text,פסיכומטרי,2,2024-05-28T06:35:30.000000Z,2024-05-28T06:35:30.000000Z
9847,117,מרובעים,סג - 30 - 10,תא - 164 - 28,1,Image and text,פסיכומטרי,3,2024-05-28T06:43:02.000000Z,2024-05-28T06:43:02.000000Z
9850,117,מרובעים,סג - 31 - 13,תא - 164 - 29,1,Image and text,פסיכומטרי,3,2024-05-28T07:31:51.000000Z,2024-05-28T07:31:51.000000Z
9853,117,מרובעים,סג - 31 - 16,תא - 165 - 31,1,Numeric bullet single choice,פסיכומטרי,3,2024-05-28T07:54:03.000000Z,2024-05-28T07:54:46.000000Z
9855,117,מרובעים,סג - 32 - 18,תא - 165 - 32,1,Numeric bullet single choice,פסיכומטרי,3,2024-05-28T07:59:40.000000Z,2024-05-28T07:59:40.000000Z
9881,117,מרובעים,סג - 32 - 20,תא - 165 - 33,1,Image and text,פסיכומטרי,3,2024-05-29T01:29:33.000000Z,2024-05-29T01:29:33.000000Z
6685,118,מצולעים,סג - 38 - 6,תא - 166 - 34,1,Image and text,פסיכומטרי,2,2023-12-28T20:56:51.000000Z,2024-02-21T13:03:51.000000Z
6734,118,מצולעים,סג - 38 - 8,תא - 166 - 35,1,Numeric bullet single choice,פסיכומטרי,7,2023-12-29T08:14:33.000000Z,2024-06-04T11:27:07.000000Z
6736,117,מרובעים,סג - 39 - 10,תא - 166 - 36,1,Image and text,פסיכומטרי,3,2023-12-29T08:34:57.000000Z,2024-02-20T07:27:26.000000Z
6741,117,מרובעים,סג - 41 - 15,תא - 167 - 37,1,Image and text,פסיכומטרי,5,2023-12-29T09:12:04.000000Z,2024-02-20T07:37:25.000000Z
6951,117,מרובעים,סג - 42 - 18,תא - 167 - 38,1,Image and text,פסיכומטרי,3,2023-12-31T18:50:25.000000Z,2023-12-31T18:50:25.000000Z
6952,118,מצולעים,סג - 42 - 19,תא - 167 - 39,1,Image and text,פסיכומטרי,7.5,2023-12-31T19:01:41.000000Z,2024-02-20T09:27:51.000000Z
6955,118,מצולעים,סג - 42 - 22,תא - 168 - 40,1,Numeric bullet single choice,פסיכומטרי,6,2023-12-31T19:22:02.000000Z,2024-02-20T09:32:29.000000Z
717,119,מעגלים,סח  -  114  -  29,,1,Image and text,פסיכומטרי,5,2023-09-22T05:30:53.000000Z,2024-01-04T07:26:56.000000Z
3512,119,מעגלים,1589,,1,Numeric bullet single choice,פסיכומטרי,4.5,2023-11-28T05:13:34.000000Z,2024-02-22T16:16:12.000000Z
10416,121,פיתגורס,סג - 67 - 15,,1,Image and text,פסיכומטרי,8,2024-06-20T05:26:51.000000Z,2024-06-20T05:26:51.000000Z
10417,121,פיתגורס,סג - 67 - 16,,1,Image and text,פסיכומטרי,9,2024-06-20T05:38:58.000000Z,2024-06-20T05:38:58.000000Z
9237,122,שטחים,סג - 73 - 10,,1,Image and text,פסיכומטרי,5,2024-05-10T16:39:26.000000Z,2024-05-10T16:39:26.000000Z
9370,122,שטחים,סג - 73 - 13,,1,Image and text,פסיכומטרי,4,2024-05-15T03:21:50.000000Z,2024-05-15T03:21:50.000000Z
9371,122,שטחים,סג - 74 - 14,,1,Image and text,פסיכומטרי,6,2024-05-15T03:31:27.000000Z,2024-05-15T03:31:27.000000Z
9392,122,שטחים,סג - 75 - 21,,1,Image and text,פסיכומטרי,5,2024-05-15T05:43:45.000000Z,2024-05-15T05:43:45.000000Z
9401,122,שטחים,סג - 76 - 24,,1,Image and text,פסיכומטרי,8,2024-05-15T06:18:27.000000Z,2024-05-15T06:18:27.000000Z
9404,122,שטחים,סג - 77 - 25,,1,Image and text,פסיכומטרי,8,2024-05-15T06:30:17.000000Z,2024-05-15T06:30:17.000000Z
9409,122,שטחים,סג - 77 - 27,,1,Image and text,פסיכומטרי,5,2024-05-15T07:59:05.000000Z,2024-05-15T07:59:05.000000Z
9160,122,שטחים,סג - 78 - 29,,1,Image and text,פסיכומטרי,10,2024-05-10T04:32:39.000000Z,2024-05-10T04:32:39.000000Z
9162,122,שטחים,סג - 79 - 31,,1,Numeric bullet single choice,פסיכומטרי,6,2024-05-10T05:05:39.000000Z,2024-05-10T05:05:39.000000Z
9165,122,שטחים,סג - 80 - 34,,1,Numeric bullet single choice,פסיכומטרי,5,2024-05-10T06:24:35.000000Z,2024-05-10T06:24:35.000000Z
9169,122,שטחים,סג - 80 - 36,,1,Image and text,פסיכומטרי,7,2024-05-10T09:11:23.000000Z,2024-05-10T09:11:23.000000Z
9177,122,שטחים,סג - 81 - 38,,1,Image and text,פסיכומטרי,9,2024-05-10T09:35:44.000000Z,2024-05-10T09:35:44.000000Z
9185,122,שטחים,סג - 81 - 39,,1,Image and text,פסיכומטרי,10,2024-05-10T10:01:40.000000Z,2024-05-10T10:01:40.000000Z
9232,122,שטחים,סג - 83 - 43,,1,Image and text,פסיכומטרי,9,2024-05-10T14:28:19.000000Z,2024-05-10T14:28:19.000000Z
9236,122,שטחים,סג - 83 - 45,,1,Image and text,פסיכומטרי,7,2024-05-10T16:25:15.000000Z,2024-05-10T16:25:15.000000Z
10325,123,תלת-ממד,סג - 88 - 13,,1,Image and text,פסיכומטרי,8,2024-06-14T05:09:55.000000Z,2024-06-14T05:09:55.000000Z
9430,115,קווים וזוויות,סג - 9 - 7,,1,Image and text,פסיכומטרי,1,2024-05-16T16:19:22.000000Z,2024-05-16T16:19:22.000000Z
10330,123,תלת-ממד,סג - 90 - 18,,1,Image and text,פסיכומטרי,9,2024-06-14T05:45:32.000000Z,2024-06-14T05:45:32.000000Z
3771,119,מעגלים,A_9456,,1,Image and text,פסיכומטרי,4.5,2023-11-30T06:51:03.000000Z,2024-02-22T17:56:35.000000Z
1956,119,מעגלים,1417,,1,Image and text,פסיכומטרי,4,2023-11-03T11:27:24.000000Z,2024-01-02T07:36:46.000000Z
3505,119,מעגלים,1569,,1,Numeric bullet single choice,פסיכומטרי,4,2023-11-28T05:00:59.000000Z,2024-02-22T15:59:18.000000Z
4380,119,מעגלים,3109,,1,Image and text,פסיכומטרי,4,2023-12-05T15:31:08.000000Z,2024-02-26T10:56:12.000000Z
4382,119,מעגלים,3111,,1,Image and text,פסיכומטרי,4,2023-12-05T15:46:09.000000Z,2024-02-26T11:07:58.000000Z
3846,119,מעגלים,A_9470,,1,Image and text,פסיכומטרי,4,2023-11-30T08:23:01.000000Z,2024-02-26T10:01:56.000000Z
672,119,מעגלים,סח  -  105  -  1,,1,Image and text,פסיכומטרי,4,2023-09-21T07:06:42.000000Z,2024-01-02T08:25:33.000000Z
676,119,מעגלים,סח  -  106  -  4,,1,Image and text,פסיכומטרי,4,2023-09-21T07:29:50.000000Z,2023-09-21T07:33:20.000000Z
1050,119,מעגלים,סח - 169 - 2,,1,Image and text,פסיכומטרי,4,2023-09-28T05:49:55.000000Z,2023-09-28T05:49:55.000000Z
1951,119,מעגלים,1410,,1,Image and text,פסיכומטרי,3.5,2023-11-03T10:41:48.000000Z,2024-01-02T07:31:21.000000Z
3043,119,מעגלים,1532,,1,Numeric bullet single choice,פסיכומטרי,3.5,2023-11-23T13:34:13.000000Z,2024-02-19T13:18:48.000000Z
3802,119,מעגלים,A_9461,,1,Image and text,פסיכומטרי,3.5,2023-11-30T07:21:42.000000Z,2024-02-26T09:04:08.000000Z
3402,119,מעגלים,3061,,1,Image and text,פסיכומטרי,3,2023-11-27T10:55:11.000000Z,2024-02-19T16:13:24.000000Z
4419,119,מעגלים,3120,,1,Image and text,פסיכומטרי,3,2023-12-06T09:28:12.000000Z,2024-02-26T11:28:48.000000Z
3692,119,מעגלים,A_9454,,1,Image and text,פסיכומטרי,3,2023-11-29T08:58:49.000000Z,2024-02-22T17:44:08.000000Z
3815,119,מעגלים,A_9464,,1,Image and text,פסיכומטרי,3,2023-11-30T07:39:56.000000Z,2024-02-26T09:15:04.000000Z
3830,119,מעגלים,A_9467,,1,Image and text,פסיכומטרי,3,2023-11-30T07:55:17.000000Z,2024-02-26T09:30:05.000000Z
3858,119,מעגלים,A_9472,,1,Image and text,פסיכומטרי,3,2023-11-30T10:08:28.000000Z,2024-02-26T10:18:16.000000Z
674,119,מעגלים,סח  -  105  -  3,,1,Image and text,פסיכומטרי,3,2023-09-21T07:21:39.000000Z,2024-01-04T05:39:43.000000Z
5050,119,מעגלים,צל - 33 - 06,,1,Image and text,פסיכומטרי,3,2023-12-17T13:44:44.000000Z,2024-12-30T10:08:08.000000Z
1949,119,מעגלים,1408,,1,Image and text,פסיכומטרי,2.5,2023-11-03T10:29:06.000000Z,2024-01-02T07:30:28.000000Z
722,120,דמיון צורות,סח  -  117  -  2,,1,Image and text,פסיכומטרי,3,2023-09-22T06:09:49.000000Z,2024-02-26T09:42:45.000000Z
725,120,דמיון צורות,סח  -  118  -  4,,1,Image and text,פסיכומטרי,4,2023-09-22T06:29:54.000000Z,2024-01-02T08:47:05.000000Z
726,120,דמיון צורות,סח  -  118  -  5,,1,Image and text,פסיכומטרי,1,2023-09-22T06:36:44.000000Z,2023-09-22T06:37:50.000000Z
729,120,דמיון צורות,סח  -  119  -  7,,1,Image and text,פסיכומטרי,5,2023-09-22T06:59:05.000000Z,2024-01-02T09:34:55.000000Z
809,120,דמיון צורות,סח  -  120  -  10,,1,Numeric bullet single choice,פסיכומטרי,4,2023-09-24T06:46:04.000000Z,2024-02-26T12:49:14.000000Z
808,120,דמיון צורות,סח  -  120  -  9,,1,Image and text,פסיכומטרי,4,2023-09-24T06:39:44.000000Z,2023-09-24T06:40:18.000000Z
810,120,דמיון צורות,סח  -  120  - 11,,1,Image and text,פסיכומטרי,4,2023-09-24T06:51:16.000000Z,2023-09-24T06:51:16.000000Z
7158,119,מעגלים,צל - 59 - 12,,1,Image and text,פסיכומטרי,2.5,2024-01-08T12:25:16.000000Z,2024-02-26T12:28:51.000000Z
813,120,דמיון צורות,סח  -  121  -  14,,1,Image and text,פסיכומטרי,7,2023-09-24T07:23:49.000000Z,2024-01-02T10:49:09.000000Z
815,123,תלת-ממד,סח  -  149  -  1,,1,Image and text,פסיכומטרי,2,2023-09-24T08:15:14.000000Z,2024-01-27T14:01:37.000000Z
816,123,תלת-ממד,סח  -  149  -  2,,1,Image and text,פסיכומטרי,3,2023-09-24T08:26:14.000000Z,2024-01-29T14:38:52.000000Z
817,123,תלת-ממד,סח  -  149  -  3,,1,Image and text,פסיכומטרי,5,2023-09-24T08:40:12.000000Z,2023-09-24T08:40:12.000000Z
818,123,תלת-ממד,סח  -  150  -  4,,1,Image and text,פסיכומטרי,4,2023-09-24T08:45:19.000000Z,2023-09-24T08:45:19.000000Z
819,123,תלת-ממד,סח  -  150  -  5,,1,Numeric bullet single choice,פסיכומטרי,4,2023-09-24T08:49:38.000000Z,2024-01-27T14:04:00.000000Z
820,123,תלת-ממד,סח  -  150  -  6,,1,Numeric bullet single choice,פסיכומטרי,3,2023-09-24T08:52:54.000000Z,2023-09-24T08:53:16.000000Z
856,123,תלת-ממד,סח  -  151  -  7,,1,Numeric bullet single choice,פסיכומטרי,2,2023-09-26T04:17:31.000000Z,2023-09-26T04:19:51.000000Z
857,123,תלת-ממד,סח  -  151  -  8,,1,Numeric bullet single choice,פסיכומטרי,5,2023-09-26T04:26:01.000000Z,2024-01-27T14:10:11.000000Z
859,123,תלת-ממד,סח  -  151  -  9,,1,Image and text,פסיכומטרי,7.5,2023-09-26T04:33:00.000000Z,2024-01-29T14:44:53.000000Z
860,123,תלת-ממד,סח  -  152  -  10,,1,Numeric bullet single choice,פסיכומטרי,5,2023-09-26T04:42:04.000000Z,2023-09-26T04:42:04.000000Z
861,123,תלת-ממד,סח  -  152  -  11,,1,Image and text,פסיכומטרי,7.5,2023-09-26T04:51:46.000000Z,2024-01-29T14:49:12.000000Z
863,123,תלת-ממד,סח  -  152  -  12,,1,Numeric bullet single choice,פסיכומטרי,4,2023-09-26T04:55:34.000000Z,2023-09-26T04:55:34.000000Z
866,123,תלת-ממד,סח  -  153  -  14,,1,Numeric bullet single choice,פסיכומטרי,5,2023-09-26T05:09:35.000000Z,2024-01-27T14:16:36.000000Z
868,123,תלת-ממד,סח  -  153  -  16,,1,Image and text,פסיכומטרי,8,2023-09-26T05:23:39.000000Z,2024-01-29T14:52:07.000000Z
869,123,תלת-ממד,סח  -  153  - 17,,1,Numeric bullet single choice,פסיכומטרי,7,2023-09-26T05:26:31.000000Z,2023-09-26T05:26:31.000000Z
870,123,תלת-ממד,סח  -  154  -  18,,1,Image and text,פסיכומטרי,5,2023-09-26T05:34:14.000000Z,2024-01-29T14:54:15.000000Z
871,123,תלת-ממד,סח  -  154  -  19,,1,Numeric bullet single choice,פסיכומטרי,8,2023-09-26T05:42:25.000000Z,2023-09-26T05:42:25.000000Z
872,123,תלת-ממד,סח  -  154  -  20,,1,Image and text,פסיכומטרי,9,2023-09-26T05:55:08.000000Z,2023-09-26T07:37:22.000000Z
888,124,אנליטית,סח  -  157  -  1,,1,Image and text,פסיכומטרי,1,2023-09-26T07:23:25.000000Z,2023-12-17T14:26:30.000000Z
894,124,אנליטית,סח  -  157  -  2,,1,Numeric bullet single choice,פסיכומטרי,4,2023-09-26T07:48:19.000000Z,2023-12-21T05:40:48.000000Z
901,124,אנליטית,סח  -  158  -  4,,1,Image and text,פסיכומטרי,6,2023-09-26T08:14:27.000000Z,2023-09-26T08:14:27.000000Z
904,124,אנליטית,סח  -  158  -  5,,1,Numeric bullet single choice,פסיכומטרי,4,2023-09-26T08:20:36.000000Z,2024-12-30T09:59:06.000000Z
927,124,אנליטית,סח  -  158  -  6,,1,Image and text,פסיכומטרי,6,2023-09-26T12:21:19.000000Z,2023-12-26T06:25:06.000000Z
931,124,אנליטית,סח  -  159  -  10,,1,Image and text,פסיכומטרי,4,2023-09-26T13:16:08.000000Z,2023-09-26T13:17:07.000000Z
929,124,אנליטית,סח  -  159  -  8,,1,Image and text,פסיכומטרי,5,2023-09-26T12:42:26.000000Z,2024-12-30T09:59:44.000000Z
930,124,אנליטית,סח  -  159  -  9,,1,Image and text,פסיכומטרי,7,2023-09-26T13:05:48.000000Z,2023-09-26T13:08:42.000000Z
928,124,אנליטית,סח  -  159 -  7,,1,Numeric bullet single choice,פסיכומטרי,2,2023-09-26T12:30:58.000000Z,2023-09-26T12:31:48.000000Z
932,124,אנליטית,סח  -  160  -  11,,1,Image and text,פסיכומטרי,6,2023-09-26T13:28:59.000000Z,2023-09-26T13:30:33.000000Z
933,124,אנליטית,סח  -  160  -  12,,1,Image and text,פסיכומטרי,5,2023-09-26T13:38:00.000000Z,2023-09-26T13:38:00.000000Z
935,124,אנליטית,סח  -  160  -  14,,1,Image and text,פסיכומטרי,7,2023-09-26T14:02:15.000000Z,2023-09-26T14:03:14.000000Z
967,124,אנליטית,סח  -  161  -  15,,1,Image and text,פסיכומטרי,4,2023-09-27T05:58:00.000000Z,2023-12-26T06:42:05.000000Z
970,124,אנליטית,סח  -  161  - 16,,1,Image and text,פסיכומטרי,5,2023-09-27T06:04:52.000000Z,2023-12-26T06:42:43.000000Z
974,124,אנליטית,סח  -  162  -  18,,1,Image and text,פסיכומטרי,5,2023-09-27T06:19:39.000000Z,2023-12-26T06:41:30.000000Z
976,124,אנליטית,סח  -  162  -  19,,1,Numeric bullet single choice,פסיכומטרי,4,2023-09-27T06:26:11.000000Z,2023-12-21T05:46:00.000000Z
977,124,אנליטית,סח  -  162  -  20,,1,Image and text,פסיכומטרי,7,2023-09-27T06:34:10.000000Z,2023-12-26T06:41:04.000000Z
985,116,משולשים,סח  -  165  -  3,,1,Image and text,פסיכומטרי,6,2023-09-27T06:59:37.000000Z,2024-02-19T18:29:24.000000Z
987,115,קווים וזוויות,סח  -  166  -  5,,1,Image and text,פסיכומטרי,1,2023-09-27T07:10:12.000000Z,2024-02-22T12:08:15.000000Z
989,115,קווים וזוויות,סח  -  167  -  6,,1,Image and text,פסיכומטרי,1,2023-09-27T07:13:41.000000Z,2024-02-06T11:52:08.000000Z
1009,117,מרובעים,סח  -  168  -  10,,1,Numeric bullet single choice,פסיכומטרי,7,2023-09-27T10:44:31.000000Z,2023-12-18T12:13:28.000000Z
421,70,התנהגות אלגברית,סח  -  38  -  5,,1,Numeric bullet single choice,פסיכומטרי,6,2023-09-15T11:33:29.000000Z,2024-02-21T12:29:45.000000Z
422,70,התנהגות אלגברית,סח  -  38  -  6,,1,Numeric bullet single choice,פסיכומטרי,7.5,2023-09-15T11:53:33.000000Z,2024-02-21T12:30:14.000000Z
420,70,התנהגות אלגברית,סח  -  38  - 4,,1,Numeric bullet single choice,פסיכומטרי,5.5,2023-09-15T11:10:52.000000Z,2024-02-21T12:30:40.000000Z
446,70,התנהגות אלגברית,סח  -  39  -  7,,1,Numeric bullet single choice,פסיכומטרי,3.5,2023-09-18T03:41:35.000000Z,2024-02-06T14:55:19.000000Z
447,70,התנהגות אלגברית,סח  -  39  -  8,,1,Numeric bullet single choice,פסיכומטרי,7,2023-09-18T04:04:29.000000Z,2024-02-06T15:02:51.000000Z
448,70,התנהגות אלגברית,סח  -  39  -  9,,1,Numeric bullet single choice,פסיכומטרי,4,2023-09-18T04:20:57.000000Z,2024-02-06T15:10:20.000000Z
449,70,התנהגות אלגברית,סח  -  40  -  10,,1,Numeric bullet single choice,פסיכומטרי,9,2023-09-18T04:29:36.000000Z,2024-02-06T15:20:25.000000Z
450,70,התנהגות אלגברית,סח  -  40  -  11,,1,Numeric bullet single choice,פסיכומטרי,4,2023-09-18T04:40:22.000000Z,2024-02-06T15:24:16.000000Z
451,70,התנהגות אלגברית,סח  -  40  -  12,,1,Numeric bullet single choice,פסיכומטרי,6.5,2023-09-18T04:59:31.000000Z,2024-02-06T15:39:03.000000Z
458,73,שלמים,סח  -  51  -  1,,1,Numeric bullet single choice,פסיכומטרי,4,2023-09-18T06:41:48.000000Z,2024-01-25T13:06:36.000000Z
464,74,חלוקה,סח  -  51  -  2,,1,Numeric bullet single choice,פסיכומטרי,6,2023-09-18T06:53:21.000000Z,2024-01-28T11:16:59.000000Z
466,73,שלמים,סח  -  51  -  3,,1,Numeric bullet single choice,פסיכומטרי,5,2023-09-18T06:58:12.000000Z,2024-01-28T11:21:14.000000Z
469,74,חלוקה,סח  -  51  -  4,,1,Numeric bullet single choice,פסיכומטרי,5,2023-09-18T07:06:45.000000Z,2024-01-28T11:27:53.000000Z
470,73,שלמים,סח  -  52  -  5,,1,Numeric bullet single choice,פסיכומטרי,4,2023-09-18T07:11:49.000000Z,2024-01-28T11:30:59.000000Z
473,74,חלוקה,סח  -  52  -  7,,1,Numeric bullet single choice,פסיכומטרי,6,2023-09-18T07:44:40.000000Z,2024-01-28T11:34:08.000000Z
474,73,שלמים,סח  -  52  -  8,,1,Numeric bullet single choice,פסיכומטרי,7,2023-09-18T07:55:40.000000Z,2024-01-28T05:42:51.000000Z
472,74,חלוקה,סח  -  52  - 6,,1,Numeric bullet single choice,פסיכומטרי,7,2023-09-18T07:36:20.000000Z,2024-01-28T05:44:12.000000Z
479,74,חלוקה,סח  -  53  -  10,,1,Numeric bullet single choice,פסיכומטרי,7,2023-09-18T08:27:17.000000Z,2024-01-28T05:49:11.000000Z
483,74,חלוקה,סח  -  53  -  11,,1,Numeric bullet single choice,פסיכומטרי,6,2023-09-18T08:35:44.000000Z,2023-09-18T08:36:31.000000Z
485,73,שלמים,סח  -  53  -  12,,1,Numeric bullet single choice,פסיכומטרי,7,2023-09-18T08:42:48.000000Z,2024-01-28T05:54:50.000000Z
475,74,חלוקה,סח  -  53  -  9,,1,Numeric bullet single choice,פסיכומטרי,5,2023-09-18T08:04:20.000000Z,2024-01-28T05:56:20.000000Z
512,74,חלוקה,סח  -  54  -  13,,1,Numeric bullet single choice,פסיכומטרי,6,2023-09-18T10:51:49.000000Z,2024-01-28T05:57:10.000000Z
514,74,חלוקה,סח  -  54  -  14,,1,Numeric bullet single choice,פסיכומטרי,6,2023-09-18T10:57:05.000000Z,2024-01-29T14:12:40.000000Z
515,73,שלמים,סח  -  54  -  15,,1,Numeric bullet single choice,פסיכומטרי,5,2023-09-18T11:03:30.000000Z,2024-01-28T05:59:23.000000Z
516,73,שלמים,סח  -  54  -  16,,1,Numeric bullet single choice,פסיכומטרי,7,2023-09-18T11:20:05.000000Z,2024-01-28T06:02:35.000000Z
519,73,שלמים,סח  -  55  -  17,,1,Numeric bullet single choice,פסיכומטרי,7,2023-09-18T11:33:27.000000Z,2024-01-28T06:03:28.000000Z
525,74,חלוקה,סח  -  55  -  19,,1,Numeric bullet single choice,פסיכומטרי,7,2023-09-18T11:55:20.000000Z,2024-01-28T06:04:26.000000Z
527,74,חלוקה,סח  -  55  -  20,,1,Numeric bullet single choice,פסיכומטרי,6,2023-09-18T12:01:22.000000Z,2024-01-29T14:27:06.000000Z
523,74,חלוקה,סח  -  55  - 18,,1,Numeric bullet single choice,פסיכומטרי,6,2023-09-18T11:46:47.000000Z,2024-01-29T15:01:29.000000Z
582,74,חלוקה,סח  -  56  -  21,,1,Numeric bullet single choice,פסיכומטרי,6,2023-09-19T15:13:46.000000Z,2024-01-28T06:07:27.000000Z
586,74,חלוקה,סח  -  56  -  23,,1,Numeric bullet single choice,פסיכומטרי,5,2023-09-19T15:30:12.000000Z,2023-09-19T15:31:46.000000Z
587,74,חלוקה,סח  -  56  -  24,,1,Numeric bullet single choice,פסיכומטרי,6,2023-09-19T15:35:37.000000Z,2024-01-29T15:10:45.000000Z
588,74,חלוקה,סח  -  56  -  25,,1,Numeric bullet single choice,פסיכומטרי,4,2023-09-19T15:43:38.000000Z,2024-01-28T08:17:47.000000Z
591,74,חלוקה,סח  -  57  -  28,,1,Numeric bullet single choice,פסיכומטרי,7,2023-09-19T16:07:51.000000Z,2024-01-28T08:20:25.000000Z
590,74,חלוקה,סח  -  57  - 27,,1,Numeric bullet single choice,פסיכומטרי,5,2023-09-19T15:59:47.000000Z,2024-01-28T08:21:12.000000Z
623,74,חלוקה,סח  -  58  -  30,,1,Numeric bullet single choice,פסיכומטרי,5,2023-09-20T11:12:55.000000Z,2024-01-29T15:30:29.000000Z
625,73,שלמים,סח  -  58  -  31,,1,Numeric bullet single choice,פסיכומטרי,5,2023-09-20T11:19:12.000000Z,2024-10-01T07:46:37.000000Z
627,74,חלוקה,סח  -  58  -  32,,1,Numeric bullet single choice,פסיכומטרי,8,2023-09-20T11:28:05.000000Z,2023-09-20T11:29:32.000000Z
628,73,שלמים,סח  -  58  -  33,,1,Numeric bullet single choice,פסיכומטרי,4,2023-09-20T11:33:55.000000Z,2023-09-20T11:33:55.000000Z
629,74,חלוקה,סח  -  58  -  34,,1,Numeric bullet single choice,פסיכומטרי,5,2023-09-20T11:37:30.000000Z,2024-01-29T15:45:39.000000Z
630,74,חלוקה,סח  -  59  -  35,,1,Numeric bullet single choice,פסיכומטרי,6,2023-09-20T11:41:48.000000Z,2024-01-29T15:48:31.000000Z
632,74,חלוקה,סח  -  59  -  36,,1,Numeric bullet single choice,פסיכומטרי,6,2023-09-20T11:50:29.000000Z,2023-09-20T11:50:29.000000Z
633,73,שלמים,סח  -  59  -  37,,1,Numeric bullet single choice,פסיכומטרי,5,2023-09-20T11:55:22.000000Z,2024-01-29T15:53:29.000000Z
634,74,חלוקה,סח  -  59  -  38,,1,Numeric bullet single choice,פסיכומטרי,4,2023-09-20T12:05:03.000000Z,2024-01-28T08:30:34.000000Z
637,74,חלוקה,סח  -  60  -  39,,1,Numeric bullet single choice,פסיכומטרי,5,2023-09-20T12:12:31.000000Z,2024-01-28T08:32:15.000000Z
638,74,חלוקה,סח  -  60  -  40,,1,Numeric bullet single choice,פסיכומטרי,6,2023-09-20T12:23:23.000000Z,2024-01-29T16:02:06.000000Z
639,74,חלוקה,סח  -  60  -  41,,1,Numeric bullet single choice,פסיכומטרי,8,2023-09-20T12:27:43.000000Z,2024-01-28T08:34:20.000000Z
641,74,חלוקה,סח  -  60  -  42,,1,Numeric bullet single choice,פסיכומטרי,5,2023-09-20T12:33:43.000000Z,2024-01-29T16:11:38.000000Z
1958,119,מעגלים,1419,,1,Image and text,פסיכומטרי,2,2023-11-03T11:38:59.000000Z,2024-01-02T07:39:30.000000Z
864,123,תלת-ממד,סח  - 152  -  13,,1,Image and text,פסיכומטרי,6,2023-09-26T05:04:09.000000Z,2024-01-29T14:59:11.000000Z
897,124,אנליטית,סח  - 157  -  3,,1,Image and text,פסיכומטרי,5,2023-09-26T08:03:53.000000Z,2023-09-26T08:03:53.000000Z
934,124,אנליטית,סח  - 160  -  13,,1,Image and text,פסיכומטרי,4,2023-09-26T13:48:12.000000Z,2023-09-26T13:49:00.000000Z
993,117,מרובעים,סח  - 167  -  8,,1,Image and text,פסיכומטרי,3,2023-09-27T07:24:11.000000Z,2024-02-06T12:06:25.000000Z
417,70,התנהגות אלגברית,סח  - 37  - 1,,1,Numeric bullet single choice,פסיכומטרי,2.5,2023-09-15T10:12:56.000000Z,2024-02-06T15:40:53.000000Z
418,67,משוואות,סח  - 37 - 2,,1,Numeric bullet single choice,פסיכומטרי,3,2023-09-15T10:37:00.000000Z,2024-02-06T15:49:52.000000Z
584,74,חלוקה,סח  - 56 - 22,,1,Numeric bullet single choice,פסיכומטרי,7,2023-09-19T15:24:59.000000Z,2024-01-28T08:18:52.000000Z
592,73,שלמים,סח  - 57  -  29,,1,Numeric bullet single choice,פסיכומטרי,7,2023-09-19T16:17:29.000000Z,2024-01-28T08:36:40.000000Z
2761,119,מעגלים,1512,,1,Image and text,פסיכומטרי,2,2023-11-20T13:14:36.000000Z,2024-12-30T10:13:41.000000Z
2792,119,מעגלים,1533,,1,Numeric bullet single choice,פסיכומטרי,2,2023-11-20T14:12:51.000000Z,2023-11-20T14:12:51.000000Z
2799,119,מעגלים,1538,,1,Numeric bullet single choice,פסיכומטרי,2,2023-11-20T14:27:24.000000Z,2024-12-30T10:15:12.000000Z
811,120,דמיון צורות,סח -  121  -  12,,1,Image and text,פסיכומטרי,4,2023-09-24T07:00:17.000000Z,2024-01-02T10:51:26.000000Z
867,123,תלת-ממד,סח -  153  -  15,,1,Numeric bullet single choice,פסיכומטרי,7,2023-09-26T05:12:29.000000Z,2024-01-27T14:24:18.000000Z
392,67,משוואות,סח - 10 - 11,,1,Numeric bullet single choice,פסיכומטרי,3,2023-09-14T16:42:53.000000Z,2023-11-29T18:49:37.000000Z
393,67,משוואות,סח - 10 - 12,,1,Numeric bullet single choice,פסיכומטרי,3,2023-09-14T16:54:23.000000Z,2025-02-13T09:51:45.000000Z
394,67,משוואות,סח - 10 - 13,,1,Numeric bullet single choice,פסיכומטרי,5,2023-09-14T17:06:04.000000Z,2023-11-30T05:10:23.000000Z
395,67,משוואות,סח - 10 - 14,,1,Numeric bullet single choice,פסיכומטרי,5.5,2023-09-14T17:15:02.000000Z,2023-11-30T05:17:18.000000Z
709,117,מרובעים,סח - 100 - 11,,1,Image and text,פסיכומטרי,5,2023-09-22T04:30:29.000000Z,2023-12-19T06:44:15.000000Z
713,118,מצולעים,סח - 100 - 12,,1,Image and text,פסיכומטרי,8.5,2023-09-22T05:09:20.000000Z,2023-12-20T06:44:04.000000Z
715,117,מרובעים,סח - 100 - 13,,1,Text question with image answers,פסיכומטרי,6,2023-09-22T05:23:14.000000Z,2024-02-06T12:15:38.000000Z
723,117,מרובעים,סח - 101 - 16,,1,Image and text,פסיכומטרי,8,2023-09-22T06:17:02.000000Z,2023-12-19T08:19:35.000000Z
764,118,מצולעים,סח - 102 - 18,,1,Numeric bullet single choice,פסיכומטרי,10,2023-09-23T08:47:27.000000Z,2023-12-20T07:46:56.000000Z
765,117,מרובעים,סח - 102 - 19,,1,Image and text,פסיכומטרי,6.5,2023-09-23T08:59:21.000000Z,2023-12-19T08:49:13.000000Z
396,67,משוואות,סח - 11 - 15,,1,Numeric bullet single choice,פסיכומטרי,5,2023-09-14T17:37:18.000000Z,2023-11-30T10:54:35.000000Z
397,67,משוואות,סח - 11 - 16,,1,Numeric bullet single choice,פסיכומטרי,6.5,2023-09-14T18:19:37.000000Z,2023-11-30T11:09:41.000000Z
398,67,משוואות,סח - 11 - 17,,1,Numeric bullet single choice,פסיכומטרי,4.5,2023-09-14T18:28:48.000000Z,2023-11-30T11:14:18.000000Z
400,67,משוואות,סח - 12 - 19,,1,Numeric bullet single choice,פסיכומטרי,4,2023-09-14T19:11:46.000000Z,2023-11-30T12:52:10.000000Z
768,121,פיתגורס,סח - 125 - 2,,1,Image and text,פסיכומטרי,7,2023-09-23T13:07:18.000000Z,2024-12-30T09:42:51.000000Z
770,121,פיתגורס,סח - 125 - 4,,1,Image and text,פסיכומטרי,5,2023-09-23T13:26:39.000000Z,2023-09-23T13:26:39.000000Z
780,121,פיתגורס,סח - 126 - 5,,1,Image and text,פסיכומטרי,6,2023-09-23T14:40:23.000000Z,2024-01-04T11:14:45.000000Z
791,121,פיתגורס,סח - 126 - 6,,1,Numeric bullet single choice,פסיכומטרי,7,2023-09-23T16:53:27.000000Z,2024-01-04T12:45:20.000000Z
792,121,פיתגורס,סח - 126 - 7,,1,Numeric bullet single choice,פסיכומטרי,7.5,2023-09-23T16:59:38.000000Z,2024-01-04T12:50:45.000000Z
793,121,פיתגורס,סח - 126 - 8,,1,Image and text,פסיכומטרי,6,2023-09-23T17:15:12.000000Z,2024-01-04T12:56:58.000000Z
795,121,פיתגורס,סח - 127 - 10,,1,Image and text,פסיכומטרי,9,2023-09-24T01:49:21.000000Z,2024-01-04T13:07:11.000000Z
796,121,פיתגורס,סח - 127 - 11,,1,Image and text,פסיכומטרי,8,2023-09-24T03:20:40.000000Z,2024-01-04T13:15:09.000000Z
799,121,פיתגורס,סח - 127 - 12,,1,Image and text,פסיכומטרי,8,2023-09-24T04:10:26.000000Z,2024-12-30T09:42:19.000000Z
794,121,פיתגורס,סח - 127 - 9,,1,Image and text,פסיכומטרי,8,2023-09-23T17:25:00.000000Z,2024-02-06T12:28:53.000000Z
803,121,פיתגורס,סח - 128 - 14,,1,Image and text,פסיכומטרי,10,2023-09-24T05:48:35.000000Z,2024-03-02T23:11:45.000000Z
829,121,פיתגורס,סח - 128 - 15,,1,Image and text,פסיכומטרי,10,2023-09-25T04:31:44.000000Z,2024-01-04T14:06:28.000000Z
936,122,שטחים,סח - 131 - 1,,1,Image and text,פסיכומטרי,9,2023-09-26T15:42:37.000000Z,2024-01-29T05:02:28.000000Z
937,122,שטחים,סח - 131 - 2,,1,Image and text,פסיכומטרי,5,2023-09-26T15:51:08.000000Z,2024-01-27T09:33:29.000000Z
938,122,שטחים,סח - 131 - 3,,1,Image and text,פסיכומטרי,7,2023-09-26T15:56:37.000000Z,2024-03-21T08:00:24.000000Z
939,122,שטחים,סח - 132 - 4,,1,Numeric bullet single choice,פסיכומטרי,5,2023-09-26T16:00:38.000000Z,2023-09-26T16:00:38.000000Z
940,122,שטחים,סח - 132 - 5,,1,Image and text,פסיכומטרי,4,2023-09-26T16:08:18.000000Z,2024-01-29T13:52:43.000000Z
941,122,שטחים,סח - 132 - 6,,1,Image and text,פסיכומטרי,5,2023-09-26T17:10:01.000000Z,2023-09-26T17:10:01.000000Z
942,122,שטחים,סח - 133 - 7,,1,Image and text,פסיכומטרי,5,2023-09-26T17:19:33.000000Z,2024-01-29T13:56:23.000000Z
954,122,שטחים,סח - 133 - 8,,1,Image and text,פסיכומטרי,6,2023-09-27T02:45:14.000000Z,2023-09-27T02:45:14.000000Z
955,122,שטחים,סח - 133 - 9,,1,Numeric bullet single choice,פסיכומטרי,4,2023-09-27T02:48:46.000000Z,2024-01-27T09:43:54.000000Z
956,122,שטחים,סח - 134 - 10,,1,Numeric bullet single choice,פסיכומטרי,4,2023-09-27T02:52:29.000000Z,2024-01-27T09:46:22.000000Z
957,122,שטחים,סח - 134 - 11,,1,Numeric bullet single choice,פסיכומטרי,6,2023-09-27T03:22:23.000000Z,2023-09-27T03:22:23.000000Z
958,122,שטחים,סח - 134 - 12,,1,Image and text,פסיכומטרי,6,2023-09-27T03:29:46.000000Z,2023-09-27T03:29:46.000000Z
959,122,שטחים,סח - 135 - 13,,1,Image and text,פסיכומטרי,6,2023-09-27T04:04:20.000000Z,2023-09-27T04:04:20.000000Z
960,122,שטחים,סח - 135 - 14,,1,Image and text,פסיכומטרי,5,2023-09-27T04:22:32.000000Z,2023-09-27T04:22:32.000000Z
961,122,שטחים,סח - 135 - 15,,1,Image and text,פסיכומטרי,6,2023-09-27T04:41:56.000000Z,2024-01-27T09:56:03.000000Z
962,122,שטחים,סח - 136 - 16,,1,Numeric bullet single choice,פסיכומטרי,4,2023-09-27T04:47:16.000000Z,2023-09-27T04:47:16.000000Z
963,122,שטחים,סח - 136 - 17,,1,Image and text,פסיכומטרי,7.5,2023-09-27T05:23:57.000000Z,2024-01-27T09:59:33.000000Z
968,122,שטחים,סח - 136 - 18,,1,Image and text,פסיכומטרי,7,2023-09-27T06:01:08.000000Z,2023-09-27T06:01:08.000000Z
971,122,שטחים,סח - 137 - 19,,1,Image and text,פסיכומטרי,6,2023-09-27T06:10:06.000000Z,2024-01-27T10:03:40.000000Z
975,122,שטחים,סח - 137 - 20,,1,Image and text,פסיכומטרי,6,2023-09-27T06:24:11.000000Z,2023-09-27T06:24:11.000000Z
994,122,שטחים,סח - 137 - 21,,1,Image and text,פסיכומטרי,8,2023-09-27T07:38:19.000000Z,2024-01-27T10:11:55.000000Z
995,122,שטחים,סח - 138 - 22,,1,Image and text,פסיכומטרי,7,2023-09-27T07:50:09.000000Z,2023-09-27T07:50:09.000000Z
998,122,שטחים,סח - 138 - 23,,1,Image and text,פסיכומטרי,8,2023-09-27T08:10:22.000000Z,2023-09-27T08:10:22.000000Z
1011,122,שטחים,סח - 138 - 24,,1,Image and text,פסיכומטרי,8,2023-09-27T11:12:29.000000Z,2023-09-27T11:12:29.000000Z
1012,122,שטחים,סח - 139 - 25,,1,Image and text,פסיכומטרי,8,2023-09-27T11:23:09.000000Z,2024-01-27T12:03:09.000000Z
1013,122,שטחים,סח - 139 - 26,,1,Image and text,פסיכומטרי,8,2023-09-27T11:33:22.000000Z,2023-09-27T11:33:22.000000Z
1015,122,שטחים,סח - 139 - 27,,1,Image and text,פסיכומטרי,6,2023-09-27T12:16:46.000000Z,2023-09-27T12:16:46.000000Z
1028,122,שטחים,סח - 140 - 28,,1,Image and text,פסיכומטרי,6,2023-09-27T17:08:27.000000Z,2023-09-27T17:08:27.000000Z
1038,122,שטחים,סח - 140 - 29,,1,Numeric bullet single choice,פסיכומטרי,6,2023-09-27T18:03:19.000000Z,2023-09-27T18:03:19.000000Z
1039,122,שטחים,סח - 140 - 30,,1,Image and text,פסיכומטרי,5,2023-09-27T18:07:13.000000Z,2024-01-27T12:14:17.000000Z
1040,122,שטחים,סח - 140 - 31,,1,Image and text,פסיכומטרי,6,2023-09-27T18:18:45.000000Z,2023-09-27T18:18:45.000000Z
1041,122,שטחים,סח - 141 - 32,,1,Image and text,פסיכומטרי,5,2023-09-27T18:23:54.000000Z,2024-01-27T12:19:40.000000Z
1054,122,שטחים,סח - 141 - 33,,1,Image and text,פסיכומטרי,7,2023-09-28T06:36:27.000000Z,2024-01-27T12:22:40.000000Z
1059,122,שטחים,סח - 141 - 34,,1,Image and text,פסיכומטרי,6.5,2023-09-28T07:25:15.000000Z,2024-01-27T12:25:27.000000Z
1057,122,שטחים,סח - 141 - 35,,1,Numeric bullet single choice,פסיכומטרי,4,2023-09-28T07:13:40.000000Z,2024-01-27T12:26:26.000000Z
1061,122,שטחים,סח - 142 - 36,,1,Image and text,פסיכומטרי,8,2023-09-28T07:47:22.000000Z,2023-09-28T07:47:22.000000Z
1113,122,שטחים,סח - 142 - 37,,1,Image and text,פסיכומטרי,10,2023-09-28T17:05:16.000000Z,2024-01-27T12:43:59.000000Z
1114,122,שטחים,סח - 142 - 38,,1,Image and text,פסיכומטרי,9,2023-09-28T17:13:43.000000Z,2023-09-28T17:13:43.000000Z
1115,122,שטחים,סח - 143 - 39,,1,Image and text,פסיכומטרי,9,2023-09-28T17:24:22.000000Z,2023-09-28T17:24:22.000000Z
1117,122,שטחים,סח - 143 - 40,,1,Image and text,פסיכומטרי,8.5,2023-09-29T04:43:49.000000Z,2024-01-27T12:51:36.000000Z
1118,122,שטחים,סח - 143 - 41,,1,Image and text,פסיכומטרי,6,2023-09-29T05:07:42.000000Z,2023-09-29T05:07:42.000000Z
1119,122,שטחים,סח - 144 - 42,,1,Image and text,פסיכומטרי,7,2023-09-29T05:39:44.000000Z,2023-09-29T05:39:44.000000Z
1120,122,שטחים,סח - 144 - 43,,1,Image and text,פסיכומטרי,10,2023-09-29T06:12:22.000000Z,2024-01-27T13:09:02.000000Z
1121,122,שטחים,סח - 144 - 44,,1,Image and text,פסיכומטרי,9,2023-09-29T08:57:13.000000Z,2023-09-29T08:57:13.000000Z
1122,122,שטחים,סח - 145 - 45,,1,Image and text,פסיכומטרי,10,2023-09-29T09:15:46.000000Z,2023-09-29T09:15:46.000000Z
1123,122,שטחים,סח - 145 - 46,,1,Image and text,פסיכומטרי,8,2023-09-29T10:33:59.000000Z,2023-09-29T10:33:59.000000Z
1125,122,שטחים,סח - 145 - 47,,1,Image and text,פסיכומטרי,8,2023-09-29T11:00:09.000000Z,2023-09-29T11:00:09.000000Z
1126,122,שטחים,סח - 146 - 48,,1,Image and text,פסיכומטרי,9,2023-09-29T11:08:50.000000Z,2023-09-29T11:09:25.000000Z
1127,122,שטחים,סח - 146 - 49,,1,Image and text,פסיכומטרי,8,2023-09-29T11:12:23.000000Z,2023-09-29T11:12:23.000000Z
1129,122,שטחים,סח - 146 - 50,,1,Image and text,פסיכומטרי,9,2023-09-29T11:21:57.000000Z,2023-09-29T11:21:57.000000Z
386,69,אי-שוויון,סח - 16 - 7,,1,Numeric bullet single choice,פסיכומטרי,6,2023-09-14T09:56:57.000000Z,2024-02-06T12:18:38.000000Z
1049,115,קווים וזוויות,סח - 169 - 1,,1,Image and text,פסיכומטרי,2,2023-09-28T05:35:29.000000Z,2024-02-06T12:09:22.000000Z
3499,119,מעגלים,1550,,1,Numeric bullet single choice,פסיכומטרי,2,2023-11-28T04:50:18.000000Z,2024-02-22T15:52:01.000000Z
1051,116,משולשים,סח - 169 - 3,,1,Image and text,פסיכומטרי,4,2023-09-28T06:02:47.000000Z,2023-09-28T06:02:47.000000Z
1058,121,פיתגורס,סח - 172 - 9,,1,Image and text,פסיכומטרי,6,2023-09-28T07:21:05.000000Z,2024-02-06T12:43:15.000000Z
3436,117,מרובעים,סח - 173 - 1,,1,Numeric bullet single choice,פסיכומטרי,5,2023-11-27T12:04:18.000000Z,2024-02-19T12:13:46.000000Z
1062,122,שטחים,סח - 174 - 4,,1,Numeric bullet single choice,פסיכומטרי,2,2023-09-28T07:56:37.000000Z,2024-01-27T13:00:55.000000Z
3497,122,שטחים,סח - 174 - 4,,1,Numeric bullet single choice,פסיכומטרי,4,2023-11-28T04:16:38.000000Z,2023-11-28T04:17:07.000000Z
1064,122,שטחים,סח - 175 - 6,,1,Numeric bullet single choice,פסיכומטרי,7,2023-09-28T08:08:12.000000Z,2023-09-28T08:08:12.000000Z
3500,121,פיתגורס,סח - 175 - 7,,1,Image and text,פסיכומטרי,7,2023-11-28T04:51:24.000000Z,2023-11-28T04:51:24.000000Z
1066,122,שטחים,סח - 176 - 10,,1,Image and text,פסיכומטרי,4,2023-09-28T08:34:08.000000Z,2023-09-28T08:34:08.000000Z
1065,122,שטחים,סח - 176 - 9,,1,Image and text,פסיכומטרי,7,2023-09-28T08:25:01.000000Z,2023-11-27T11:44:11.000000Z
3778,91,יחס,סח - 179 - 1,,1,Numeric bullet single choice,פסיכומטרי,1.5,2023-11-30T06:57:25.000000Z,2023-11-30T06:57:25.000000Z
3827,91,יחס,סח - 179 - 3,,1,Numeric bullet single choice,פסיכומטרי,2,2023-11-30T07:53:10.000000Z,2024-02-21T08:51:53.000000Z
3935,91,יחס,סח - 179 - 7,,1,Numeric bullet single choice,פסיכומטרי,3.5,2023-11-30T14:49:03.000000Z,2023-11-30T14:49:18.000000Z
415,69,אי-שוויון,סח - 18 - 13,,1,Numeric bullet single choice,פסיכומטרי,5,2023-09-15T08:14:48.000000Z,2024-01-02T15:40:31.000000Z
416,69,אי-שוויון,סח - 18 - 14,,1,Numeric bullet single choice,פסיכומטרי,6.5,2023-09-15T08:38:25.000000Z,2024-01-02T15:48:53.000000Z
3894,91,יחס,סח - 180 - 5,,1,Numeric bullet single choice,פסיכומטרי,3,2023-11-30T13:48:41.000000Z,2023-11-30T13:50:09.000000Z
3901,91,יחס,סח - 180 - 6,,1,Numeric bullet single choice,פסיכומטרי,1.5,2023-11-30T13:52:33.000000Z,2023-11-30T13:52:33.000000Z
3936,91,יחס,סח - 180 - 8,,1,Numeric bullet single choice,פסיכומטרי,3,2023-11-30T16:45:42.000000Z,2023-11-30T16:47:22.000000Z
5390,91,יחס,סח - 181 - 10,,1,Numeric bullet single choice,פסיכומטרי,4.5,2023-12-21T08:07:17.000000Z,2024-09-11T11:29:53.000000Z
5394,91,יחס,סח - 181 - 11,,1,Numeric bullet single choice,פסיכומטרי,7,2023-12-21T08:12:51.000000Z,2024-02-21T09:08:33.000000Z
5397,91,יחס,סח - 181 - 12,,1,Numeric bullet single choice,פסיכומטרי,5.5,2023-12-21T08:17:09.000000Z,2024-02-21T09:10:17.000000Z
5401,91,יחס,סח - 182 - 13,,1,Numeric bullet single choice,פסיכומטרי,6,2023-12-21T08:21:27.000000Z,2023-12-21T08:21:27.000000Z
5403,91,יחס,סח - 182 - 14,,1,Numeric bullet single choice,פסיכומטרי,1,2023-12-21T08:24:30.000000Z,2023-12-21T08:40:24.000000Z
5411,91,יחס,סח - 182 - 15,,1,Numeric bullet single choice,פסיכומטרי,1.5,2023-12-21T08:40:08.000000Z,2024-02-21T09:20:23.000000Z
5416,91,יחס,סח - 182 - 16,,1,Numeric bullet single choice,פסיכומטרי,2.5,2023-12-21T08:46:09.000000Z,2023-12-21T08:46:09.000000Z
631,93,ממוצע,סח - 185 - 1,,1,Numeric bullet single choice,פסיכומטרי,2,2023-09-20T11:46:33.000000Z,2024-02-06T12:45:56.000000Z
635,93,ממוצע,סח - 185 - 2,,1,Numeric bullet single choice,פסיכומטרי,4,2023-09-20T12:09:25.000000Z,2024-02-06T12:51:05.000000Z
640,93,ממוצע,סח - 185 - 3,,1,Numeric bullet single choice,פסיכומטרי,5,2023-09-20T12:33:03.000000Z,2024-02-21T12:27:11.000000Z
642,93,ממוצע,סח - 185 - 4,,1,Numeric bullet single choice,פסיכומטרי,5,2023-09-20T12:41:43.000000Z,2024-02-06T12:56:42.000000Z
643,93,ממוצע,סח - 186 - 5,,1,Numeric bullet single choice,פסיכומטרי,7,2023-09-20T12:51:36.000000Z,2024-08-05T05:24:38.000000Z
644,93,ממוצע,סח - 186 - 6,,1,Numeric bullet single choice,פסיכומטרי,8,2023-09-20T13:08:31.000000Z,2024-02-06T13:07:13.000000Z
645,93,ממוצע,סח - 186 - 7,,1,Numeric bullet single choice,פסיכומטרי,9.5,2023-09-20T13:26:24.000000Z,2024-02-06T13:12:45.000000Z
646,93,ממוצע,סח - 186 - 8,,1,Numeric bullet single choice,פסיכומטרי,5,2023-09-20T13:34:38.000000Z,2024-02-06T13:16:41.000000Z
662,93,ממוצע,סח - 187 - 10,,1,Numeric bullet single choice,פסיכומטרי,9,2023-09-21T05:19:50.000000Z,2024-02-06T13:26:44.000000Z
664,93,ממוצע,סח - 187 - 11,,1,Numeric bullet single choice,פסיכומטרי,6,2023-09-21T05:33:29.000000Z,2024-02-06T13:36:30.000000Z
667,93,ממוצע,סח - 187 - 12,,1,Numeric bullet single choice,פסיכומטרי,7,2023-09-21T05:52:49.000000Z,2024-02-21T12:29:09.000000Z
668,93,ממוצע,סח - 187 - 13,,1,Numeric bullet single choice,פסיכומטרי,7,2023-09-21T06:11:31.000000Z,2024-02-06T13:47:07.000000Z
647,93,ממוצע,סח - 187 - 9,,1,Numeric bullet single choice,פסיכומטרי,6.5,2023-09-20T13:52:03.000000Z,2024-02-06T13:52:29.000000Z
834,93,ממוצע,סח - 188 - 14,,1,Numeric bullet single choice,פסיכומטרי,6,2023-09-25T08:12:55.000000Z,2024-01-05T06:22:45.000000Z
838,93,ממוצע,סח - 188 - 15,,1,Numeric bullet single choice,פסיכומטרי,4.5,2023-09-25T08:39:06.000000Z,2024-01-05T06:27:57.000000Z
844,93,ממוצע,סח - 188 - 16,,1,Numeric bullet single choice,פסיכומטרי,6.5,2023-09-25T09:01:57.000000Z,2024-01-05T06:40:01.000000Z
846,93,ממוצע,סח - 189 - 17,,1,Numeric bullet single choice,פסיכומטרי,6.5,2023-09-25T09:08:43.000000Z,2024-01-05T06:46:20.000000Z
7722,93,ממוצע,סח - 189 - 18,,1,Numeric bullet single choice,פסיכומטרי,3.5,2024-01-25T07:19:58.000000Z,2024-01-25T07:19:58.000000Z
848,93,ממוצע,סח - 189 - 19,,1,Numeric bullet single choice,פסיכומטרי,1.5,2023-09-25T09:26:33.000000Z,2024-01-05T06:57:54.000000Z
892,93,ממוצע,סח - 189 - 20,,1,Numeric bullet single choice,פסיכומטרי,1,2023-09-26T07:46:22.000000Z,2025-03-12T13:07:47.000000Z
902,93,ממוצע,סח - 190 - 21,,1,Numeric bullet single choice,פסיכומטרי,4,2023-09-26T08:16:33.000000Z,2024-01-05T07:05:55.000000Z
905,93,ממוצע,סח - 190 - 22,,1,Numeric bullet single choice,פסיכומטרי,4,2023-09-26T08:28:13.000000Z,2024-01-05T07:10:13.000000Z
964,92,אחוזים,סח - 193 - 1,,1,Numeric bullet single choice,פסיכומטרי,1,2023-09-27T05:37:25.000000Z,2023-09-27T05:37:25.000000Z
965,92,אחוזים,סח - 193 - 2,,1,Numeric bullet single choice,פסיכומטרי,2,2023-09-27T05:49:35.000000Z,2023-09-28T05:16:30.000000Z
1002,92,אחוזים,סח - 196 - 12,,1,Numeric bullet single choice,פסיכומטרי,2,2023-09-27T09:10:58.000000Z,2023-09-27T09:13:25.000000Z
1007,92,אחוזים,סח - 196 - 14,,1,Numeric bullet single choice,פסיכומטרי,6,2023-09-27T09:49:26.000000Z,2023-09-27T09:49:26.000000Z
1045,92,אחוזים,סח - 197 - 18,,1,Numeric bullet single choice,פסיכומטרי,5,2023-09-28T04:12:04.000000Z,2023-09-28T06:59:50.000000Z
1046,92,אחוזים,סח - 198 - 19,,1,Numeric bullet single choice,פסיכומטרי,7,2023-09-28T04:27:48.000000Z,2023-09-28T06:58:46.000000Z
1048,92,אחוזים,סח - 198 - 21,,1,Numeric bullet single choice,פסיכומטרי,8,2023-09-28T05:02:43.000000Z,2023-09-28T06:56:38.000000Z
3247,94,תנועה,סח - 201 - 1,,1,Numeric bullet single choice,פסיכומטרי,4.5,2023-11-26T11:10:15.000000Z,2023-11-26T11:58:59.000000Z
3448,94,תנועה,סח - 201 - 2,,1,Numeric bullet single choice,פסיכומטרי,4,2023-11-27T12:46:32.000000Z,2023-11-27T12:46:32.000000Z
3450,94,תנועה,סח - 201 - 3,,1,Numeric bullet single choice,פסיכומטרי,2,2023-11-27T12:58:53.000000Z,2023-11-27T12:58:53.000000Z
3596,94,תנועה,סח - 202 - 4,,1,Numeric bullet single choice,פסיכומטרי,7,2023-11-28T11:09:31.000000Z,2024-02-07T07:08:05.000000Z
3599,94,תנועה,סח - 202 - 5,,1,Numeric bullet single choice,פסיכומטרי,7,2023-11-28T11:18:30.000000Z,2024-02-07T07:11:57.000000Z
3600,94,תנועה,סח - 202 - 6,,1,Numeric bullet single choice,פסיכומטרי,2,2023-11-28T11:24:50.000000Z,2024-02-07T07:15:35.000000Z
3603,94,תנועה,סח - 202 - 7,,1,Numeric bullet single choice,פסיכומטרי,5.5,2023-11-28T11:49:42.000000Z,2024-02-07T07:23:40.000000Z
3609,94,תנועה,סח - 203 - 10,,1,Numeric bullet single choice,פסיכומטרי,7.5,2023-11-28T12:07:54.000000Z,2024-02-07T07:37:41.000000Z
3613,94,תנועה,סח - 203 - 11,,1,Numeric bullet single choice,פסיכומטרי,9,2023-11-28T12:17:25.000000Z,2024-02-07T07:42:14.000000Z
3605,94,תנועה,סח - 203 - 8,,1,Numeric bullet single choice,פסיכומטרי,6.5,2023-11-28T11:54:48.000000Z,2024-02-07T07:33:23.000000Z
3607,94,תנועה,סח - 203 - 9,,1,Numeric bullet single choice,פסיכומטרי,8,2023-11-28T12:01:15.000000Z,2024-02-07T07:35:43.000000Z
3637,121,פיתגורס,סח - 204 - 12,,1,Numeric bullet single choice,פסיכומטרי,7,2023-11-28T14:09:07.000000Z,2024-12-30T09:38:29.000000Z
3639,94,תנועה,סח - 204 - 13,,1,Numeric bullet single choice,פסיכומטרי,8,2023-11-28T14:18:43.000000Z,2024-02-07T08:04:23.000000Z
3641,94,תנועה,סח - 204 - 14,,1,Numeric bullet single choice,פסיכומטרי,5.5,2023-11-28T14:23:05.000000Z,2024-02-07T08:07:18.000000Z
3642,94,תנועה,סח - 205 - 15,,1,Numeric bullet single choice,פסיכומטרי,7.5,2023-11-28T14:36:25.000000Z,2024-02-07T08:09:50.000000Z
3643,94,תנועה,סח - 205 - 16,,1,Image and text,פסיכומטרי,7,2023-11-28T14:42:45.000000Z,2023-11-28T14:42:45.000000Z
3644,94,תנועה,סח - 205 - 17,,1,Numeric bullet single choice,פסיכומטרי,6,2023-11-28T14:49:05.000000Z,2024-02-07T08:13:40.000000Z
3645,94,תנועה,סח - 206 - 19,,1,Image and text,פסיכומטרי,8,2023-11-28T15:02:18.000000Z,2024-02-07T08:15:25.000000Z
3646,94,תנועה,סח - 206 - 20,,1,Numeric bullet single choice,פסיכומטרי,5.5,2023-11-28T15:06:03.000000Z,2024-02-07T08:17:22.000000Z
3647,95,הספק,סח - 209 - 1,,1,Numeric bullet single choice,פסיכומטרי,2,2023-11-28T15:20:32.000000Z,2023-11-28T15:20:32.000000Z
3648,95,הספק,סח - 209 - 2,,1,Numeric bullet single choice,פסיכומטרי,3,2023-11-28T15:42:06.000000Z,2024-02-22T11:47:12.000000Z
3649,95,הספק,סח - 209 - 3,,1,Numeric bullet single choice,פסיכומטרי,2,2023-11-28T15:45:07.000000Z,2024-02-22T11:48:09.000000Z
3650,95,הספק,סח - 209 - 4,,1,Numeric bullet single choice,פסיכומטרי,7,2023-11-28T15:57:23.000000Z,2023-11-28T15:57:23.000000Z
452,68,ביטויים,סח - 21 - 1,,1,Numeric bullet single choice,פסיכומטרי,1,2023-09-18T05:39:39.000000Z,2023-12-21T08:01:04.000000Z
453,68,ביטויים,סח - 21 - 2,,1,Numeric bullet single choice,פסיכומטרי,2,2023-09-18T05:58:23.000000Z,2023-12-21T08:02:24.000000Z
454,68,ביטויים,סח - 21 - 3,,1,Numeric bullet single choice,פסיכומטרי,2,2023-09-18T06:16:31.000000Z,2023-12-21T08:23:28.000000Z
3651,95,הספק,סח - 210 - 5,,1,Numeric bullet single choice,פסיכומטרי,6,2023-11-28T16:05:40.000000Z,2023-11-28T16:05:40.000000Z
3652,95,הספק,סח - 210 - 6,,1,Numeric bullet single choice,פסיכומטרי,8,2023-11-28T16:18:51.000000Z,2023-11-28T16:18:51.000000Z
3653,95,הספק,סח - 210 - 7,,1,Numeric bullet single choice,פסיכומטרי,6,2023-11-28T16:25:39.000000Z,2023-11-28T16:44:50.000000Z
3654,95,הספק,סח - 210 - 8,,1,Numeric bullet single choice,פסיכומטרי,7,2023-11-28T16:44:07.000000Z,2023-11-28T16:44:07.000000Z
3656,95,הספק,סח - 211 - 10,,1,Numeric bullet single choice,פסיכומטרי,5,2023-11-28T17:01:34.000000Z,2024-02-22T12:09:52.000000Z
3657,95,הספק,סח - 211 - 11,,1,Numeric bullet single choice,פסיכומטרי,3.5,2023-11-28T17:12:47.000000Z,2024-02-22T12:11:19.000000Z
3658,95,הספק,סח - 211 - 12,,1,Numeric bullet single choice,פסיכומטרי,8,2023-11-28T17:30:29.000000Z,2023-11-28T17:30:29.000000Z
3659,95,הספק,סח - 211 - 13,,1,Numeric bullet single choice,פסיכומטרי,6,2023-11-28T17:35:19.000000Z,2024-02-22T12:15:23.000000Z
3655,95,הספק,סח - 211 - 9,,1,Numeric bullet single choice,פסיכומטרי,7,2023-11-28T16:57:00.000000Z,2024-02-22T12:06:35.000000Z
4141,95,הספק,סח - 212 - 14,,1,Numeric bullet single choice,פסיכומטרי,6,2023-12-04T13:15:09.000000Z,2023-12-04T13:15:09.000000Z
4144,95,הספק,סח - 212 - 15,,1,Numeric bullet single choice,פסיכומטרי,8,2023-12-04T13:21:36.000000Z,2023-12-04T13:21:36.000000Z
4146,95,הספק,סח - 212 - 16,,1,Numeric bullet single choice,פסיכומטרי,6,2023-12-04T13:27:12.000000Z,2024-02-22T12:21:55.000000Z
4148,95,הספק,סח - 212 - 17,,1,Numeric bullet single choice,פסיכומטרי,6,2023-12-04T13:31:43.000000Z,2023-12-04T13:31:43.000000Z
4153,95,הספק,סח - 212 - 18,,1,Numeric bullet single choice,פסיכומטרי,5,2023-12-04T13:37:57.000000Z,2024-02-22T12:24:45.000000Z
4157,95,הספק,סח - 213 - 19,,1,Numeric bullet single choice,פסיכומטרי,5,2023-12-04T13:42:51.000000Z,2023-12-04T13:42:51.000000Z
4160,95,הספק,סח - 213 - 20,,1,Numeric bullet single choice,פסיכומטרי,10,2023-12-04T13:51:46.000000Z,2023-12-04T13:51:46.000000Z
4162,95,הספק,סח - 213 - 21,,1,Numeric bullet single choice,פסיכומטרי,5,2023-12-04T13:55:14.000000Z,2024-02-22T12:29:50.000000Z
4164,95,הספק,סח - 213 - 22,,1,Numeric bullet single choice,פסיכומטרי,7,2023-12-04T14:02:00.000000Z,2023-12-04T14:02:00.000000Z
4168,95,הספק,סח - 214 - 23,,1,Numeric bullet single choice,פסיכומטרי,6,2023-12-04T14:09:15.000000Z,2023-12-04T14:09:15.000000Z
4176,95,הספק,סח - 214 - 24,,1,Numeric bullet single choice,פסיכומטרי,8,2023-12-04T14:21:19.000000Z,2023-12-04T14:21:19.000000Z
4178,95,הספק,סח - 214 - 25,,1,Numeric bullet single choice,פסיכומטרי,10,2023-12-04T14:26:05.000000Z,2024-02-22T12:40:00.000000Z
675,90,כלליות 2,סח - 217 - 1,,1,Numeric bullet single choice,פסיכומטרי,4,2023-09-21T07:25:34.000000Z,2024-11-06T09:14:51.000000Z
680,89,כלליות 1,סח - 217 - 2,,1,Numeric bullet single choice,פסיכומטרי,5,2023-09-21T07:58:16.000000Z,2023-11-26T12:01:36.000000Z
682,89,כלליות 1,סח - 217 - 3,,1,Numeric bullet single choice,פסיכומטרי,3.5,2023-09-21T08:31:31.000000Z,2023-11-26T13:05:12.000000Z
732,89,כלליות 1,סח - 218 - 5,,1,Numeric bullet single choice,פסיכומטרי,3,2023-09-22T09:39:22.000000Z,2023-09-22T09:40:02.000000Z
733,90,כלליות 2,סח - 218 - 6,,1,Numeric bullet single choice,פסיכומטרי,4,2023-09-22T09:45:25.000000Z,2023-09-22T09:45:25.000000Z
734,90,כלליות 2,סח - 219 - 7,,1,Numeric bullet single choice,פסיכומטרי,4,2023-09-22T09:54:36.000000Z,2023-09-22T09:54:36.000000Z
755,90,כלליות 2,סח - 219 - 8,,1,Numeric bullet single choice,פסיכומטרי,5,2023-09-23T03:24:24.000000Z,2023-11-27T05:52:31.000000Z
756,89,כלליות 1,סח - 219 - 9,,1,Numeric bullet single choice,פסיכומטרי,5,2023-09-23T03:33:21.000000Z,2023-12-07T12:35:16.000000Z
455,68,ביטויים,סח - 22 - 4,,1,Numeric bullet single choice,פסיכומטרי,1,2023-09-18T06:28:20.000000Z,2023-12-21T08:14:29.000000Z
460,68,ביטויים,סח - 22 - 5,,1,Numeric bullet single choice,פסיכומטרי,4,2023-09-18T06:46:05.000000Z,2023-09-18T11:11:33.000000Z
463,68,ביטויים,סח - 22 - 6,,1,Numeric bullet single choice,פסיכומטרי,4,2023-09-18T06:52:56.000000Z,2023-09-18T11:12:04.000000Z
757,90,כלליות 2,סח - 220 - 10,,1,Numeric bullet single choice,פסיכומטרי,6,2023-09-23T03:49:12.000000Z,2023-11-27T05:54:05.000000Z
758,90,כלליות 2,סח - 220 - 11,,1,Numeric bullet single choice,פסיכומטרי,4,2023-09-23T04:27:41.000000Z,2023-09-23T04:27:41.000000Z
759,89,כלליות 1,סח - 220 - 12,,1,Numeric bullet single choice,פסיכומטרי,4,2023-09-23T04:46:16.000000Z,2023-09-23T04:46:16.000000Z
761,90,כלליות 2,סח - 221 - 14,,1,Numeric bullet single choice,פסיכומטרי,5,2023-09-23T05:00:41.000000Z,2023-09-23T05:00:41.000000Z
762,89,כלליות 1,סח - 221 - 15,,1,Numeric bullet single choice,פסיכומטרי,4,2023-09-23T05:17:49.000000Z,2023-11-28T08:06:32.000000Z
763,89,כלליות 1,סח - 222 - 16,,1,Numeric bullet single choice,פסיכומטרי,7,2023-09-23T05:33:01.000000Z,2023-11-28T08:09:56.000000Z
804,89,כלליות 1,סח - 222 - 17,,1,Numeric bullet single choice,פסיכומטרי,6,2023-09-24T06:02:40.000000Z,2024-11-06T10:16:18.000000Z
806,89,כלליות 1,סח - 223 -  19,,1,Numeric bullet single choice,פסיכומטרי,6,2023-09-24T06:20:26.000000Z,2023-09-24T06:20:26.000000Z
807,90,כלליות 2,סח - 223 - 20,,1,Numeric bullet single choice,פסיכומטרי,7,2023-09-24T06:26:10.000000Z,2024-11-06T11:16:27.000000Z
830,90,כלליות 2,סח - 223 - 21,,1,Numeric bullet single choice,פסיכומטרי,4,2023-09-25T04:39:27.000000Z,2023-09-25T04:39:27.000000Z
832,90,כלליות 2,סח - 224 - 23,,1,Numeric bullet single choice,פסיכומטרי,4,2023-09-25T04:58:18.000000Z,2023-09-25T04:58:18.000000Z
833,90,כלליות 2,סח - 224 - 24,,1,Numeric bullet single choice,פסיכומטרי,8,2023-09-25T05:13:28.000000Z,2023-11-27T06:04:18.000000Z
873,96,צירופים,סח - 227 - 01,,1,Numeric bullet single choice,פסיכומטרי,2,2023-09-26T06:00:14.000000Z,2024-01-25T05:31:23.000000Z
874,96,צירופים,סח - 227 - 02,,1,Numeric bullet single choice,פסיכומטרי,3,2023-09-26T06:08:00.000000Z,2024-01-25T05:49:02.000000Z
876,96,צירופים,סח - 228 -04,,1,Numeric bullet single choice,פסיכומטרי,4,2023-09-26T06:31:19.000000Z,2024-01-25T05:57:48.000000Z
877,96,צירופים,סח - 228 -05,,1,Numeric bullet single choice,פסיכומטרי,1,2023-09-26T06:33:56.000000Z,2024-01-25T06:03:59.000000Z
878,96,צירופים,סח - 228 -06,,1,Numeric bullet single choice,פסיכומטרי,5,2023-09-26T06:37:22.000000Z,2024-01-25T06:20:01.000000Z
879,96,צירופים,סח - 229 - 07,,1,Numeric bullet single choice,פסיכומטרי,5,2023-09-26T06:41:19.000000Z,2024-01-25T06:27:03.000000Z
881,96,צירופים,סח - 229 - 09,,1,Numeric bullet single choice,פסיכומטרי,7,2023-09-26T06:48:24.000000Z,2024-01-25T06:30:29.000000Z
882,96,צירופים,סח - 229 - 10,,1,Numeric bullet single choice,פסיכומטרי,5.5,2023-09-26T06:50:13.000000Z,2024-01-25T06:37:52.000000Z
880,96,צירופים,סח - 229 -08,,1,Numeric bullet single choice,פסיכומטרי,2.5,2023-09-26T06:44:42.000000Z,2024-01-25T06:43:07.000000Z
520,68,ביטויים,סח - 23 - 10,,1,Numeric bullet single choice,פסיכומטרי,4,2023-09-18T11:34:44.000000Z,2023-12-21T08:27:49.000000Z
468,68,ביטויים,סח - 23 - 7,,1,Numeric bullet single choice,פסיכומטרי,4,2023-09-18T07:03:54.000000Z,2023-12-21T08:34:27.000000Z
471,68,ביטויים,סח - 23 - 8,,1,Numeric bullet single choice,פסיכומטרי,7,2023-09-18T07:17:25.000000Z,2023-12-21T08:37:58.000000Z
883,96,צירופים,סח - 230 - 11,,1,Numeric bullet single choice,פסיכומטרי,7,2023-09-26T06:54:50.000000Z,2024-01-25T06:47:05.000000Z
885,96,צירופים,סח - 230 - 12,,1,Numeric bullet single choice,פסיכומטרי,6,2023-09-26T06:59:31.000000Z,2024-01-25T06:52:47.000000Z
886,96,צירופים,סח - 230 - 13,,1,Numeric bullet single choice,פסיכומטרי,7,2023-09-26T07:08:23.000000Z,2024-01-25T06:55:17.000000Z
889,96,צירופים,סח - 230 - 15,,1,Numeric bullet single choice,פסיכומטרי,7,2023-09-26T07:36:19.000000Z,2024-01-25T07:05:14.000000Z
890,96,צירופים,סח - 231 - 16,,1,Numeric bullet single choice,פסיכומטרי,6,2023-09-26T07:41:28.000000Z,2024-01-25T05:25:19.000000Z
893,96,צירופים,סח - 231 - 17,,1,Numeric bullet single choice,פסיכומטרי,7.5,2023-09-26T07:46:41.000000Z,2024-01-25T07:07:24.000000Z
895,96,צירופים,סח - 231 - 18,,1,Numeric bullet single choice,פסיכומטרי,5,2023-09-26T07:50:18.000000Z,2024-01-25T07:10:40.000000Z
896,96,צירופים,סח - 232 - 19,,1,Numeric bullet single choice,פסיכומטרי,7.5,2023-09-26T07:58:31.000000Z,2024-01-25T07:15:05.000000Z
899,96,צירופים,סח - 232 - 20,,1,Numeric bullet single choice,פסיכומטרי,7,2023-09-26T08:05:29.000000Z,2024-01-25T07:20:54.000000Z
903,96,צירופים,סח - 232 - 22,,1,Numeric bullet single choice,פסיכומטרי,8.5,2023-09-26T08:17:19.000000Z,2024-01-25T07:23:48.000000Z
1088,97,הסתברות,סח - 235 - 3,,1,Numeric bullet single choice,פסיכומטרי,6,2023-09-28T10:37:37.000000Z,2024-02-06T08:28:32.000000Z
1124,97,הסתברות,סח - 237 - 7,,1,Numeric bullet single choice,פסיכומטרי,6,2023-09-29T10:56:23.000000Z,2024-02-06T08:43:15.000000Z
1128,97,הסתברות,סח - 237 - 8,,1,Numeric bullet single choice,פסיכומטרי,8,2023-09-29T11:13:41.000000Z,2024-02-06T08:51:07.000000Z
1130,97,הסתברות,סח - 237 - 9,,1,Numeric bullet single choice,פסיכומטרי,7.5,2023-09-29T11:25:06.000000Z,2024-01-25T07:37:07.000000Z
1183,97,הסתברות,סח - 238 - 10,,1,Numeric bullet single choice,פסיכומטרי,6,2023-10-01T10:08:43.000000Z,2024-02-06T08:55:49.000000Z
1190,97,הסתברות,סח - 238 - 11,,1,Numeric bullet single choice,פסיכומטרי,7.5,2023-10-02T04:20:04.000000Z,2024-02-06T09:00:55.000000Z
1191,97,הסתברות,סח - 238 - 12,,1,Numeric bullet single choice,פסיכומטרי,8,2023-10-02T04:30:35.000000Z,2024-01-25T07:45:10.000000Z
1197,97,הסתברות,סח - 238 - 13,,1,Numeric bullet single choice,פסיכומטרי,8,2023-10-02T04:58:00.000000Z,2024-02-06T09:06:28.000000Z
1203,97,הסתברות,סח - 239 - 15,,1,Numeric bullet single choice,פסיכומטרי,6.5,2023-10-02T05:33:22.000000Z,2024-04-25T07:41:36.000000Z
1207,97,הסתברות,סח - 239 - 16,,1,Numeric bullet single choice,פסיכומטרי,7,2023-10-02T05:45:45.000000Z,2024-02-06T09:37:57.000000Z
1316,97,הסתברות,סח - 239 - 17,,1,Numeric bullet single choice,פסיכומטרי,7,2023-10-05T11:08:05.000000Z,2024-02-06T09:43:50.000000Z
524,68,ביטויים,סח - 24 - 11,,1,Numeric bullet single choice,פסיכומטרי,5,2023-09-18T11:46:50.000000Z,2023-12-21T08:45:32.000000Z
531,68,ביטויים,סח - 24 - 13,,1,Numeric bullet single choice,פסיכומטרי,4,2023-09-18T13:01:10.000000Z,2024-06-14T07:14:19.000000Z
533,68,ביטויים,סח - 24 - 14,,1,Numeric bullet single choice,פסיכומטרי,7,2023-09-18T13:22:00.000000Z,2023-12-21T08:53:00.000000Z
534,68,ביטויים,סח - 24 - 15,,1,Numeric bullet single choice,פסיכומטרי,6,2023-09-18T13:35:57.000000Z,2023-12-21T08:54:42.000000Z
3309,91,יחס,סח - 243 - 1,,1,Numeric bullet single choice,פסיכומטרי,3.5,2023-11-26T12:21:15.000000Z,2024-02-21T08:11:15.000000Z
3310,90,כלליות 2,סח - 243 - 2,,1,Numeric bullet single choice,פסיכומטרי,2,2023-11-26T12:24:21.000000Z,2024-02-21T06:32:55.000000Z
3312,89,כלליות 1,סח - 243 - 3,,1,Numeric bullet single choice,פסיכומטרי,5,2023-11-26T12:27:25.000000Z,2023-11-26T12:27:25.000000Z
3315,91,יחס,סח - 244 - 4,,1,Numeric bullet single choice,פסיכומטרי,3,2023-11-26T12:40:51.000000Z,2024-02-21T08:12:23.000000Z
3317,89,כלליות 1,סח - 244 - 5,,1,Numeric bullet single choice,פסיכומטרי,2.5,2023-11-26T12:51:01.000000Z,2024-02-29T08:35:23.000000Z
3343,89,כלליות 1,סח - 245 - 7,,1,Numeric bullet single choice,פסיכומטרי,8,2023-11-27T06:28:31.000000Z,2024-02-21T07:00:38.000000Z
3344,91,יחס,סח - 245 - 8,,1,Numeric bullet single choice,פסיכומטרי,4,2023-11-27T06:42:34.000000Z,2024-02-21T08:14:39.000000Z
3345,91,יחס,סח - 246 - 9,,1,Numeric bullet single choice,פסיכומטרי,2.5,2023-11-27T06:48:18.000000Z,2023-11-27T06:48:18.000000Z
3351,92,אחוזים,סח - 247 - 1,,1,Numeric bullet single choice,פסיכומטרי,4.5,2023-11-27T07:29:36.000000Z,2024-02-25T13:03:27.000000Z
3352,93,ממוצע,סח - 247 - 2,,1,Numeric bullet single choice,פסיכומטרי,3,2023-11-27T07:32:51.000000Z,2024-02-20T11:11:13.000000Z
3354,89,כלליות 1,סח - 248 - 4,,1,Numeric bullet single choice,פסיכומטרי,4,2023-11-27T07:42:57.000000Z,2024-02-21T07:06:04.000000Z
3356,93,ממוצע,סח - 249 - 6,,1,Numeric bullet single choice,פסיכומטרי,2,2023-11-27T07:49:48.000000Z,2023-11-27T07:49:48.000000Z
3357,92,אחוזים,סח - 249 - 7,,1,Numeric bullet single choice,פסיכומטרי,6,2023-11-27T07:54:51.000000Z,2024-02-25T13:07:38.000000Z
3359,91,יחס,סח - 249 - 8,,1,Numeric bullet single choice,פסיכומטרי,3,2023-11-27T08:18:06.000000Z,2024-02-21T08:30:18.000000Z
535,68,ביטויים,סח - 25 - 16,,1,Numeric bullet single choice,פסיכומטרי,5,2023-09-18T13:42:37.000000Z,2023-12-21T08:55:30.000000Z
536,68,ביטויים,סח - 25 - 17,,1,Numeric bullet single choice,פסיכומטרי,6,2023-09-18T14:27:14.000000Z,2024-08-04T10:42:08.000000Z
537,68,ביטויים,סח - 25 - 18,,1,Numeric bullet single choice,פסיכומטרי,9,2023-09-18T14:44:39.000000Z,2023-12-21T09:13:06.000000Z
3361,92,אחוזים,סח - 250 - 10,,1,Numeric bullet single choice,פסיכומטרי,6.5,2023-11-27T08:31:09.000000Z,2024-02-25T13:13:15.000000Z
3364,90,כלליות 2,סח - 251 - 1,,1,Numeric bullet single choice,פסיכומטרי,3.5,2023-11-27T08:41:53.000000Z,2023-11-27T08:41:53.000000Z
3366,89,כלליות 1,סח - 251 - 2,,1,Numeric bullet single choice,פסיכומטרי,3,2023-11-27T08:46:38.000000Z,2024-02-21T07:07:57.000000Z
3372,94,תנועה,סח - 252 - 2,,1,Numeric bullet single choice,פסיכומטרי,5,2023-11-27T09:08:45.000000Z,2023-11-27T09:08:45.000000Z
3370,91,יחס,סח - 252 - 4,,1,Numeric bullet single choice,פסיכומטרי,2,2023-11-27T08:55:06.000000Z,2024-02-21T08:32:23.000000Z
3374,90,כלליות 2,סח - 253 - 6,,1,Numeric bullet single choice,פסיכומטרי,3,2023-11-27T09:13:04.000000Z,2023-11-27T09:13:04.000000Z
3375,92,אחוזים,סח - 253 - 7,,1,Numeric bullet single choice,פסיכומטרי,1.5,2023-11-27T09:15:35.000000Z,2024-02-25T13:30:26.000000Z
3378,89,כלליות 1,סח - 254 - 9,,1,Numeric bullet single choice,פסיכומטרי,5,2023-11-27T09:25:54.000000Z,2024-02-21T07:15:49.000000Z
539,68,ביטויים,סח - 26 - 20,,1,Numeric bullet single choice,פסיכומטרי,7.5,2023-09-18T15:48:48.000000Z,2023-12-21T09:46:20.000000Z
540,68,ביטויים,סח - 26 - 21,,1,Numeric bullet single choice,פסיכומטרי,8,2023-09-18T15:54:09.000000Z,2023-09-18T15:54:09.000000Z
541,68,ביטויים,סח - 26 - 22,,1,Numeric bullet single choice,פסיכומטרי,9,2023-09-18T16:11:36.000000Z,2023-09-18T16:11:36.000000Z
409,72,פעולות מומצאות,סח - 30 - 05,,1,Numeric bullet single choice,פסיכומטרי,4,2023-09-15T04:32:03.000000Z,2024-01-28T07:30:30.000000Z
650,72,פעולות מומצאות,סח - 31 - 10,,1,Numeric bullet single choice,פסיכומטרי,4,2023-09-21T03:57:14.000000Z,2023-09-21T03:57:14.000000Z
648,72,פעולות מומצאות,סח - 31 - 8,,1,Numeric bullet single choice,פסיכומטרי,5,2023-09-21T03:43:06.000000Z,2024-01-28T07:42:09.000000Z
651,72,פעולות מומצאות,סח - 32 - 11,,1,Numeric bullet single choice,פסיכומטרי,5,2023-09-21T04:08:34.000000Z,2023-09-21T04:08:34.000000Z
653,72,פעולות מומצאות,סח - 32 - 13,,1,Numeric bullet single choice,פסיכומטרי,3,2023-09-21T04:28:51.000000Z,2023-09-21T04:28:51.000000Z
3501,119,מעגלים,1551,,1,Numeric bullet single choice,פסיכומטרי,2,2023-11-28T04:53:22.000000Z,2024-02-22T15:54:35.000000Z
677,119,מעגלים,סח  -  106  -  5,,1,Image and text,פסיכומטרי,2,2023-09-21T07:38:44.000000Z,2024-01-04T05:43:13.000000Z
10378,92,אחוזים,סח - 320 - 7,,1,Numeric bullet single choice,פסיכומטרי,7,2024-06-16T15:14:09.000000Z,2024-06-16T15:14:09.000000Z
3551,67,משוואות,סח - 320 - 8,,1,Numeric bullet single choice,פסיכומטרי,3,2023-11-28T08:25:10.000000Z,2024-02-19T09:41:13.000000Z
10379,67,משוואות,סח - 320 - 8,,1,Numeric bullet single choice,פסיכומטרי,6,2024-06-16T15:25:43.000000Z,2024-06-16T15:25:43.000000Z
3618,93,ממוצע,סח - 320 - 9,,1,Numeric bullet single choice,פסיכומטרי,4,2023-11-28T12:28:57.000000Z,2023-11-28T12:28:57.000000Z
10380,93,ממוצע,סח - 320 - 9,,1,Numeric bullet single choice,פסיכומטרי,6,2024-06-16T15:58:04.000000Z,2024-06-16T15:58:04.000000Z
3720,91,יחס,סח - 322 - 1,,1,Numeric bullet single choice,פסיכומטרי,4,2023-11-29T13:49:30.000000Z,2023-11-29T13:49:30.000000Z
10396,89,כלליות 1,סח - 322 - 1,,1,Numeric bullet single choice,פסיכומטרי,2,2024-06-17T06:04:01.000000Z,2024-06-17T06:04:01.000000Z
10397,124,אנליטית,סח - 322 - 2,,1,Image and text,פסיכומטרי,5,2024-06-17T06:11:40.000000Z,2024-12-30T09:56:16.000000Z
3755,90,כלליות 2,סח - 322 - 3,,1,Numeric bullet single choice,פסיכומטרי,5,2023-11-30T06:08:04.000000Z,2023-11-30T06:08:04.000000Z
10398,90,כלליות 2,סח - 322 - 3,,1,Numeric bullet single choice,פסיכומטרי,4,2024-06-17T06:15:46.000000Z,2024-06-17T06:15:46.000000Z
3765,71,חיובי שלילי וערך מוחלט,סח - 323 - 4,,1,Numeric bullet single choice,פסיכומטרי,6,2023-11-30T06:37:08.000000Z,2024-02-21T11:49:17.000000Z
10399,70,התנהגות אלגברית,סח - 323 - 4,,1,Numeric bullet single choice,פסיכומטרי,5,2024-06-17T06:35:09.000000Z,2024-06-17T06:35:09.000000Z
3768,122,שטחים,סח - 323 - 5,,1,Image and text,פסיכומטרי,6,2023-11-30T06:46:00.000000Z,2023-11-30T06:46:00.000000Z
10400,122,שטחים,סח - 323 - 5,,1,Image and text,פסיכומטרי,7,2024-06-17T06:40:18.000000Z,2024-06-17T06:40:18.000000Z
3785,121,פיתגורס,סח - 326 - 11,,1,Image and text,פסיכומטרי,5,2023-11-30T07:03:00.000000Z,2024-12-30T09:32:26.000000Z
10381,122,שטחים,סח - 326 - 11,,1,Image and text,פסיכומטרי,5,2024-06-17T03:07:13.000000Z,2024-06-17T03:07:13.000000Z
3796,90,כלליות 2,סח - 326 - 12,,1,Numeric bullet single choice,פסיכומטרי,4,2023-11-30T07:16:58.000000Z,2024-02-21T06:38:44.000000Z
10382,90,כלליות 2,סח - 326 - 12,,1,Numeric bullet single choice,פסיכומטרי,6,2024-06-17T03:11:19.000000Z,2024-06-17T03:11:19.000000Z
3804,124,אנליטית,סח - 326 - 13,,1,Image and text,פסיכומטרי,7.5,2023-11-30T07:25:48.000000Z,2024-02-25T08:05:41.000000Z
10383,124,אנליטית,סח - 326 - 13,,1,Image and text,פסיכומטרי,8,2024-06-17T03:22:01.000000Z,2024-12-30T09:57:11.000000Z
10384,89,כלליות 1,סח - 326 - 14,,1,Numeric bullet single choice,פסיכומטרי,5,2024-06-17T03:26:22.000000Z,2024-06-17T03:26:22.000000Z
3829,121,פיתגורס,סח - 327 - 16,,1,Image and text,פסיכומטרי,4,2023-11-30T07:54:01.000000Z,2024-12-30T09:47:31.000000Z
10386,121,פיתגורס,סח - 327 - 16,,1,Image and text,פסיכומטרי,7,2024-06-17T03:45:39.000000Z,2024-12-30T09:29:40.000000Z
3818,70,התנהגות אלגברית,סח - 327 - 7,,1,Numeric bullet single choice,פסיכומטרי,6,2023-11-30T07:42:14.000000Z,2024-02-22T10:14:18.000000Z
4092,173,עריכת ניסוי,סח - 329 - 1,,1,Numeric bullet single choice,פסיכומטרי,4,2023-12-04T11:01:48.000000Z,2024-02-15T14:25:30.000000Z
4093,173,עריכת ניסוי,סח - 329 - 2,,1,Numeric bullet single choice,פסיכומטרי,4,2023-12-04T11:06:08.000000Z,2024-02-15T14:28:55.000000Z
4094,174,משמעות מילולית,סח - 329 - 3,,1,Numeric bullet single choice,פסיכומטרי,5,2023-12-04T11:10:44.000000Z,2024-02-18T13:15:35.000000Z
655,72,פעולות מומצאות,סח - 33 - 15,,1,Numeric bullet single choice,פסיכומטרי,6,2023-09-21T04:48:30.000000Z,2024-01-28T07:51:48.000000Z
656,72,פעולות מומצאות,סח - 33 - 16,,1,Numeric bullet single choice,פסיכומטרי,4,2023-09-21T04:54:44.000000Z,2024-01-28T07:54:30.000000Z
654,72,פעולות מומצאות,סח - 33 -14,,1,Numeric bullet single choice,פסיכומטרי,7.5,2023-09-21T04:38:55.000000Z,2024-01-28T08:00:13.000000Z
4095,173,עריכת ניסוי,סח - 330 - 4,,1,Numeric bullet single choice,פסיכומטרי,5,2023-12-04T11:15:46.000000Z,2024-02-15T14:44:37.000000Z
4096,173,עריכת ניסוי,סח - 330 - 5,,1,Numeric bullet single choice,פסיכומטרי,3,2023-12-04T11:20:18.000000Z,2024-02-15T14:48:32.000000Z
4098,168,השלמת משפטים מילולי,סח - 331 - 6,,1,Numeric bullet single choice,פסיכומטרי,6,2023-12-04T11:24:41.000000Z,2024-03-07T09:33:42.000000Z
4101,173,עריכת ניסוי,סח - 331 - 7,,1,Numeric bullet single choice,פסיכומטרי,3,2023-12-04T11:27:58.000000Z,2024-02-15T14:50:50.000000Z
4104,173,עריכת ניסוי,סח - 331 - 8,,1,Numeric bullet single choice,פסיכומטרי,3,2023-12-04T11:30:57.000000Z,2024-02-15T14:53:17.000000Z
4107,174,משמעות מילולית,סח - 332 - 10,,1,Numeric bullet single choice,פסיכומטרי,6,2023-12-04T11:40:17.000000Z,2024-02-18T13:26:44.000000Z
4106,173,עריכת ניסוי,סח - 332 - 9,,1,Numeric bullet single choice,פסיכומטרי,3,2023-12-04T11:36:56.000000Z,2024-02-15T14:58:26.000000Z
4190,174,משמעות מילולית,סח - 333 - 11,,1,Numeric bullet single choice,פסיכומטרי,3,2023-12-05T07:28:49.000000Z,2024-02-18T13:29:57.000000Z
4192,173,עריכת ניסוי,סח - 333 - 12,,1,Numeric bullet single choice,פסיכומטרי,3,2023-12-05T07:32:33.000000Z,2024-02-18T12:37:39.000000Z
4193,173,עריכת ניסוי,סח - 333 - 13,,1,Numeric bullet single choice,פסיכומטרי,3,2023-12-05T07:36:08.000000Z,2024-02-18T12:40:42.000000Z
4386,174,משמעות מילולית,סח - 334 - 14,,1,Numeric bullet single choice,פסיכומטרי,4,2023-12-05T16:08:31.000000Z,2024-02-18T13:40:09.000000Z
4420,174,משמעות מילולית,סח - 335 - 15,,1,Numeric bullet single choice,פסיכומטרי,4,2023-12-06T09:28:27.000000Z,2024-02-19T09:13:05.000000Z
4731,168,השלמת משפטים מילולי,סח - 336 - 1,,1,Numeric bullet single choice,פסיכומטרי,5,2023-12-10T11:26:05.000000Z,2024-03-07T09:37:28.000000Z
4732,168,השלמת משפטים מילולי,סח - 336 - 2,,1,Numeric bullet single choice,פסיכומטרי,5,2023-12-10T11:30:28.000000Z,2023-12-10T11:30:28.000000Z
4733,168,השלמת משפטים מילולי,סח - 336 - 3,,1,Numeric bullet single choice,פסיכומטרי,9,2023-12-10T11:34:07.000000Z,2024-03-07T09:48:06.000000Z
4735,171,שאלות פסקה,סח - 337 - 4,,1,Numeric bullet single choice,פסיכומטרי,2,2023-12-11T06:15:50.000000Z,2024-02-13T12:23:49.000000Z
4904,173,עריכת ניסוי,סח - 337 - 5,,1,Numeric bullet single choice,פסיכומטרי,2,2023-12-16T13:12:15.000000Z,2024-02-18T12:43:03.000000Z
4906,173,עריכת ניסוי,סח - 338 - 7,,1,Numeric bullet single choice,פסיכומטרי,4,2023-12-16T13:18:50.000000Z,2024-02-18T12:45:25.000000Z
4907,174,משמעות מילולית,סח - 338 - 8,,1,Numeric bullet single choice,פסיכומטרי,10,2023-12-16T13:22:19.000000Z,2024-02-19T10:01:58.000000Z
4908,172,כללים וסידורים,סח - 338 - 9,,1,Numeric bullet single choice,פסיכומטרי,5,2023-12-16T13:24:32.000000Z,2024-02-29T16:59:20.000000Z
658,72,פעולות מומצאות,סח - 34 - 17,,1,Numeric bullet single choice,פסיכומטרי,8,2023-09-21T05:01:43.000000Z,2024-01-28T11:12:00.000000Z
660,72,פעולות מומצאות,סח - 34 - 18,,1,Numeric bullet single choice,פסיכומטרי,6,2023-09-21T05:17:04.000000Z,2023-09-21T05:17:04.000000Z
663,72,פעולות מומצאות,סח - 34 - 19,,1,Numeric bullet single choice,פסיכומטרי,10,2023-09-21T05:28:40.000000Z,2024-01-28T08:11:09.000000Z
4910,172,כללים וסידורים,סח - 340 - 11,,1,Numeric bullet single choice,פסיכומטרי,6,2023-12-16T13:35:52.000000Z,2024-02-29T17:03:35.000000Z
4911,173,עריכת ניסוי,סח - 340 - 12,,1,Numeric bullet single choice,פסיכומטרי,3,2023-12-16T13:39:53.000000Z,2024-02-18T12:49:18.000000Z
4912,168,השלמת משפטים מילולי,סח - 341 - 13,,1,Numeric bullet single choice,פסיכומטרי,7,2023-12-16T13:43:05.000000Z,2024-03-07T10:12:59.000000Z
4913,168,השלמת משפטים מילולי,סח - 341 - 14,,1,Numeric bullet single choice,פסיכומטרי,7,2023-12-16T13:46:05.000000Z,2024-03-07T10:19:10.000000Z
4915,168,השלמת משפטים מילולי,סח - 342 - 16,,1,Numeric bullet single choice,פסיכומטרי,9,2023-12-16T13:53:28.000000Z,2024-03-07T10:30:30.000000Z
4916,172,כללים וסידורים,סח - 342 - 17,,1,Numeric bullet single choice,פסיכומטרי,6,2023-12-16T13:55:48.000000Z,2024-03-07T10:33:46.000000Z
4918,174,משמעות מילולית,סח - 343 - 20,,1,Numeric bullet single choice,פסיכומטרי,2,2023-12-16T14:01:44.000000Z,2024-02-19T10:04:18.000000Z
4919,171,שאלות פסקה,סח - 343 - 20,,1,Numeric bullet single choice,פסיכומטרי,7,2023-12-16T14:05:46.000000Z,2024-02-13T12:39:48.000000Z
4920,174,משמעות מילולית,סח - 344 - 21,,1,Numeric bullet single choice,פסיכומטרי,9,2023-12-16T14:11:13.000000Z,2024-03-20T09:51:38.000000Z
4926,173,עריכת ניסוי,סח - 344 - 23,,1,Numeric bullet single choice,פסיכומטרי,4,2023-12-17T04:34:11.000000Z,2024-02-18T12:56:19.000000Z
4927,168,השלמת משפטים מילולי,סח - 345 - 24,,1,Numeric bullet single choice,פסיכומטרי,7,2023-12-17T07:23:45.000000Z,2024-03-07T10:36:42.000000Z
4928,168,השלמת משפטים מילולי,סח - 345 - 25,,1,Numeric bullet single choice,פסיכומטרי,10,2023-12-17T07:27:25.000000Z,2024-03-07T10:44:12.000000Z
4929,168,השלמת משפטים מילולי,סח - 345 - 26,,1,Numeric bullet single choice,פסיכומטרי,8,2023-12-17T07:30:26.000000Z,2024-03-07T10:46:55.000000Z
5067,173,עריכת ניסוי,סח - 346 - 28,,1,Numeric bullet single choice,פסיכומטרי,2,2023-12-17T19:38:04.000000Z,2024-02-18T12:58:31.000000Z
5068,173,עריכת ניסוי,סח - 346 - 29,,1,Numeric bullet single choice,פסיכומטרי,8,2023-12-17T19:44:08.000000Z,2024-02-18T13:04:07.000000Z
3377,93,ממוצע,סח - 353 - 8,,1,Numeric bullet single choice,פסיכומטרי,2.5,2023-11-27T09:20:07.000000Z,2023-11-27T09:20:07.000000Z
419,71,חיובי שלילי וערך מוחלט,סח - 37 - 3,,1,Numeric bullet single choice,פסיכומטרי,7.5,2023-09-15T10:56:46.000000Z,2024-02-21T12:34:44.000000Z
423,71,חיובי שלילי וערך מוחלט,סח - 43 - 1,,1,Numeric bullet single choice,פסיכומטרי,3,2023-09-15T13:07:39.000000Z,2024-01-27T07:04:34.000000Z
424,71,חיובי שלילי וערך מוחלט,סח - 43 - 2,,1,Numeric bullet single choice,פסיכומטרי,2,2023-09-15T13:12:57.000000Z,2023-11-28T10:40:15.000000Z
425,71,חיובי שלילי וערך מוחלט,סח - 43 - 3,,1,Numeric bullet single choice,פסיכומטרי,3,2023-09-15T13:20:17.000000Z,2024-02-21T12:12:49.000000Z
426,71,חיובי שלילי וערך מוחלט,סח - 44 - 4,,1,Numeric bullet single choice,פסיכומטרי,3,2023-09-15T13:33:05.000000Z,2023-09-15T13:33:05.000000Z
427,71,חיובי שלילי וערך מוחלט,סח - 45 - 6,,1,Numeric bullet single choice,פסיכומטרי,3,2023-09-15T13:51:57.000000Z,2023-09-15T13:51:57.000000Z
428,71,חיובי שלילי וערך מוחלט,סח - 45 - 7,,1,Numeric bullet single choice,פסיכומטרי,3,2023-09-15T13:56:47.000000Z,2023-09-15T13:56:47.000000Z
439,73,שלמים,סח - 45 - 8,,1,Numeric bullet single choice,פסיכומטרי,3,2023-09-17T09:29:55.000000Z,2024-01-29T16:17:04.000000Z
440,71,חיובי שלילי וערך מוחלט,סח - 46 - 10,,1,Numeric bullet single choice,פסיכומטרי,5,2023-09-17T09:57:43.000000Z,2023-09-17T09:57:43.000000Z
441,71,חיובי שלילי וערך מוחלט,סח - 46 - 11,,1,Numeric bullet single choice,פסיכומטרי,7,2023-09-17T10:13:07.000000Z,2023-09-17T10:13:36.000000Z
445,71,חיובי שלילי וערך מוחלט,סח - 47 - 14,,1,Numeric bullet single choice,פסיכומטרי,7,2023-09-17T16:47:32.000000Z,2024-02-21T12:13:34.000000Z
481,71,חיובי שלילי וערך מוחלט,סח - 48 - 16,,1,Numeric bullet single choice,פסיכומטרי,7,2023-09-18T08:33:33.000000Z,2024-01-27T07:28:20.000000Z
484,71,חיובי שלילי וערך מוחלט,סח - 48 - 17,,1,Numeric bullet single choice,פסיכומטרי,5,2023-09-18T08:42:27.000000Z,2024-02-21T12:14:36.000000Z
497,70,התנהגות אלגברית,סח - 48 - 18,,1,Numeric bullet single choice,פסיכומטרי,8.5,2023-09-18T09:24:50.000000Z,2024-01-11T12:24:15.000000Z
542,75,אותיות וספרות,סח - 63 - 1,,1,Numeric bullet single choice,פסיכומטרי,4,2023-09-18T16:26:41.000000Z,2023-12-13T15:13:19.000000Z
545,75,אותיות וספרות,סח - 63 - 2,,1,Numeric bullet single choice,פסיכומטרי,4,2023-09-18T16:40:49.000000Z,2023-12-13T15:24:17.000000Z
547,75,אותיות וספרות,סח - 64 - 3,,1,Numeric bullet single choice,פסיכומטרי,3.5,2023-09-18T18:21:50.000000Z,2023-12-13T15:26:19.000000Z
636,75,אותיות וספרות,סח - 64 - 5,,1,Numeric bullet single choice,פסיכומטרי,5,2023-09-20T12:10:43.000000Z,2023-12-13T16:33:24.000000Z
372,67,משוואות,סח - 7 - 1,,1,Numeric bullet single choice,פסיכומטרי,4,2023-09-13T14:28:30.000000Z,2023-11-30T12:57:42.000000Z
373,67,משוואות,סח - 7 - 2,,1,Numeric bullet single choice,פסיכומטרי,3,2023-09-13T14:42:37.000000Z,2023-11-30T13:49:08.000000Z
374,67,משוואות,סח - 7 - 3,,1,Numeric bullet single choice,פסיכומטרי,3,2023-09-13T14:52:26.000000Z,2023-11-30T13:54:59.000000Z
543,70,התנהגות אלגברית,סח - 73 - 1,,1,Numeric bullet single choice,פסיכומטרי,2,2023-09-18T16:28:32.000000Z,2023-09-18T16:28:32.000000Z
544,68,ביטויים,סח - 73 - 2,,1,Numeric bullet single choice,פסיכומטרי,4,2023-09-18T16:36:38.000000Z,2023-09-18T16:36:38.000000Z
550,67,משוואות,סח - 74 - 4,,1,Numeric bullet single choice,פסיכומטרי,4,2023-09-19T05:22:43.000000Z,2023-11-30T14:07:31.000000Z
552,67,משוואות,סח - 75 - 6,,1,Numeric bullet single choice,פסיכומטרי,4,2023-09-19T05:37:56.000000Z,2023-11-30T14:11:51.000000Z
553,67,משוואות,סח - 75 - 7,,1,Numeric bullet single choice,פסיכומטרי,3.5,2023-09-19T05:41:20.000000Z,2023-11-30T14:22:09.000000Z
554,67,משוואות,סח - 75 - 8,,1,Numeric bullet single choice,פסיכומטרי,4,2023-09-19T05:50:52.000000Z,2023-11-30T16:30:09.000000Z
556,67,משוואות,סח - 76 - 10,,1,Numeric bullet single choice,פסיכומטרי,3,2023-09-19T06:09:16.000000Z,2023-12-03T06:40:04.000000Z
559,67,משוואות,סח - 77 - 1,,1,Numeric bullet single choice,פסיכומטרי,2.5,2023-09-19T06:31:23.000000Z,2023-12-03T08:03:11.000000Z
561,67,משוואות,סח - 77 - 3,,1,Numeric bullet single choice,פסיכומטרי,3,2023-09-19T07:11:39.000000Z,2023-12-03T08:07:22.000000Z
562,69,אי-שוויון,סח - 78 - 4,,1,Numeric bullet single choice,פסיכומטרי,7,2023-09-19T07:26:54.000000Z,2023-12-31T15:10:32.000000Z
568,68,ביטויים,סח - 78 - 5,,1,Numeric bullet single choice,פסיכומטרי,6,2023-09-19T08:44:21.000000Z,2023-12-21T09:54:52.000000Z
570,69,אי-שוויון,סח - 79 - 6,,1,Numeric bullet single choice,פסיכומטרי,1.5,2023-09-19T08:51:06.000000Z,2023-12-31T15:21:23.000000Z
600,67,משוואות,סח - 79 - 8,,1,Numeric bullet single choice,פסיכומטרי,6,2023-09-20T03:30:43.000000Z,2023-12-03T08:25:33.000000Z
378,67,משוואות,סח - 8 - 4,,1,Numeric bullet single choice,פסיכומטרי,6,2023-09-13T18:48:18.000000Z,2023-12-03T08:31:27.000000Z
387,67,משוואות,סח - 8 - 5,,1,Numeric bullet single choice,פסיכומטרי,4,2023-09-14T12:31:02.000000Z,2023-12-03T09:56:07.000000Z
388,67,משוואות,סח - 8 - 6,,1,Numeric bullet single choice,פסיכומטרי,3,2023-09-14T12:50:16.000000Z,2023-09-14T12:50:16.000000Z
602,69,אי-שוויון,סח - 80 - 10,,1,Numeric bullet single choice,פסיכומטרי,5,2023-09-20T03:51:12.000000Z,2023-12-31T15:57:34.000000Z
601,67,משוואות,סח - 80 - 9,,1,Numeric bullet single choice,פסיכומטרי,3,2023-09-20T03:40:37.000000Z,2023-12-03T10:09:28.000000Z
604,72,פעולות מומצאות,סח - 81 - 1,,1,Numeric bullet single choice,פסיכומטרי,5,2023-09-20T04:02:37.000000Z,2024-01-28T08:16:29.000000Z
607,71,חיובי שלילי וערך מוחלט,סח - 81 - 2,,1,Numeric bullet single choice,פסיכומטרי,5,2023-09-20T04:16:08.000000Z,2023-09-20T04:16:08.000000Z
610,70,התנהגות אלגברית,סח - 81 - 3,,1,Numeric bullet single choice,פסיכומטרי,5,2023-09-20T04:47:47.000000Z,2023-12-21T09:59:43.000000Z
611,69,אי-שוויון,סח - 82 - 4,,1,Numeric bullet single choice,פסיכומטרי,4.5,2023-09-20T05:07:56.000000Z,2023-12-03T10:30:52.000000Z
612,71,חיובי שלילי וערך מוחלט,סח - 82 - 5,,1,Numeric bullet single choice,פסיכומטרי,3,2023-09-20T05:15:40.000000Z,2023-09-20T05:15:40.000000Z
613,68,ביטויים,סח - 83 - 6,,1,Numeric bullet single choice,פסיכומטרי,6,2023-09-20T05:19:47.000000Z,2023-09-20T05:19:47.000000Z
614,71,חיובי שלילי וערך מוחלט,סח - 83 - 7,,1,Numeric bullet single choice,פסיכומטרי,5,2023-09-20T05:31:21.000000Z,2023-09-20T05:31:21.000000Z
615,71,חיובי שלילי וערך מוחלט,סח - 83 - 8,,1,Numeric bullet single choice,פסיכומטרי,7,2023-09-20T06:23:57.000000Z,2023-09-20T06:23:57.000000Z
617,67,משוואות,סח - 84 - 10,,1,Numeric bullet single choice,פסיכומטרי,7.5,2023-09-20T08:16:15.000000Z,2023-12-03T11:49:01.000000Z
618,72,פעולות מומצאות,סח - 85 - 11,,1,Numeric bullet single choice,פסיכומטרי,2,2023-09-20T08:24:36.000000Z,2024-01-28T08:19:11.000000Z
619,67,משוואות,סח - 85 - 12,,1,Numeric bullet single choice,פסיכומטרי,2.5,2023-09-20T08:32:18.000000Z,2023-12-03T11:55:06.000000Z
620,71,חיובי שלילי וערך מוחלט,סח - 85 - 13,,1,Numeric bullet single choice,פסיכומטרי,6,2023-09-20T08:41:25.000000Z,2024-12-18T12:43:36.000000Z
566,116,משולשים,סח - 89 - 3,,1,Image and text,פסיכומטרי,3,2023-09-19T08:42:31.000000Z,2023-11-30T09:46:51.000000Z
391,67,משוואות,סח - 9 - 10,,1,Numeric bullet single choice,פסיכומטרי,3.5,2023-09-14T16:29:31.000000Z,2024-12-25T15:12:18.000000Z
8381,67,משוואות,סח - 9 - 7,,1,Numeric bullet single choice,פסיכומטרי,4.5,2024-04-02T07:16:20.000000Z,2024-04-02T08:16:14.000000Z
389,67,משוואות,סח - 9 - 8,,1,Numeric bullet single choice,פסיכומטרי,5,2023-09-14T15:56:37.000000Z,2023-09-14T15:56:37.000000Z
390,67,משוואות,סח - 9 - 9,,1,Numeric bullet single choice,פסיכומטרי,6,2023-09-14T16:17:25.000000Z,2023-09-14T16:17:25.000000Z
2930,116,משולשים,סח - 90 - 5,,1,Image and text,פסיכומטרי,3,2023-11-22T09:03:32.000000Z,2024-02-18T10:07:12.000000Z
3183,116,משולשים,סח - 92 - 11,,1,Image and text,פסיכומטרי,6,2023-11-26T08:01:59.000000Z,2024-02-18T10:11:29.000000Z
3185,116,משולשים,סח - 92 - 12,,1,Image and text,פסיכומטרי,5,2023-11-26T08:09:16.000000Z,2023-11-26T08:10:24.000000Z
3190,116,משולשים,סח - 93 - 15,,1,Image and text,פסיכומטרי,8.5,2023-11-26T08:33:30.000000Z,2023-11-26T08:34:09.000000Z
3191,116,משולשים,סח - 93 - 16,,1,Numeric bullet single choice,פסיכומטרי,6,2023-11-26T08:37:22.000000Z,2024-02-18T10:23:14.000000Z
3194,116,משולשים,סח - 94 - 18,,1,Image and text,פסיכומטרי,9,2023-11-26T08:52:19.000000Z,2024-02-18T12:16:55.000000Z
3197,116,משולשים,סח - 94 - 19,,1,Image and text,פסיכומטרי,9,2023-11-26T09:04:44.000000Z,2024-02-18T12:20:33.000000Z
661,117,מרובעים,סח - 97 - 2,,1,Image and text,פסיכומטרי,3,2023-09-21T05:19:25.000000Z,2023-12-19T08:57:49.000000Z
665,118,מצולעים,סח - 97 - 3,,1,Numeric bullet single choice,פסיכומטרי,6,2023-09-21T05:35:09.000000Z,2023-12-20T09:04:56.000000Z
671,117,מרובעים,סח - 98 - 6,,1,Image and text,פסיכומטרי,6,2023-09-21T06:55:32.000000Z,2023-12-19T09:18:37.000000Z
705,117,מרובעים,סח - 98 - 7,,1,Image and text,פסיכומטרי,3.5,2023-09-21T15:32:18.000000Z,2023-12-19T09:37:03.000000Z
708,117,מרובעים,סח - 99 - 10,,1,Image and text,פסיכומטרי,6,2023-09-22T03:46:41.000000Z,2023-12-20T09:54:09.000000Z
706,118,מצולעים,סח - 99 - 8,,1,Image and text,פסיכומטרי,5,2023-09-21T15:38:06.000000Z,2023-12-20T09:57:22.000000Z
707,117,מרובעים,סח - 99 - 9,,1,Image and text,פסיכומטרי,4,2023-09-21T15:59:51.000000Z,2023-12-19T10:46:28.000000Z
900,96,צירופים,סח -232 - 21,,1,Numeric bullet single choice,פסיכומטרי,7,2023-09-26T08:11:56.000000Z,2024-01-25T08:04:59.000000Z
565,116,משולשים,סח- 89 - 2,,1,Numeric bullet single choice,פסיכומטרי,3.5,2023-09-19T08:12:40.000000Z,2023-11-30T09:40:14.000000Z
564,116,משולשים,סח- 89- 1,,1,Image and text,פסיכומטרי,2,2023-09-19T07:39:14.000000Z,2024-02-19T18:21:47.000000Z
572,116,משולשים,סח- 89- 4,,1,Image and text,פסיכומטרי,3,2023-09-19T09:01:12.000000Z,2023-11-30T09:37:53.000000Z
884,116,משולשים,סח- 90- 6,,1,Image and text,פסיכומטרי,3,2023-09-26T06:57:44.000000Z,2023-09-26T06:57:44.000000Z
1132,116,משולשים,סח- 91 - 7,,1,Image and text,פסיכומטרי,3,2023-09-30T07:31:18.000000Z,2023-09-30T07:31:18.000000Z
380,69,אי-שוויון,סח-1-15,,1,Numeric bullet single choice,פסיכומטרי,1,2023-09-14T08:29:12.000000Z,2025-03-12T13:14:30.000000Z
412,69,אי-שוויון,סח-10-17,,1,Numeric bullet single choice,פסיכומטרי,3,2023-09-15T07:34:40.000000Z,2024-01-02T16:03:45.000000Z
413,69,אי-שוויון,סח-11-17,,1,Numeric bullet single choice,פסיכומטרי,4,2023-09-15T07:45:12.000000Z,2024-01-02T16:15:06.000000Z
1105,97,הסתברות,סח-236 - 5,,1,Numeric bullet single choice,פסיכומטרי,5,2023-09-28T15:25:19.000000Z,2024-02-06T09:51:43.000000Z
1322,97,הסתברות,סח-240 - 19,,1,Numeric bullet single choice,פסיכומטרי,8,2023-10-05T11:36:21.000000Z,2024-02-06T11:01:36.000000Z
382,69,אי-שוויון,סח-3-15,,1,Numeric bullet single choice,פסיכומטרי,3.5,2023-09-14T08:51:02.000000Z,2024-01-02T16:41:47.000000Z
385,71,חיובי שלילי וערך מוחלט,סח-6-16,,1,Numeric bullet single choice,פסיכומטרי,8,2023-09-14T09:41:03.000000Z,2024-01-02T17:13:01.000000Z
405,71,חיובי שלילי וערך מוחלט,סח-8-17,,1,Numeric bullet single choice,פסיכומטרי,6,2023-09-15T03:51:13.000000Z,2024-01-02T17:21:52.000000Z
407,69,אי-שוויון,סח-9-17,,1,Numeric bullet single choice,פסיכומטרי,5,2023-09-15T04:17:40.000000Z,2024-01-02T17:31:10.000000Z
9366,167,אנלוגיות,סמ - 10 - 21,,1,Numeric bullet single choice,פסיכומטרי,9,2024-05-13T08:03:33.000000Z,2024-05-13T08:03:33.000000Z
9367,167,אנלוגיות,סמ - 10 - 22,,1,Numeric bullet single choice,פסיכומטרי,5,2024-05-13T08:05:04.000000Z,2024-05-13T08:05:04.000000Z
9368,167,אנלוגיות,סמ - 10 - 23,,1,Numeric bullet single choice,פסיכומטרי,4,2024-05-13T08:06:25.000000Z,2024-05-13T08:06:25.000000Z
9369,167,אנלוגיות,סמ - 10 - 24,,1,Numeric bullet single choice,פסיכומטרי,5,2024-05-13T08:08:00.000000Z,2024-05-13T08:08:00.000000Z
9168,172,כללים וסידורים,סמ - 100 - 12,,1,Numeric bullet single choice,פסיכומטרי,7,2024-05-10T09:09:22.000000Z,2024-05-10T09:09:22.000000Z
8937,172,כללים וסידורים,סמ - 104 - 22,,1,Numeric bullet single choice,פסיכומטרי,7,2024-04-30T08:35:07.000000Z,2024-04-30T08:35:07.000000Z
8957,172,כללים וסידורים,סמ - 105 - 25,,1,Numeric bullet single choice,פסיכומטרי,7,2024-04-30T16:31:39.000000Z,2024-04-30T16:31:39.000000Z
8959,172,כללים וסידורים,סמ - 105 - 27,,1,Image and text,פסיכומטרי,6,2024-05-01T02:24:00.000000Z,2024-05-01T02:24:00.000000Z
8961,172,כללים וסידורים,סמ - 106 - 29,,1,Numeric bullet single choice,פסיכומטרי,5,2024-05-01T02:58:01.000000Z,2024-05-01T02:58:01.000000Z
8963,172,כללים וסידורים,סמ - 107 - 31,,1,Image and text,פסיכומטרי,8,2024-05-01T04:27:25.000000Z,2024-05-01T04:27:25.000000Z
8964,172,כללים וסידורים,סמ - 107 - 32,,1,Numeric bullet single choice,פסיכומטרי,8,2024-05-01T04:48:36.000000Z,2024-05-01T04:48:36.000000Z
8974,172,כללים וסידורים,סמ - 108 - 36,,1,Numeric bullet single choice,פסיכומטרי,8,2024-05-01T06:13:59.000000Z,2024-05-01T11:32:32.000000Z
8987,172,כללים וסידורים,סמ - 108 - 37,,1,Numeric bullet single choice,פסיכומטרי,7,2024-05-01T11:01:31.000000Z,2024-05-01T11:32:16.000000Z
8989,172,כללים וסידורים,סמ - 109 - 39,,1,Numeric bullet single choice,פסיכומטרי,8,2024-05-02T05:08:47.000000Z,2024-05-02T05:08:47.000000Z
8990,172,כללים וסידורים,סמ - 109 - 40,,1,Numeric bullet single choice,פסיכומטרי,9,2024-05-02T05:15:03.000000Z,2024-05-02T05:18:29.000000Z
9594,167,אנלוגיות,סמ - 11 - 26,,1,Numeric bullet single choice,פסיכומטרי,6,2024-05-19T03:38:34.000000Z,2024-05-19T03:38:34.000000Z
9598,167,אנלוגיות,סמ - 11 - 30,,1,Numeric bullet single choice,פסיכומטרי,7,2024-05-19T03:48:27.000000Z,2024-05-19T03:48:27.000000Z
9599,167,אנלוגיות,סמ - 12 - 31,,1,Numeric bullet single choice,פסיכומטרי,8,2024-05-19T03:53:13.000000Z,2024-05-19T03:53:13.000000Z
9600,167,אנלוגיות,סמ - 12 - 32,,1,Numeric bullet single choice,פסיכומטרי,7,2024-05-19T03:54:41.000000Z,2024-05-19T03:54:41.000000Z
9604,167,אנלוגיות,סמ - 12 - 35,,1,Numeric bullet single choice,פסיכומטרי,4,2024-05-19T03:59:04.000000Z,2024-05-19T03:59:04.000000Z
9605,167,אנלוגיות,סמ - 12 - 36,,1,Numeric bullet single choice,פסיכומטרי,5,2024-05-19T04:00:37.000000Z,2024-05-19T04:00:37.000000Z
10041,171,שאלות פסקה,סמ - 121 - 22,,1,Numeric bullet single choice,פסיכומטרי,6,2024-06-01T04:35:37.000000Z,2024-06-01T04:35:37.000000Z
10042,171,שאלות פסקה,סמ - 122 - 23,,1,Numeric bullet single choice,פסיכומטרי,4,2024-06-01T04:38:08.000000Z,2024-06-01T04:38:08.000000Z
10044,171,שאלות פסקה,סמ - 123 - 25,,1,Numeric bullet single choice,פסיכומטרי,8,2024-06-01T04:43:49.000000Z,2024-06-01T04:43:49.000000Z
10045,171,שאלות פסקה,סמ - 123 - 26,,1,Numeric bullet single choice,פסיכומטרי,6,2024-06-01T04:48:03.000000Z,2024-06-01T04:48:03.000000Z
10047,171,שאלות פסקה,סמ - 124 - 27,,1,Numeric bullet single choice,פסיכומטרי,4,2024-06-01T04:51:57.000000Z,2024-06-01T04:51:57.000000Z
10049,171,שאלות פסקה,סמ - 125 - 29,,1,Numeric bullet single choice,פסיכומטרי,2,2024-06-01T04:58:11.000000Z,2024-06-01T04:58:11.000000Z
10050,171,שאלות פסקה,סמ - 125 - 30,,1,Numeric bullet single choice,פסיכומטרי,4,2024-06-01T05:00:12.000000Z,2024-06-01T05:00:12.000000Z
10053,171,שאלות פסקה,סמ - 126 - 32,,1,Numeric bullet single choice,פסיכומטרי,4,2024-06-01T05:05:13.000000Z,2024-06-01T05:05:13.000000Z
10054,171,שאלות פסקה,סמ - 127 - 33,,1,Numeric bullet single choice,פסיכומטרי,5,2024-06-01T05:07:33.000000Z,2024-06-01T05:07:33.000000Z
10059,171,שאלות פסקה,סמ - 129 - 37,,1,Numeric bullet single choice,פסיכומטרי,5,2024-06-01T05:18:29.000000Z,2024-06-01T05:18:29.000000Z
9607,167,אנלוגיות,סמ - 13 - 37,,1,Numeric bullet single choice,פסיכומטרי,4,2024-05-19T04:03:38.000000Z,2024-05-19T04:03:38.000000Z
9610,167,אנלוגיות,סמ - 13 - 39,,1,Numeric bullet single choice,פסיכומטרי,5,2024-05-19T04:21:41.000000Z,2024-05-19T04:21:41.000000Z
9724,167,אנלוגיות,סמ - 14 - 44,,1,Numeric bullet single choice,פסיכומטרי,3,2024-05-20T06:21:21.000000Z,2024-05-20T06:21:21.000000Z
9785,167,אנלוגיות,סמ - 14 - 45,,1,Numeric bullet single choice,פסיכומטרי,4,2024-05-27T04:42:49.000000Z,2024-05-27T04:42:49.000000Z
9786,167,אנלוגיות,סמ - 14 - 46,,1,Numeric bullet single choice,פסיכומטרי,6,2024-05-27T04:47:08.000000Z,2024-05-27T04:47:08.000000Z
9787,167,אנלוגיות,סמ - 14 - 47,,1,Numeric bullet single choice,פסיכומטרי,7,2024-05-27T04:50:42.000000Z,2024-05-27T04:50:42.000000Z
9788,167,אנלוגיות,סמ - 14 - 48,,1,Numeric bullet single choice,פסיכומטרי,7,2024-05-27T04:53:21.000000Z,2024-05-27T04:53:21.000000Z
9789,167,אנלוגיות,סמ - 15 - 49,,1,Numeric bullet single choice,פסיכומטרי,3,2024-05-27T04:55:15.000000Z,2024-07-28T08:24:00.000000Z
9790,167,אנלוגיות,סמ - 15 - 50,,1,Numeric bullet single choice,פסיכומטרי,6,2024-05-27T04:57:07.000000Z,2024-05-27T04:57:07.000000Z
9791,167,אנלוגיות,סמ - 15 - 51,,1,Numeric bullet single choice,פסיכומטרי,9,2024-05-27T04:59:14.000000Z,2024-05-27T04:59:14.000000Z
9793,167,אנלוגיות,סמ - 15 - 53,,1,Numeric bullet single choice,פסיכומטרי,7,2024-05-27T05:02:21.000000Z,2024-05-27T05:02:21.000000Z
9795,167,אנלוגיות,סמ - 16 - 55,,1,Numeric bullet single choice,פסיכומטרי,8,2024-05-27T05:09:32.000000Z,2024-05-27T05:09:32.000000Z
9797,167,אנלוגיות,סמ - 16 - 57,,1,Numeric bullet single choice,פסיכומטרי,7,2024-05-27T05:16:45.000000Z,2024-05-27T05:16:45.000000Z
9798,167,אנלוגיות,סמ - 16 - 58,,1,Numeric bullet single choice,פסיכומטרי,7,2024-05-27T05:18:41.000000Z,2024-05-27T05:18:41.000000Z
9799,167,אנלוגיות,סמ - 16 - 59,,1,Numeric bullet single choice,פסיכומטרי,6,2024-05-27T05:27:48.000000Z,2024-08-16T09:50:32.000000Z
9800,167,אנלוגיות,סמ - 16 - 60,,1,Numeric bullet single choice,פסיכומטרי,6,2024-05-27T05:29:26.000000Z,2024-05-27T05:29:26.000000Z
7527,169,קטע קריאה,סמ - 169 - 114,,1,Numeric bullet single choice,פסיכומטרי,3,2024-01-18T15:32:35.000000Z,2024-01-18T15:32:35.000000Z
9801,167,אנלוגיות,סמ - 17 - 61,,1,Numeric bullet single choice,פסיכומטרי,7,2024-05-27T05:31:14.000000Z,2024-05-27T05:31:14.000000Z
9802,167,אנלוגיות,סמ - 17 - 62,,1,Numeric bullet single choice,פסיכומטרי,9,2024-05-27T05:33:27.000000Z,2024-05-27T05:33:27.000000Z
9803,167,אנלוגיות,סמ - 17 - 63,,1,Numeric bullet single choice,פסיכומטרי,2,2024-05-27T05:34:56.000000Z,2024-05-27T05:34:56.000000Z
9805,167,אנלוגיות,סמ - 17 - 65,,1,Numeric bullet single choice,פסיכומטרי,4,2024-05-27T05:38:18.000000Z,2024-05-27T05:38:18.000000Z
9808,167,אנלוגיות,סמ - 18 - 68,,1,Numeric bullet single choice,פסיכומטרי,7,2024-05-27T05:45:52.000000Z,2024-05-27T05:45:52.000000Z
9809,167,אנלוגיות,סמ - 18 - 69,,1,Numeric bullet single choice,פסיכומטרי,5,2024-05-27T05:47:54.000000Z,2024-05-27T05:48:44.000000Z
9810,167,אנלוגיות,סמ - 18 - 70,,1,Numeric bullet single choice,פסיכומטרי,6,2024-05-27T05:50:12.000000Z,2024-05-27T05:50:12.000000Z
9811,167,אנלוגיות,סמ - 18 - 71,,1,Numeric bullet single choice,פסיכומטרי,5,2024-05-27T05:51:50.000000Z,2024-05-27T05:51:50.000000Z
9915,167,אנלוגיות,סמ - 18 - 72,,1,Numeric bullet single choice,פסיכומטרי,10,2024-05-30T07:35:31.000000Z,2024-05-30T07:35:31.000000Z
9916,167,אנלוגיות,סמ - 19 - 73,,1,Numeric bullet single choice,פסיכומטרי,9,2024-05-30T07:37:16.000000Z,2024-05-30T07:37:16.000000Z
9917,167,אנלוגיות,סמ - 19 - 74,,1,Numeric bullet single choice,פסיכומטרי,8,2024-05-30T07:39:30.000000Z,2024-05-30T07:39:30.000000Z
9918,167,אנלוגיות,סמ - 19 - 75,,1,Numeric bullet single choice,פסיכומטרי,6,2024-05-30T07:41:11.000000Z,2024-05-30T07:41:11.000000Z
9920,167,אנלוגיות,סמ - 19 - 77,,1,Numeric bullet single choice,פסיכומטרי,6,2024-05-30T07:44:20.000000Z,2024-05-30T07:44:20.000000Z
9921,167,אנלוגיות,סמ - 19 - 78,,1,Numeric bullet single choice,פסיכומטרי,7,2024-05-30T07:45:40.000000Z,2024-05-30T07:45:40.000000Z
9924,167,אנלוגיות,סמ - 20 - 81,,1,Numeric bullet single choice,פסיכומטרי,4,2024-05-30T07:53:45.000000Z,2024-07-16T07:50:22.000000Z
9925,167,אנלוגיות,סמ - 20 - 82,,1,Numeric bullet single choice,פסיכומטרי,4,2024-05-30T07:55:48.000000Z,2024-05-30T07:55:48.000000Z
9926,167,אנלוגיות,סמ - 20 - 83,,1,Numeric bullet single choice,פסיכומטרי,5,2024-05-30T07:57:11.000000Z,2024-05-30T07:57:11.000000Z
9927,167,אנלוגיות,סמ - 20 - 84,,1,Numeric bullet single choice,פסיכומטרי,5,2024-05-30T07:58:36.000000Z,2024-05-30T07:58:36.000000Z
9928,167,אנלוגיות,סמ - 21 - 85,,1,Numeric bullet single choice,פסיכומטרי,4,2024-05-30T08:12:55.000000Z,2024-05-30T08:12:55.000000Z
9929,167,אנלוגיות,סמ - 21 - 86,,1,Numeric bullet single choice,פסיכומטרי,3,2024-05-30T08:14:27.000000Z,2024-05-30T08:14:27.000000Z
9930,167,אנלוגיות,סמ - 21 - 87,,1,Numeric bullet single choice,פסיכומטרי,2,2024-05-30T08:15:50.000000Z,2024-05-30T08:18:06.000000Z
9932,167,אנלוגיות,סמ - 21 - 88,,1,Numeric bullet single choice,פסיכומטרי,4,2024-05-30T08:17:40.000000Z,2024-05-30T08:17:40.000000Z
9982,167,אנלוגיות,סמ - 21 - 89,,1,Numeric bullet single choice,פסיכומטרי,5,2024-05-30T16:00:21.000000Z,2024-07-25T09:34:43.000000Z
9983,167,אנלוגיות,סמ - 21 - 90,,1,Numeric bullet single choice,פסיכומטרי,5,2024-05-30T16:02:26.000000Z,2024-05-30T16:02:26.000000Z
10176,167,אנלוגיות,סמ - 22 - 93,,1,Numeric bullet single choice,פסיכומטרי,4,2024-06-06T10:27:17.000000Z,2024-06-06T10:27:17.000000Z
10177,167,אנלוגיות,סמ - 22 - 94,,1,Numeric bullet single choice,פסיכומטרי,5,2024-06-06T10:28:55.000000Z,2024-06-06T10:28:55.000000Z
10178,167,אנלוגיות,סמ - 22 - 95,,1,Numeric bullet single choice,פסיכומטרי,4,2024-06-06T10:31:39.000000Z,2024-06-06T10:31:39.000000Z
10179,167,אנלוגיות,סמ - 22 - 96,,1,Numeric bullet single choice,פסיכומטרי,7,2024-06-06T10:36:14.000000Z,2024-06-06T10:36:14.000000Z
10183,167,אנלוגיות,סמ - 23 - 100,,1,Numeric bullet single choice,פסיכומטרי,5,2024-06-06T10:43:24.000000Z,2024-06-06T10:43:24.000000Z
10184,167,אנלוגיות,סמ - 23 - 101,,1,Numeric bullet single choice,פסיכומטרי,8,2024-06-06T10:44:30.000000Z,2024-06-06T10:44:30.000000Z
10185,167,אנלוגיות,סמ - 23 - 102,,1,Numeric bullet single choice,פסיכומטרי,7,2024-06-06T10:45:53.000000Z,2024-06-06T10:45:53.000000Z
10180,167,אנלוגיות,סמ - 23 - 97,,1,Numeric bullet single choice,פסיכומטרי,3,2024-06-06T10:37:52.000000Z,2024-06-06T10:37:52.000000Z
10181,167,אנלוגיות,סמ - 23 - 98,,1,Numeric bullet single choice,פסיכומטרי,4,2024-06-06T10:39:26.000000Z,2024-06-06T10:39:26.000000Z
10186,167,אנלוגיות,סמ - 24 - 103,,1,Numeric bullet single choice,פסיכומטרי,7,2024-06-06T10:47:21.000000Z,2024-06-06T10:47:21.000000Z
10187,167,אנלוגיות,סמ - 24 - 104,,1,Numeric bullet single choice,פסיכומטרי,6,2024-06-06T10:49:45.000000Z,2024-06-06T10:49:45.000000Z
10189,167,אנלוגיות,סמ - 24 - 106,,1,Numeric bullet single choice,פסיכומטרי,9,2024-06-06T10:52:34.000000Z,2024-06-06T10:52:34.000000Z
10190,167,אנלוגיות,סמ - 24 - 107,,1,Numeric bullet single choice,פסיכומטרי,9,2024-06-06T10:54:36.000000Z,2024-06-06T10:54:36.000000Z
10191,167,אנלוגיות,סמ - 24 - 108,,1,Numeric bullet single choice,פסיכומטרי,7,2024-06-06T10:56:00.000000Z,2024-06-06T10:56:00.000000Z
10192,167,אנלוגיות,סמ - 25 - 109,,1,Numeric bullet single choice,פסיכומטרי,8,2024-06-06T10:57:30.000000Z,2024-06-06T10:57:35.000000Z
10193,167,אנלוגיות,סמ - 25 - 110,,1,Numeric bullet single choice,פסיכומטרי,6,2024-06-06T11:07:19.000000Z,2024-06-06T11:07:19.000000Z
10229,167,אנלוגיות,סמ - 25 - 112,,1,Numeric bullet single choice,פסיכומטרי,9,2024-06-08T05:48:05.000000Z,2024-06-08T05:48:05.000000Z
10230,167,אנלוגיות,סמ - 25 - 113,,1,Numeric bullet single choice,פסיכומטרי,8,2024-06-08T05:49:19.000000Z,2024-06-08T05:49:19.000000Z
10233,167,אנלוגיות,סמ - 26 - 116,,1,Numeric bullet single choice,פסיכומטרי,9,2024-06-08T05:53:17.000000Z,2024-06-08T05:53:17.000000Z
10235,167,אנלוגיות,סמ - 26 - 118,,1,Numeric bullet single choice,פסיכומטרי,8,2024-06-08T05:55:32.000000Z,2024-06-08T05:55:32.000000Z
10237,167,אנלוגיות,סמ - 26 - 120,,1,Numeric bullet single choice,פסיכומטרי,5,2024-06-08T05:58:33.000000Z,2024-06-08T05:58:33.000000Z
10241,167,אנלוגיות,סמ - 27 - 123,,1,Numeric bullet single choice,פסיכומטרי,7,2024-06-08T06:04:26.000000Z,2024-06-08T06:04:26.000000Z
10240,167,אנלוגיות,סמ - 27 - 124,,1,Numeric bullet single choice,פסיכומטרי,8,2024-06-08T06:02:58.000000Z,2024-06-08T06:02:58.000000Z
10242,167,אנלוגיות,סמ - 27 - 125,,1,Numeric bullet single choice,פסיכומטרי,8,2024-06-08T06:05:33.000000Z,2024-06-08T06:05:33.000000Z
10243,167,אנלוגיות,סמ - 27 - 126,,1,Numeric bullet single choice,פסיכומטרי,9,2024-06-08T06:07:00.000000Z,2024-06-08T06:07:00.000000Z
10245,167,אנלוגיות,סמ - 28 - 128,,1,Numeric bullet single choice,פסיכומטרי,7,2024-06-08T06:10:12.000000Z,2024-06-08T06:10:12.000000Z
10246,167,אנלוגיות,סמ - 28 - 129,,1,Numeric bullet single choice,פסיכומטרי,6,2024-06-08T06:11:35.000000Z,2024-06-08T06:11:35.000000Z
10247,167,אנלוגיות,סמ - 28 - 130,,1,Numeric bullet single choice,פסיכומטרי,8,2024-06-08T06:13:09.000000Z,2024-06-08T06:13:09.000000Z
10248,167,אנלוגיות,סמ - 28 - 131,,1,Numeric bullet single choice,פסיכומטרי,9,2024-06-08T06:14:28.000000Z,2024-06-08T06:14:28.000000Z
10249,167,אנלוגיות,סמ - 28 - 132,,1,Numeric bullet single choice,פסיכומטרי,9,2024-06-08T06:15:46.000000Z,2024-06-08T06:15:46.000000Z
10251,167,אנלוגיות,סמ - 29 - 134,,1,Numeric bullet single choice,פסיכומטרי,7,2024-06-08T06:18:54.000000Z,2024-06-08T06:18:54.000000Z
10253,167,אנלוגיות,סמ - 29 - 136,,1,Numeric bullet single choice,פסיכומטרי,9,2024-06-08T06:21:59.000000Z,2024-06-08T06:21:59.000000Z
10258,167,אנלוגיות,סמ - 30 - 141,,1,Numeric bullet single choice,פסיכומטרי,8,2024-06-08T06:28:50.000000Z,2024-06-08T06:28:50.000000Z
10259,167,אנלוגיות,סמ - 30 - 142,,1,Numeric bullet single choice,פסיכומטרי,8,2024-06-08T06:30:51.000000Z,2024-06-08T06:30:51.000000Z
10260,167,אנלוגיות,סמ - 30 - 143,,1,Numeric bullet single choice,פסיכומטרי,10,2024-06-08T06:33:33.000000Z,2024-06-08T06:33:33.000000Z
10261,167,אנלוגיות,סמ - 30 - 144,,1,Numeric bullet single choice,פסיכומטרי,5,2024-06-08T06:34:40.000000Z,2024-06-08T06:34:40.000000Z
10262,167,אנלוגיות,סמ - 31 - 145,,1,Numeric bullet single choice,פסיכומטרי,6,2024-06-08T06:35:48.000000Z,2024-06-08T06:35:48.000000Z
10263,167,אנלוגיות,סמ - 31 - 146,,1,Numeric bullet single choice,פסיכומטרי,4,2024-06-08T06:36:54.000000Z,2024-06-08T06:36:54.000000Z
10264,167,אנלוגיות,סמ - 31 - 147,,1,Numeric bullet single choice,פסיכומטרי,4,2024-06-08T06:37:53.000000Z,2024-06-08T06:37:53.000000Z
10265,167,אנלוגיות,סמ - 31 - 148,,1,Numeric bullet single choice,פסיכומטרי,6,2024-06-08T06:39:09.000000Z,2024-06-08T06:39:09.000000Z
10266,167,אנלוגיות,סמ - 31 - 149,,1,Numeric bullet single choice,פסיכומטרי,9,2024-06-08T12:18:17.000000Z,2024-06-08T12:18:17.000000Z
10268,167,אנלוגיות,סמ - 32 - 151,,1,Numeric bullet single choice,פסיכומטרי,9,2024-06-08T12:21:23.000000Z,2024-06-08T12:21:23.000000Z
10271,167,אנלוגיות,סמ - 32 - 154,,1,Numeric bullet single choice,פסיכומטרי,5,2024-06-08T12:27:32.000000Z,2024-06-08T12:27:32.000000Z
10272,167,אנלוגיות,סמ - 32 - 155,,1,Numeric bullet single choice,פסיכומטרי,9,2024-06-08T12:29:40.000000Z,2024-06-08T12:29:40.000000Z
10274,167,אנלוגיות,סמ - 33 - 157,,1,Numeric bullet single choice,פסיכומטרי,8,2024-06-08T12:33:25.000000Z,2024-06-08T12:33:25.000000Z
10275,167,אנלוגיות,סמ - 33 - 158,,1,Numeric bullet single choice,פסיכומטרי,5,2024-06-08T12:35:06.000000Z,2024-06-08T12:35:06.000000Z
10276,167,אנלוגיות,סמ - 33 - 159,,1,Numeric bullet single choice,פסיכומטרי,6,2024-06-08T12:36:41.000000Z,2024-06-08T12:36:41.000000Z
8998,168,השלמת משפטים מילולי,סמ - 35 - 2,,1,Numeric bullet single choice,פסיכומטרי,4,2024-05-02T13:27:41.000000Z,2024-05-02T13:27:41.000000Z
9002,168,השלמת משפטים מילולי,סמ - 36 - 6,,1,Numeric bullet single choice,פסיכומטרי,7,2024-05-04T07:12:34.000000Z,2024-05-04T07:12:34.000000Z
9003,168,השלמת משפטים מילולי,סמ - 37 - 7,,1,Numeric bullet single choice,פסיכומטרי,4,2024-05-04T07:18:37.000000Z,2024-05-04T07:18:37.000000Z
9005,168,השלמת משפטים מילולי,סמ - 37 - 9,,1,Numeric bullet single choice,פסיכומטרי,5,2024-05-04T07:47:38.000000Z,2024-05-04T07:47:55.000000Z
9007,168,השלמת משפטים מילולי,סמ - 38 - 11,,1,Numeric bullet single choice,פסיכומטרי,4,2024-05-04T08:05:01.000000Z,2024-05-04T08:05:01.000000Z
9008,168,השלמת משפטים מילולי,סמ - 38 - 12,,1,Numeric bullet single choice,פסיכומטרי,5,2024-05-04T08:09:26.000000Z,2024-05-04T08:09:26.000000Z
9010,168,השלמת משפטים מילולי,סמ - 39 - 14,,1,Numeric bullet single choice,פסיכומטרי,3,2024-05-05T04:59:38.000000Z,2024-05-05T04:59:38.000000Z
9013,168,השלמת משפטים מילולי,סמ - 40 - 17,,1,Numeric bullet single choice,פסיכומטרי,3,2024-05-05T05:26:17.000000Z,2024-05-05T05:26:17.000000Z
9014,168,השלמת משפטים מילולי,סמ - 40 - 18,,1,Numeric bullet single choice,פסיכומטרי,8,2024-05-05T05:31:53.000000Z,2024-05-05T05:31:53.000000Z
9015,168,השלמת משפטים מילולי,סמ - 41 - 19,,1,Numeric bullet single choice,פסיכומטרי,8,2024-05-05T06:06:39.000000Z,2024-05-05T06:06:39.000000Z
9017,168,השלמת משפטים מילולי,סמ - 41 - 21,,1,Numeric bullet single choice,פסיכומטרי,5,2024-05-05T11:39:09.000000Z,2024-05-05T11:39:09.000000Z
9019,168,השלמת משפטים מילולי,סמ - 42 - 22,,1,Numeric bullet single choice,פסיכומטרי,4,2024-05-05T11:48:37.000000Z,2024-05-05T11:48:37.000000Z
9020,168,השלמת משפטים מילולי,סמ - 42 - 23,,1,Numeric bullet single choice,פסיכומטרי,7,2024-05-05T11:54:20.000000Z,2024-05-05T11:54:20.000000Z
9022,168,השלמת משפטים מילולי,סמ - 42 - 24,,1,Numeric bullet single choice,פסיכומטרי,7,2024-05-05T11:58:30.000000Z,2024-05-05T11:58:30.000000Z
9030,168,השלמת משפטים מילולי,סמ - 42 - 24,,1,Numeric bullet single choice,פסיכומטרי,4,2024-05-06T05:01:34.000000Z,2024-05-06T05:01:52.000000Z
9031,168,השלמת משפטים מילולי,סמ - 43 - 25,,1,Numeric bullet single choice,פסיכומטרי,4,2024-05-06T05:30:39.000000Z,2024-05-06T05:30:39.000000Z
9032,168,השלמת משפטים מילולי,סמ - 43 - 26,,1,Numeric bullet single choice,פסיכומטרי,5,2024-05-06T05:33:14.000000Z,2024-05-06T05:33:14.000000Z
9034,168,השלמת משפטים מילולי,סמ - 44 - 28,,1,Numeric bullet single choice,פסיכומטרי,4,2024-05-06T05:39:19.000000Z,2024-05-06T05:39:19.000000Z
7632,168,השלמת משפטים מילולי,סמ - 45 - 32,,1,Numeric bullet single choice,פסיכומטרי,5,2024-01-20T20:45:54.000000Z,2024-01-20T20:45:54.000000Z
7633,168,השלמת משפטים מילולי,סמ - 45 - 33,,1,Numeric bullet single choice,פסיכומטרי,6,2024-01-20T20:50:08.000000Z,2024-01-20T20:50:08.000000Z
7689,168,השלמת משפטים מילולי,סמ - 46 - 34,,1,Numeric bullet single choice,פסיכומטרי,5,2024-01-23T09:35:06.000000Z,2024-01-23T09:35:06.000000Z
7691,168,השלמת משפטים מילולי,סמ - 46 - 34,,1,Numeric bullet single choice,פסיכומטרי,5,2024-01-23T09:40:20.000000Z,2024-01-23T09:40:20.000000Z
7705,168,השלמת משפטים מילולי,סמ - 46 - 36,,1,Numeric bullet single choice,פסיכומטרי,6,2024-01-24T04:14:24.000000Z,2024-11-10T03:40:48.000000Z
7751,168,השלמת משפטים מילולי,סמ - 47 - 38,,1,Numeric bullet single choice,פסיכומטרי,5,2024-01-28T10:03:35.000000Z,2024-01-28T10:03:35.000000Z
7752,168,השלמת משפטים מילולי,סמ - 47 - 39,,1,Numeric bullet single choice,פסיכומטרי,5,2024-01-28T10:07:26.000000Z,2024-01-28T10:07:26.000000Z
7754,168,השלמת משפטים מילולי,סמ - 48 - 41,,1,Numeric bullet single choice,פסיכומטרי,5,2024-01-29T12:09:15.000000Z,2024-01-29T12:09:15.000000Z
7755,168,השלמת משפטים מילולי,סמ - 48 - 42,,1,Numeric bullet single choice,פסיכומטרי,5,2024-01-29T12:15:49.000000Z,2024-01-29T12:15:49.000000Z
7756,168,השלמת משפטים מילולי,סמ - 49 - 43,,1,Numeric bullet single choice,פסיכומטרי,7,2024-01-29T12:20:57.000000Z,2024-01-29T12:20:57.000000Z
7757,168,השלמת משפטים מילולי,סמ - 49 - 44,,1,Numeric bullet single choice,פסיכומטרי,6,2024-01-29T12:23:33.000000Z,2024-01-29T12:23:33.000000Z
7758,168,השלמת משפטים מילולי,סמ - 49 - 45,,1,Numeric bullet single choice,פסיכומטרי,6,2024-01-29T12:28:29.000000Z,2024-01-29T12:28:29.000000Z
7784,168,השלמת משפטים מילולי,סמ - 50 - 46,,1,Numeric bullet single choice,פסיכומטרי,5,2024-02-03T21:40:16.000000Z,2024-02-03T21:40:16.000000Z
7785,168,השלמת משפטים מילולי,סמ - 50 - 48,,1,Numeric bullet single choice,פסיכומטרי,7,2024-02-03T21:44:29.000000Z,2024-02-03T21:44:29.000000Z
7790,168,השלמת משפטים מילולי,סמ - 51 - 49,,1,Numeric bullet single choice,פסיכומטרי,6,2024-02-17T15:19:40.000000Z,2024-02-17T15:19:40.000000Z
7791,168,השלמת משפטים מילולי,סמ - 51 - 50,,1,Numeric bullet single choice,פסיכומטרי,5,2024-02-17T15:22:24.000000Z,2024-02-17T15:22:24.000000Z
7792,168,השלמת משפטים מילולי,סמ - 51 - 51,,1,Numeric bullet single choice,פסיכומטרי,5,2024-02-17T15:25:53.000000Z,2024-02-17T15:25:53.000000Z
7793,168,השלמת משפטים מילולי,סמ - 52 - 52,,1,Numeric bullet single choice,פסיכומטרי,6,2024-02-17T15:47:01.000000Z,2024-02-17T15:47:01.000000Z
7794,168,השלמת משפטים מילולי,סמ - 52 - 53,,1,Numeric bullet single choice,פסיכומטרי,7,2024-02-17T15:50:10.000000Z,2024-02-17T15:50:10.000000Z
7795,168,השלמת משפטים מילולי,סמ - 52 - 54,,1,Numeric bullet single choice,פסיכומטרי,5,2024-02-17T15:54:39.000000Z,2024-02-17T15:54:39.000000Z
7796,168,השלמת משפטים מילולי,סמ - 53 - 55,,1,Numeric bullet single choice,פסיכומטרי,5,2024-02-17T16:00:50.000000Z,2024-02-17T16:00:50.000000Z
7797,168,השלמת משפטים מילולי,סמ - 53 - 56,,1,Numeric bullet single choice,פסיכומטרי,7,2024-02-17T16:04:43.000000Z,2024-02-17T16:04:43.000000Z
7798,168,השלמת משפטים מילולי,סמ - 53 - 57,,1,Numeric bullet single choice,פסיכומטרי,5,2024-02-17T16:11:38.000000Z,2024-02-17T16:11:38.000000Z
7799,168,השלמת משפטים מילולי,סמ - 54 - 58,,1,Numeric bullet single choice,פסיכומטרי,6,2024-02-17T16:16:59.000000Z,2024-02-17T16:16:59.000000Z
7800,168,השלמת משפטים מילולי,סמ - 54 - 59,,1,Numeric bullet single choice,פסיכומטרי,6,2024-02-17T16:27:38.000000Z,2024-02-17T16:27:38.000000Z
6828,168,השלמת משפטים מילולי,סמ - 55 - 61,,1,Numeric bullet single choice,פסיכומטרי,2,2023-12-30T17:52:41.000000Z,2024-04-14T11:07:07.000000Z
7074,168,השלמת משפטים מילולי,סמ - 55 - 62,,1,Numeric bullet single choice,פסיכומטרי,5,2024-01-04T05:36:45.000000Z,2024-04-14T12:03:28.000000Z
7076,168,השלמת משפטים מילולי,סמ - 56 - 64,,1,Numeric bullet single choice,פסיכומטרי,5,2024-01-04T05:51:10.000000Z,2024-04-14T12:13:57.000000Z
7077,168,השלמת משפטים מילולי,סמ - 56 - 65,,1,Numeric bullet single choice,פסיכומטרי,8,2024-01-04T05:54:47.000000Z,2024-04-14T12:22:58.000000Z
7078,168,השלמת משפטים מילולי,סמ - 56 - 66,,1,Numeric bullet single choice,פסיכומטרי,5,2024-01-04T06:00:58.000000Z,2024-04-15T12:22:05.000000Z
7079,168,השלמת משפטים מילולי,סמ - 57 - 67,,1,Numeric bullet single choice,פסיכומטרי,3,2024-01-04T06:15:25.000000Z,2024-04-15T12:27:46.000000Z
7081,168,השלמת משפטים מילולי,סמ - 57 - 69,,1,Numeric bullet single choice,פסיכומטרי,9,2024-01-04T06:27:57.000000Z,2024-04-15T12:52:06.000000Z
7082,168,השלמת משפטים מילולי,סמ - 58 - 70,,1,Numeric bullet single choice,פסיכומטרי,5,2024-01-04T06:31:10.000000Z,2024-04-15T13:10:05.000000Z
7083,168,השלמת משפטים מילולי,סמ - 58 - 71,,1,Numeric bullet single choice,פסיכומטרי,5,2024-01-04T06:34:54.000000Z,2024-04-15T13:18:55.000000Z
7084,168,השלמת משפטים מילולי,סמ - 58 - 72,,1,Numeric bullet single choice,פסיכומטרי,3,2024-01-04T06:37:46.000000Z,2024-04-16T03:58:45.000000Z
7085,168,השלמת משפטים מילולי,סמ - 59 - 73,,1,Numeric bullet single choice,פסיכומטרי,2,2024-01-04T06:44:51.000000Z,2024-04-16T04:04:14.000000Z
7087,168,השלמת משפטים מילולי,סמ - 59 - 75,,1,Numeric bullet single choice,פסיכומטרי,10,2024-01-04T06:52:36.000000Z,2024-04-16T04:15:02.000000Z
7088,168,השלמת משפטים מילולי,סמ - 60 - 76,,1,Numeric bullet single choice,פסיכומטרי,6,2024-01-04T06:56:56.000000Z,2024-04-16T04:20:15.000000Z
7089,168,השלמת משפטים מילולי,סמ - 60 - 77,,1,Numeric bullet single choice,פסיכומטרי,6,2024-01-04T07:03:13.000000Z,2024-04-16T04:33:51.000000Z
7090,168,השלמת משפטים מילולי,סמ - 60 - 78,,1,Numeric bullet single choice,פסיכומטרי,6,2024-01-04T07:08:22.000000Z,2024-04-16T04:37:40.000000Z
7091,168,השלמת משפטים מילולי,סמ - 61 - 79,,1,Numeric bullet single choice,פסיכומטרי,6,2024-01-04T09:34:31.000000Z,2024-04-16T04:41:19.000000Z
7093,168,השלמת משפטים מילולי,סמ - 61 - 81,,1,Numeric bullet single choice,פסיכומטרי,8,2024-01-04T09:43:46.000000Z,2024-04-16T04:48:36.000000Z
7094,168,השלמת משפטים מילולי,סמ - 62 - 82,,1,Numeric bullet single choice,פסיכומטרי,6,2024-01-04T09:48:33.000000Z,2024-04-16T04:55:06.000000Z
7095,168,השלמת משפטים מילולי,סמ - 62 - 83,,1,Numeric bullet single choice,פסיכומטרי,5,2024-01-04T09:52:47.000000Z,2024-04-16T08:58:55.000000Z
7096,168,השלמת משפטים מילולי,סמ - 62 - 84,,1,Numeric bullet single choice,פסיכומטרי,9,2024-01-04T09:55:38.000000Z,2024-04-16T09:02:21.000000Z
7097,168,השלמת משפטים מילולי,סמ - 63 - 85,,1,Numeric bullet single choice,פסיכומטרי,6,2024-01-04T09:58:31.000000Z,2024-04-16T09:11:00.000000Z
7098,168,השלמת משפטים מילולי,סמ - 63 - 86,,1,Numeric bullet single choice,פסיכומטרי,7,2024-01-04T10:02:54.000000Z,2024-04-16T09:12:48.000000Z
7101,168,השלמת משפטים מילולי,סמ - 64 - 89,,1,Numeric bullet single choice,פסיכומטרי,6,2024-01-04T10:22:38.000000Z,2024-04-18T09:41:28.000000Z
7102,168,השלמת משפטים מילולי,סמ - 64 - 90,,1,Numeric bullet single choice,פסיכומטרי,9,2024-01-04T12:27:49.000000Z,2024-04-18T09:47:16.000000Z
9180,173,עריכת ניסוי,סמ - 67 - 1,,1,Numeric bullet single choice,פסיכומטרי,2,2024-05-10T09:42:52.000000Z,2024-05-10T09:42:52.000000Z
9181,173,עריכת ניסוי,סמ - 67 - 2,,1,Numeric bullet single choice,פסיכומטרי,4,2024-05-10T09:49:48.000000Z,2024-05-10T09:49:48.000000Z
9187,173,עריכת ניסוי,סמ - 68 - 5,,1,Numeric bullet single choice,פסיכומטרי,3,2024-05-10T10:12:57.000000Z,2024-05-10T10:12:57.000000Z
9190,173,עריכת ניסוי,סמ - 69 - 7,,1,Numeric bullet single choice,פסיכומטרי,3,2024-05-10T10:17:32.000000Z,2024-05-10T10:17:32.000000Z
9316,167,אנלוגיות,סמ - 7 - 1,,1,Numeric bullet single choice,פסיכומטרי,6,2024-05-13T04:25:41.000000Z,2024-05-13T04:25:54.000000Z
9319,167,אנלוגיות,סמ - 7 - 4,,1,Numeric bullet single choice,פסיכומטרי,6,2024-05-13T04:31:02.000000Z,2024-05-13T04:31:02.000000Z
9230,173,עריכת ניסוי,סמ - 70 - 10,,1,Numeric bullet single choice,פסיכומטרי,3,2024-05-10T14:20:35.000000Z,2024-05-10T14:20:35.000000Z
9231,173,עריכת ניסוי,סמ - 70 - 11,,1,Numeric bullet single choice,פסיכומטרי,3,2024-05-10T14:23:52.000000Z,2024-05-10T14:23:52.000000Z
9240,173,עריכת ניסוי,סמ - 72 - 14,,1,Numeric bullet single choice,פסיכומטרי,3,2024-05-12T04:11:28.000000Z,2024-05-12T04:11:28.000000Z
9241,173,עריכת ניסוי,סמ - 72 - 15,,1,Numeric bullet single choice,פסיכומטרי,7,2024-05-12T04:14:55.000000Z,2024-05-12T04:14:55.000000Z
9242,173,עריכת ניסוי,סמ - 72 - 16,,1,Numeric bullet single choice,פסיכומטרי,4,2024-05-12T04:19:50.000000Z,2024-05-12T04:19:50.000000Z
9243,173,עריכת ניסוי,סמ - 73 - 17,,1,Numeric bullet single choice,פסיכומטרי,4,2024-05-12T04:22:14.000000Z,2024-05-12T04:22:14.000000Z
9244,173,עריכת ניסוי,סמ - 73 - 18,,1,Numeric bullet single choice,פסיכומטרי,5,2024-05-12T04:51:59.000000Z,2024-05-12T04:51:59.000000Z
9245,173,עריכת ניסוי,סמ - 73 - 19,,1,Numeric bullet single choice,פסיכומטרי,4,2024-05-12T04:54:27.000000Z,2024-05-12T04:54:27.000000Z
9246,173,עריכת ניסוי,סמ - 74 - 20,,1,Numeric bullet single choice,פסיכומטרי,4,2024-05-12T04:57:42.000000Z,2024-05-12T04:57:42.000000Z
8991,173,עריכת ניסוי,סמ - 74 - 21,,1,Numeric bullet single choice,פסיכומטרי,5,2024-05-02T05:51:58.000000Z,2024-05-02T05:51:58.000000Z
8992,173,עריכת ניסוי,סמ - 74 - 22,,1,Numeric bullet single choice,פסיכומטרי,4,2024-05-02T05:55:13.000000Z,2024-05-02T05:55:13.000000Z
8993,173,עריכת ניסוי,סמ - 75 - 23,,1,Numeric bullet single choice,פסיכומטרי,4,2024-05-02T06:01:54.000000Z,2024-05-02T06:01:54.000000Z
8995,173,עריכת ניסוי,סמ - 75 - 25,,1,Numeric bullet single choice,פסיכומטרי,5,2024-05-02T06:16:39.000000Z,2024-05-02T06:16:39.000000Z
8996,173,עריכת ניסוי,סמ - 76 - 26,,1,Numeric bullet single choice,פסיכומטרי,4,2024-05-02T06:21:20.000000Z,2024-05-02T06:21:47.000000Z
9018,173,עריכת ניסוי,סמ - 76 - 27,,1,Numeric bullet single choice,פסיכומטרי,5,2024-05-05T11:48:35.000000Z,2024-05-05T11:48:35.000000Z
9023,173,עריכת ניסוי,סמ - 77 - 29,,1,Numeric bullet single choice,פסיכומטרי,6,2024-05-05T12:11:16.000000Z,2024-05-05T12:11:16.000000Z
9024,173,עריכת ניסוי,סמ - 77 - 30,,1,Numeric bullet single choice,פסיכומטרי,6,2024-05-05T12:18:26.000000Z,2024-05-05T12:18:26.000000Z
9025,173,עריכת ניסוי,סמ - 77 - 31,,1,Numeric bullet single choice,פסיכומטרי,5,2024-05-05T12:22:16.000000Z,2024-07-12T10:59:14.000000Z
9026,173,עריכת ניסוי,סמ - 78 - 32,,1,Numeric bullet single choice,פסיכומטרי,6,2024-05-05T12:27:29.000000Z,2024-05-05T12:27:29.000000Z
9027,173,עריכת ניסוי,סמ - 78 - 33,,1,Numeric bullet single choice,פסיכומטרי,7,2024-05-05T12:30:36.000000Z,2024-05-05T12:30:36.000000Z
9028,173,עריכת ניסוי,סמ - 78 - 34,,1,Numeric bullet single choice,פסיכומטרי,8,2024-05-05T12:34:46.000000Z,2024-05-05T12:34:46.000000Z
9029,173,עריכת ניסוי,סמ - 79 - 35,,1,Text question with image answers,פסיכומטרי,8,2024-05-05T12:47:36.000000Z,2024-05-05T12:47:36.000000Z
9038,173,עריכת ניסוי,סמ - 79 - 36,,1,Numeric bullet single choice,פסיכומטרי,6,2024-05-06T09:12:15.000000Z,2024-05-06T09:12:42.000000Z
9355,167,אנלוגיות,סמ - 8 - 10,,1,Numeric bullet single choice,פסיכומטרי,6,2024-05-13T07:38:34.000000Z,2024-05-13T07:38:34.000000Z
9354,167,אנלוגיות,סמ - 8 - 9,,1,Numeric bullet single choice,פסיכומטרי,5,2024-05-13T07:36:41.000000Z,2024-05-13T07:36:41.000000Z
9041,173,עריכת ניסוי,סמ - 80 - 37,,1,Numeric bullet single choice,פסיכומטרי,7,2024-05-06T09:16:57.000000Z,2024-05-06T09:17:21.000000Z
9045,173,עריכת ניסוי,סמ - 80 - 38,,1,Numeric bullet single choice,פסיכומטרי,6,2024-05-06T09:21:06.000000Z,2024-05-06T09:21:06.000000Z
9047,173,עריכת ניסוי,סמ - 80 - 39,,1,Numeric bullet single choice,פסיכומטרי,8,2024-05-06T09:23:42.000000Z,2024-07-12T10:27:53.000000Z
9049,173,עריכת ניסוי,סמ - 81 - 40,,1,Numeric bullet single choice,פסיכומטרי,10,2024-05-06T09:29:53.000000Z,2024-05-06T09:29:53.000000Z
9248,174,משמעות מילולית,סמ - 83 - 2,,1,Numeric bullet single choice,פסיכומטרי,3,2024-05-12T05:03:42.000000Z,2024-05-12T05:03:58.000000Z
9253,174,משמעות מילולית,סמ - 84 - 5,,1,Image and text,פסיכומטרי,3,2024-05-12T05:11:32.000000Z,2024-05-12T05:11:32.000000Z
9260,174,משמעות מילולית,סמ - 85 - 8,,1,Numeric bullet single choice,פסיכומטרי,2,2024-05-12T05:23:50.000000Z,2024-05-12T05:23:50.000000Z
9264,174,משמעות מילולית,סמ - 86 - 11,,1,Numeric bullet single choice,פסיכומטרי,3,2024-05-12T05:29:16.000000Z,2024-05-12T05:29:16.000000Z
9268,174,משמעות מילולית,סמ - 87 - 14,,1,Numeric bullet single choice,פסיכומטרי,4,2024-05-12T05:38:51.000000Z,2024-05-12T05:38:51.000000Z
9269,174,משמעות מילולית,סמ - 87 - 15,,1,Numeric bullet single choice,פסיכומטרי,3,2024-05-12T05:42:33.000000Z,2024-05-12T05:42:33.000000Z
9271,174,משמעות מילולית,סמ - 87 - 16,,1,Numeric bullet single choice,פסיכומטרי,5,2024-05-12T05:44:22.000000Z,2024-05-12T05:44:22.000000Z
9274,174,משמעות מילולית,סמ - 88 - 19,,1,Numeric bullet single choice,פסיכומטרי,4,2024-05-12T05:51:19.000000Z,2024-05-12T05:51:19.000000Z
10352,174,משמעות מילולית,סמ - 89 - 22,,1,Numeric bullet single choice,פסיכומטרי,5,2024-06-16T02:57:55.000000Z,2024-06-16T02:57:55.000000Z
10353,174,משמעות מילולית,סמ - 90 - 23,,1,Numeric bullet single choice,פסיכומטרי,6,2024-06-16T03:20:41.000000Z,2024-06-16T03:21:07.000000Z
10355,174,משמעות מילולית,סמ - 90 - 25,,1,Numeric bullet single choice,פסיכומטרי,4,2024-06-16T03:27:44.000000Z,2024-06-16T03:27:44.000000Z
10356,174,משמעות מילולית,סמ - 91 - 26,,1,Numeric bullet single choice,פסיכומטרי,4,2024-06-16T03:30:08.000000Z,2024-06-16T03:30:08.000000Z
10357,174,משמעות מילולית,סמ - 91 - 27,,1,Numeric bullet single choice,פסיכומטרי,5,2024-06-16T03:32:25.000000Z,2024-06-16T03:32:25.000000Z
10362,174,משמעות מילולית,סמ - 93 - 32,,1,Numeric bullet single choice,פסיכומטרי,6,2024-06-16T04:04:07.000000Z,2024-06-16T04:04:07.000000Z
10363,174,משמעות מילולית,סמ - 93 - 33,,1,Numeric bullet single choice,פסיכומטרי,5,2024-06-16T04:08:56.000000Z,2024-06-16T04:08:56.000000Z
10366,174,משמעות מילולית,סמ - 94 - 37,,1,Image and text,פסיכומטרי,8,2024-06-16T04:23:56.000000Z,2024-06-16T04:23:56.000000Z
10367,174,משמעות מילולית,סמ - 95 - 38,,1,Numeric bullet single choice,פסיכומטרי,5,2024-06-16T04:26:12.000000Z,2024-06-16T04:26:12.000000Z
10368,174,משמעות מילולית,סמ - 95 - 39,,1,Numeric bullet single choice,פסיכומטרי,6,2024-06-16T04:28:07.000000Z,2024-06-16T04:28:07.000000Z
10369,174,משמעות מילולית,סמ - 95 - 40,,1,Numeric bullet single choice,פסיכומטרי,6,2024-06-16T04:30:20.000000Z,2024-06-16T04:30:20.000000Z
9079,172,כללים וסידורים,סמ - 99 - 7,,1,Numeric bullet single choice,פסיכומטרי,3,2024-05-07T12:25:03.000000Z,2024-05-07T12:25:03.000000Z
9081,172,כללים וסידורים,סמ - 99 - 9,,1,Numeric bullet single choice,פסיכומטרי,6,2024-05-07T12:32:40.000000Z,2024-05-07T12:35:06.000000Z
5091,115,קווים וזוויות,צל - 06 - 03,,1,Image and text,פסיכומטרי,1,2023-12-18T10:12:26.000000Z,2023-12-18T10:12:26.000000Z
5092,115,קווים וזוויות,צל - 06 - 04,,1,Image and text,פסיכומטרי,1,2023-12-18T10:17:39.000000Z,2023-12-18T10:17:39.000000Z
5212,115,קווים וזוויות,צל - 09 - 09,,1,Image and text,פסיכומטרי,1,2023-12-19T09:44:42.000000Z,2023-12-19T09:44:42.000000Z
5227,115,קווים וזוויות,צל - 09 - 11,,1,Image and text,פסיכומטרי,2.5,2023-12-19T11:23:34.000000Z,2024-02-21T12:50:15.000000Z
5231,115,קווים וזוויות,צל - 10 - 13,,1,Image and text,פסיכומטרי,2,2023-12-19T11:39:47.000000Z,2024-02-17T08:17:16.000000Z
5232,115,קווים וזוויות,צל - 10 - 14,,1,Image and text,פסיכומטרי,1,2023-12-19T11:47:30.000000Z,2024-02-17T08:18:38.000000Z
5233,115,קווים וזוויות,צל - 10 - 15,,1,Image and text,פסיכומטרי,1,2023-12-19T11:51:07.000000Z,2023-12-19T11:51:07.000000Z
5237,115,קווים וזוויות,צל - 11 - 17,,1,Image and text,פסיכומטרי,2,2023-12-19T12:01:43.000000Z,2024-02-17T08:24:31.000000Z
5239,115,קווים וזוויות,צל - 12 - 01,,1,Image and text,פסיכומטרי,1,2023-12-19T12:30:43.000000Z,2024-02-17T08:26:11.000000Z
5240,115,קווים וזוויות,צל - 12 - 02,,1,Image and text,פסיכומטרי,1,2023-12-19T12:37:53.000000Z,2023-12-19T12:37:53.000000Z
8001,122,שטחים,צל - 129 - 6,,1,Image and text,פסיכומטרי,1,2024-03-16T11:09:26.000000Z,2024-03-16T11:09:26.000000Z
5241,115,קווים וזוויות,צל - 13 - 03,,1,Image and text,פסיכומטרי,1,2023-12-19T12:45:38.000000Z,2024-02-17T08:29:28.000000Z
5242,115,קווים וזוויות,צל - 13 - 04,,1,Image and text,פסיכומטרי,2,2023-12-19T12:52:02.000000Z,2024-02-17T08:31:36.000000Z
5244,115,קווים וזוויות,צל - 13 - 05,,1,Image and text,פסיכומטרי,1,2023-12-19T12:59:44.000000Z,2023-12-19T12:59:44.000000Z
4841,116,משולשים,צל - 16 - 2,,1,Image and text,פסיכומטרי,1,2023-12-13T10:27:01.000000Z,2023-12-31T10:02:46.000000Z
4844,116,משולשים,צל - 17 - 5,,1,Image and text,פסיכומטרי,1,2023-12-13T10:46:55.000000Z,2024-02-19T07:52:40.000000Z
4845,116,משולשים,צל - 18 - 6,,1,Image and text,פסיכומטרי,2.5,2023-12-13T10:53:26.000000Z,2024-02-19T07:57:57.000000Z
4949,116,משולשים,צל - 19 - 08,,1,Image and text,פסיכומטרי,2.5,2023-12-17T09:57:32.000000Z,2024-02-19T08:00:12.000000Z
4951,116,משולשים,צל - 19 - 09,,1,Image and text,פסיכומטרי,1,2023-12-17T10:02:44.000000Z,2023-12-17T10:02:44.000000Z
4955,116,משולשים,צל - 21 - 11,,1,Image and text,פסיכומטרי,2.5,2023-12-17T10:12:44.000000Z,2024-02-19T08:02:38.000000Z
4960,116,משולשים,צל - 22 - 12,,1,Image and text,פסיכומטרי,2,2023-12-17T10:19:14.000000Z,2024-02-19T08:03:40.000000Z
4978,116,משולשים,צל - 23 - 16,,1,Image and text,פסיכומטרי,1,2023-12-17T10:51:39.000000Z,2024-02-19T08:16:45.000000Z
4996,122,שטחים,צל - 25 - 21,,1,Image and text,פסיכומטרי,1,2023-12-17T11:20:00.000000Z,2024-03-16T09:35:56.000000Z
4999,122,שטחים,צל - 26 - 22,,1,Image and text,פסיכומטרי,1,2023-12-17T11:24:40.000000Z,2024-03-16T09:35:06.000000Z
5001,122,שטחים,צל - 26 - 23,,1,Image and text,פסיכומטרי,1,2023-12-17T11:28:55.000000Z,2023-12-17T11:29:17.000000Z
5005,122,שטחים,צל - 26 - 24,,1,Image and text,פסיכומטרי,1,2023-12-17T11:35:08.000000Z,2024-03-16T09:31:12.000000Z
5009,122,שטחים,צל - 26 - 25,,1,Image and text,פסיכומטרי,1,2023-12-17T11:40:40.000000Z,2024-03-16T09:29:18.000000Z
5012,116,משולשים,צל - 27 - 01,,1,Image and text,פסיכומטרי,1,2023-12-17T11:45:35.000000Z,2023-12-17T11:45:35.000000Z
5024,116,משולשים,צל - 28 - 05,,1,Image and text,פסיכומטרי,2,2023-12-17T12:07:09.000000Z,2024-02-19T08:31:48.000000Z
5038,116,משולשים,צל - 30 - 08,,1,Image and text,פסיכומטרי,1,2023-12-17T12:27:56.000000Z,2024-02-19T08:35:41.000000Z
5043,116,משולשים,צל - 30 - 09,,1,Image and text,פסיכומטרי,2,2023-12-17T12:32:37.000000Z,2024-02-19T08:36:42.000000Z
5044,116,משולשים,צל - 30 - 10,,1,Image and text,פסיכומטרי,2,2023-12-17T12:38:15.000000Z,2024-02-19T08:39:46.000000Z
5045,116,משולשים,צל - 31 - 01,,1,Image and text,פסיכומטרי,1,2023-12-17T13:10:57.000000Z,2024-02-19T08:41:06.000000Z
5046,116,משולשים,צל - 31 - 02,,1,Image and text,פסיכומטרי,1,2023-12-17T13:17:16.000000Z,2024-02-19T08:45:37.000000Z
5047,116,משולשים,צל - 32 - 03,,1,Image and text,פסיכומטרי,1,2023-12-17T13:22:21.000000Z,2024-02-19T08:47:33.000000Z
5048,116,משולשים,צל - 32 - 04,,1,Image and text,פסיכומטרי,1,2023-12-17T13:30:05.000000Z,2024-02-19T08:48:51.000000Z
5049,116,משולשים,צל - 32 - 05,,1,Image and text,פסיכומטרי,1,2023-12-17T13:36:28.000000Z,2024-02-19T08:50:04.000000Z
7163,119,מעגלים,צל - 61 - 16,,1,Image and text,פסיכומטרי,2,2024-01-08T12:47:16.000000Z,2024-02-26T13:03:53.000000Z
7151,119,מעגלים,צל - 57 - 9,,1,Image and text,פסיכומטרי,1.5,2024-01-08T10:45:09.000000Z,2024-02-26T12:22:32.000000Z
7166,119,מעגלים,צל - 62 - 19,,1,Image and text,פסיכומטרי,1.5,2024-01-08T13:02:46.000000Z,2024-02-26T13:17:40.000000Z
7999,122,שטחים,צל - 35 - 11,,1,Numeric bullet single choice,פסיכומטרי,1,2024-03-16T10:46:20.000000Z,2024-03-16T10:46:20.000000Z
8000,122,שטחים,צל - 36 - 14,,1,Image and text,פסיכומטרי,1,2024-03-16T10:58:15.000000Z,2024-03-16T10:58:15.000000Z
8002,122,שטחים,צל - 38 - 1,,1,Image and text,פסיכומטרי,1,2024-03-16T11:18:13.000000Z,2024-03-16T11:18:13.000000Z
8003,122,שטחים,צל - 39 - 5,,1,Image and text,פסיכומטרי,1,2024-03-16T11:25:20.000000Z,2024-03-16T11:25:20.000000Z
1963,119,מעגלים,1435,,1,Image and text,פסיכומטרי,1,2023-11-03T12:35:33.000000Z,2024-01-02T07:40:27.000000Z
673,119,מעגלים,סח  -  105  -  2,,1,Image and text,פסיכומטרי,1,2023-09-21T07:13:16.000000Z,2024-01-04T05:37:32.000000Z
5052,119,מעגלים,צל - 34 - 08,,1,Image and text,פסיכומטרי,1,2023-12-17T13:56:55.000000Z,2024-12-30T10:12:55.000000Z
5053,119,מעגלים,צל - 34 - 09,,1,Image and text,פסיכומטרי,1,2023-12-17T14:03:43.000000Z,2024-12-30T10:12:23.000000Z
7147,119,מעגלים,צל - 56 - 6,,1,Image and text,פסיכומטרי,1,2024-01-08T10:30:13.000000Z,2024-02-26T12:11:40.000000Z
7161,119,מעגלים,צל - 59 - 14,,1,Image and text,פסיכומטרי,1,2024-01-08T12:33:46.000000Z,2024-02-26T12:57:22.000000Z
7162,119,מעגלים,צל - 60 - 15,,1,Image and text,פסיכומטרי,1,2024-01-08T12:41:24.000000Z,2024-02-26T13:00:22.000000Z
7171,119,מעגלים,צל - 64 - 24,,1,Image and text,פסיכומטרי,1,2024-01-08T13:35:18.000000Z,2024-02-26T13:26:24.000000Z
7172,119,מעגלים,צל - 64 - 25,,1,Image and text,פסיכומטרי,1,2024-01-08T13:41:21.000000Z,2024-02-26T13:30:25.000000Z
14599,353,שאלה פתוחה,שאלה פתוחה בדיקה אונליין 1,,1,Open text box,פסיכומטרי,5,2025-04-22T07:25:42.000000Z,2025-04-22T07:25:42.000000Z
14600,353,שאלה פתוחה,שאלה פתוחה בדיקה אונליין 2,,1,Open text box,פסיכומטרי,5,2025-04-22T07:25:49.000000Z,2025-04-22T07:25:49.000000Z
14601,353,שאלה פתוחה,שאלה פתוחה בדיקה אונליין 3,,1,Open text box,פסיכומטרי,5,2025-04-22T07:25:55.000000Z,2025-04-22T07:25:55.000000Z
255,198,Sentence Completions,תא - 100 - 1,,1,English layout,פסיכומטרי,1,2023-09-06T05:13:41.000000Z,2023-09-27T07:31:12.000000Z
256,198,Sentence Completions,תא - 100 - 2,,1,English layout,פסיכומטרי,4,2023-09-06T05:29:02.000000Z,2023-10-02T05:46:29.000000Z
257,198,Sentence Completions,תא - 100 - 3,,1,English layout,פסיכומטרי,5,2023-09-06T05:36:16.000000Z,2024-07-02T06:32:27.000000Z
259,198,Sentence Completions,תא - 100 - 5,,1,English layout,פסיכומטרי,3,2023-09-06T06:39:27.000000Z,2024-07-02T06:57:17.000000Z
260,198,Sentence Completions,תא - 100 - 6,,1,English layout,פסיכומטרי,3,2023-09-06T06:50:40.000000Z,2024-08-13T12:51:35.000000Z
262,198,Sentence Completions,תא - 100 - 8,,1,English layout,פסיכומטרי,7,2023-09-06T07:09:03.000000Z,2023-09-27T07:45:02.000000Z
264,198,Sentence Completions,תא - 101 - 10,,1,English layout,פסיכומטרי,2,2023-09-06T09:03:35.000000Z,2023-09-27T07:34:17.000000Z
267,198,Sentence Completions,תא - 101 - 11,,1,English layout,פסיכומטרי,5,2023-09-06T17:22:53.000000Z,2023-09-06T17:22:53.000000Z
276,198,Sentence Completions,תא - 101 - 13,,1,English layout,פסיכומטרי,5,2023-09-07T12:50:41.000000Z,2024-07-02T08:49:01.000000Z
277,198,Sentence Completions,תא - 101 - 14,,1,English layout,פסיכומטרי,8,2023-09-07T12:55:32.000000Z,2024-07-02T08:52:37.000000Z
280,198,Sentence Completions,תא - 101 - 15,,1,English layout,פסיכומטרי,9,2023-09-08T09:05:21.000000Z,2023-09-08T09:05:21.000000Z
263,198,Sentence Completions,תא - 101 - 9,,1,English layout,פסיכומטרי,3,2023-09-06T08:56:44.000000Z,2023-09-27T07:33:43.000000Z
281,198,Sentence Completions,תא - 102 - 16,,1,English layout,פסיכומטרי,5,2023-09-08T09:13:02.000000Z,2023-09-08T09:13:02.000000Z
282,198,Sentence Completions,תא - 102 - 17,,1,English layout,פסיכומטרי,1,2023-09-08T09:18:53.000000Z,2024-07-02T08:57:33.000000Z
283,198,Sentence Completions,תא - 102 - 18,,1,English layout,פסיכומטרי,5,2023-09-08T09:37:48.000000Z,2024-07-02T08:58:41.000000Z
284,198,Sentence Completions,תא - 102 - 19,,1,English layout,פסיכומטרי,4,2023-09-08T09:43:34.000000Z,2023-09-08T09:43:34.000000Z
285,198,Sentence Completions,תא - 102 - 20,,1,English layout,פסיכומטרי,7,2023-09-08T09:52:38.000000Z,2023-09-08T09:52:38.000000Z
286,198,Sentence Completions,תא - 102 - 21,,1,English layout,פסיכומטרי,6,2023-09-08T10:00:34.000000Z,2024-07-02T09:47:30.000000Z
287,198,Sentence Completions,תא - 102 - 22,,1,English layout,פסיכומטרי,1,2023-09-08T10:05:03.000000Z,2023-09-27T07:48:14.000000Z
288,198,Sentence Completions,תא - 102 - 23,,1,English layout,פסיכומטרי,8,2023-09-08T10:10:11.000000Z,2024-07-02T09:51:07.000000Z
293,198,Sentence Completions,תא - 103 - 24,,1,English layout,פסיכומטרי,1,2023-09-10T06:29:41.000000Z,2023-09-10T06:29:41.000000Z
294,198,Sentence Completions,תא - 103 - 25,,1,English layout,פסיכומטרי,3,2023-09-10T06:34:13.000000Z,2024-07-02T10:55:33.000000Z
295,198,Sentence Completions,תא - 103 - 26,,1,English layout,פסיכומטרי,2,2023-09-10T06:38:12.000000Z,2023-09-10T06:38:12.000000Z
296,198,Sentence Completions,תא - 103 - 27,,1,English layout,פסיכומטרי,4,2023-09-10T06:42:22.000000Z,2023-09-27T07:49:29.000000Z
297,198,Sentence Completions,תא - 103 - 28,,1,English layout,פסיכומטרי,7,2023-09-10T06:48:18.000000Z,2024-07-02T10:58:41.000000Z
298,198,Sentence Completions,תא - 103 - 29,,1,English layout,פסיכומטרי,4,2023-09-10T06:52:10.000000Z,2024-07-02T11:00:34.000000Z
299,198,Sentence Completions,תא - 103 - 30,,1,English layout,פסיכומטרי,8,2023-09-10T06:57:17.000000Z,2023-09-10T06:57:17.000000Z
300,198,Sentence Completions,תא - 103 - 31,,1,English layout,פסיכומטרי,8,2023-09-10T07:21:54.000000Z,2024-07-02T11:02:29.000000Z
301,198,Sentence Completions,תא - 104 - 32,,1,English layout,פסיכומטרי,3,2023-09-10T07:28:57.000000Z,2024-07-02T11:03:17.000000Z
302,198,Sentence Completions,תא - 104 - 33,,1,English layout,פסיכומטרי,7,2023-09-10T07:34:34.000000Z,2024-07-02T11:04:09.000000Z
303,198,Sentence Completions,תא - 104 - 34,,1,English layout,פסיכומטרי,7,2023-09-10T07:39:21.000000Z,2024-07-02T11:06:00.000000Z
304,198,Sentence Completions,תא - 104 - 35,,1,English layout,פסיכומטרי,5,2023-09-10T07:52:43.000000Z,2023-09-10T07:52:43.000000Z
305,198,Sentence Completions,תא - 104 - 36,,1,English layout,פסיכומטרי,4,2023-09-10T07:57:24.000000Z,2024-07-02T11:07:26.000000Z
306,198,Sentence Completions,תא - 104 - 37,,1,English layout,פסיכומטרי,8,2023-09-10T08:02:02.000000Z,2024-07-02T11:08:35.000000Z
307,198,Sentence Completions,תא - 104 - 38,,1,English layout,פסיכומטרי,8,2023-09-10T08:09:28.000000Z,2024-07-02T11:09:13.000000Z
308,198,Sentence Completions,תא - 104 - 39,,1,English layout,פסיכומטרי,9,2023-09-10T08:23:06.000000Z,2024-07-02T11:20:43.000000Z
309,198,Sentence Completions,תא - 105 - 40,,1,English layout,פסיכומטרי,4,2023-09-10T11:26:23.000000Z,2023-09-10T11:26:23.000000Z
311,198,Sentence Completions,תא - 105 - 42,,1,English layout,פסיכומטרי,4,2023-09-10T11:36:35.000000Z,2023-09-10T11:36:35.000000Z
312,198,Sentence Completions,תא - 105 - 43,,1,English layout,פסיכומטרי,5,2023-09-10T11:40:49.000000Z,2024-07-02T11:25:25.000000Z
313,198,Sentence Completions,תא - 105 - 44,,1,English layout,פסיכומטרי,8,2023-09-10T11:47:44.000000Z,2024-07-02T11:26:59.000000Z
315,198,Sentence Completions,תא - 105 - 46,,1,English layout,פסיכומטרי,10,2023-09-10T11:59:20.000000Z,2024-07-03T06:33:56.000000Z
335,198,Sentence Completions,תא - 106 - 47,,1,English layout,פסיכומטרי,4,2023-09-13T08:20:23.000000Z,2024-07-03T06:34:50.000000Z
336,198,Sentence Completions,תא - 106 - 48,,1,English layout,פסיכומטרי,5,2023-09-13T08:25:23.000000Z,2024-07-03T06:35:49.000000Z
337,198,Sentence Completions,תא - 106 - 49,,1,English layout,פסיכומטרי,3,2023-09-13T08:32:30.000000Z,2023-09-13T08:32:30.000000Z
338,198,Sentence Completions,תא - 106 - 50,,1,English layout,פסיכומטרי,9,2023-09-13T08:37:40.000000Z,2024-07-03T06:39:17.000000Z
339,198,Sentence Completions,תא - 106 - 51,,1,English layout,פסיכומטרי,4,2023-09-13T08:41:06.000000Z,2023-09-13T08:41:06.000000Z
340,198,Sentence Completions,תא - 106 - 52,,1,English layout,פסיכומטרי,8,2023-09-13T08:50:22.000000Z,2023-09-13T08:50:22.000000Z
342,198,Sentence Completions,תא - 107 - 54,,1,English layout,פסיכומטרי,4,2023-09-13T09:14:59.000000Z,2024-07-03T06:46:11.000000Z
343,198,Sentence Completions,תא - 107 - 55,,1,English layout,פסיכומטרי,6,2023-09-13T09:23:25.000000Z,2023-09-13T09:23:25.000000Z
344,198,Sentence Completions,תא - 107 - 56,,1,English layout,פסיכומטרי,7,2023-09-13T09:27:12.000000Z,2024-07-03T06:47:26.000000Z
345,198,Sentence Completions,תא - 107 - 57,,1,English layout,פסיכומטרי,5,2023-09-13T09:30:17.000000Z,2024-07-03T06:50:35.000000Z
346,198,Sentence Completions,תא - 107 - 58,,1,English layout,פסיכומטרי,8,2023-09-13T09:36:41.000000Z,2024-07-03T07:40:38.000000Z
347,198,Sentence Completions,תא - 107 - 59,,1,English layout,פסיכומטרי,8,2023-09-13T09:42:59.000000Z,2024-07-03T07:41:42.000000Z
348,198,Sentence Completions,תא - 107 - 60,,1,English layout,פסיכומטרי,9,2023-09-13T09:47:12.000000Z,2024-07-03T07:42:32.000000Z
349,198,Sentence Completions,תא - 108 - 61,,1,English layout,פסיכומטרי,2,2023-09-13T09:51:32.000000Z,2023-09-13T09:51:32.000000Z
350,198,Sentence Completions,תא - 108 - 62,,1,English layout,פסיכומטרי,4,2023-09-13T09:55:19.000000Z,2024-07-03T07:43:49.000000Z
351,198,Sentence Completions,תא - 108 - 63,,1,English layout,פסיכומטרי,5,2023-09-13T10:00:25.000000Z,2024-07-03T07:45:23.000000Z
352,198,Sentence Completions,תא - 108 - 64,,1,English layout,פסיכומטרי,6,2023-09-13T10:08:17.000000Z,2024-07-03T07:46:15.000000Z
353,198,Sentence Completions,תא - 108 - 65,,1,English layout,פסיכומטרי,8,2023-09-13T10:14:18.000000Z,2024-07-03T07:46:53.000000Z
354,198,Sentence Completions,תא - 108 - 66,,1,English layout,פסיכומטרי,7,2023-09-13T10:21:25.000000Z,2024-07-03T07:47:37.000000Z
355,198,Sentence Completions,תא - 108 - 67,,1,English layout,פסיכומטרי,9,2023-09-13T10:28:59.000000Z,2024-07-03T07:48:19.000000Z
356,198,Sentence Completions,תא - 108 - 68,,1,English layout,פסיכומטרי,10,2023-09-13T10:37:16.000000Z,2023-09-13T10:37:16.000000Z
359,198,Sentence Completions,תא - 109 - 69,,1,English layout,פסיכומטרי,2,2023-09-13T11:56:09.000000Z,2023-09-27T07:57:49.000000Z
360,198,Sentence Completions,תא - 109 - 70,,1,English layout,פסיכומטרי,3,2023-09-13T12:00:56.000000Z,2024-07-03T07:51:48.000000Z
362,198,Sentence Completions,תא - 109 - 72,,1,English layout,פסיכומטרי,6,2023-09-13T12:09:47.000000Z,2024-07-03T07:53:33.000000Z
363,198,Sentence Completions,תא - 109 - 73,,1,English layout,פסיכומטרי,5,2023-09-13T12:15:03.000000Z,2024-07-03T07:55:13.000000Z
364,198,Sentence Completions,תא - 109 - 74,,1,English layout,פסיכומטרי,6,2023-09-13T12:19:29.000000Z,2024-07-03T07:56:26.000000Z
365,198,Sentence Completions,תא - 109 - 75,,1,English layout,פסיכומטרי,9,2023-09-13T12:25:39.000000Z,2024-07-03T07:57:34.000000Z
367,198,Sentence Completions,תא - 109 - 76,,1,English layout,פסיכומטרי,9,2023-09-13T12:31:32.000000Z,2024-07-03T07:58:12.000000Z
456,198,Sentence Completions,תא - 110 - 77,,1,English layout,פסיכומטרי,2,2023-09-18T06:30:54.000000Z,2023-09-18T06:30:54.000000Z
548,200,Restatements,תא - 156 - 1,,1,English layout,פסיכומטרי,2,2023-09-19T04:48:17.000000Z,2023-10-05T05:26:32.000000Z
549,200,Restatements,תא - 156 - 2,,1,English layout,פסיכומטרי,3,2023-09-19T05:15:41.000000Z,2024-06-30T07:59:37.000000Z
557,200,Restatements,תא - 156 - 3,,1,English layout,פסיכומטרי,1,2023-09-19T06:12:34.000000Z,2023-09-19T06:12:34.000000Z
558,200,Restatements,תא - 157 - 4,,1,English layout,פסיכומטרי,3,2023-09-19T06:19:27.000000Z,2023-09-27T07:25:45.000000Z
574,200,Restatements,תא - 158 - 10,,1,English layout,פסיכומטרי,4,2023-09-19T11:41:37.000000Z,2023-09-19T11:41:37.000000Z
571,200,Restatements,תא - 158 - 8,,1,English layout,פסיכומטרי,5,2023-09-19T08:55:57.000000Z,2024-06-30T08:21:21.000000Z
576,200,Restatements,תא - 159 - 12,,1,English layout,פסיכומטרי,6,2023-09-19T12:11:48.000000Z,2023-09-19T12:11:48.000000Z
577,200,Restatements,תא - 159 - 13,,1,English layout,פסיכומטרי,5,2023-09-19T12:16:31.000000Z,2024-07-01T05:09:33.000000Z
578,200,Restatements,תא - 159 - 14,,1,English layout,פסיכומטרי,5,2023-09-19T12:24:12.000000Z,2024-07-01T05:11:16.000000Z
579,200,Restatements,תא - 160 - 15,,1,English layout,פסיכומטרי,6,2023-09-19T12:30:16.000000Z,2024-07-01T05:14:23.000000Z
603,200,Restatements,תא - 160 - 17,,1,English layout,פסיכומטרי,5,2023-09-20T03:57:15.000000Z,2024-07-01T05:20:12.000000Z
606,200,Restatements,תא - 161 - 19,,1,English layout,פסיכומטרי,6,2023-09-20T04:13:02.000000Z,2023-09-20T04:13:02.000000Z
608,200,Restatements,תא - 161 - 20,,1,English layout,פסיכומטרי,7,2023-09-20T04:23:51.000000Z,2023-09-20T04:23:51.000000Z
609,200,Restatements,תא - 161 - 21,,1,English layout,פסיכומטרי,3,2023-09-20T04:30:22.000000Z,2024-07-01T05:28:00.000000Z
622,200,Restatements,תא - 162 - 23,,1,English layout,פסיכומטרי,8,2023-09-20T11:07:36.000000Z,2023-09-20T11:07:36.000000Z
624,200,Restatements,תא - 162 - 24,,1,English layout,פסיכומטרי,9,2023-09-20T11:13:39.000000Z,2024-07-01T05:33:53.000000Z
735,200,Restatements,תא - 163 - 26,,1,English layout,פסיכומטרי,5,2023-09-22T10:31:37.000000Z,2023-09-22T10:31:37.000000Z
737,200,Restatements,תא - 164 - 28,,1,English layout,פסיכומטרי,8,2023-09-22T10:42:15.000000Z,2023-09-22T10:42:15.000000Z
738,200,Restatements,תא - 164 - 29,,1,English layout,פסיכומטרי,4,2023-09-22T10:46:14.000000Z,2023-09-22T10:46:14.000000Z
740,200,Restatements,תא - 165 - 31,,1,English layout,פסיכומטרי,6,2023-09-22T10:56:04.000000Z,2024-07-02T01:41:24.000000Z
741,200,Restatements,תא - 165 - 32,,1,English layout,פסיכומטרי,9,2023-09-22T11:00:42.000000Z,2023-09-22T11:00:42.000000Z
835,200,Restatements,תא - 165 - 33,,1,English layout,פסיכומטרי,8,2023-09-25T08:27:40.000000Z,2024-07-02T01:46:46.000000Z
836,200,Restatements,תא - 166 - 34,,1,English layout,פסיכומטרי,7,2023-09-25T08:32:10.000000Z,2024-07-02T01:49:03.000000Z
837,200,Restatements,תא - 166 - 35,,1,English layout,פסיכומטרי,5,2023-09-25T08:36:50.000000Z,2023-09-25T08:36:50.000000Z
839,200,Restatements,תא - 166 - 36,,1,English layout,פסיכומטרי,10,2023-09-25T08:43:52.000000Z,2024-07-02T06:16:09.000000Z
840,200,Restatements,תא - 167 - 37,,1,English layout,פסיכומטרי,4,2023-09-25T08:48:06.000000Z,2023-09-25T08:48:06.000000Z
841,200,Restatements,תא - 167 - 38,,1,English layout,פסיכומטרי,5,2023-09-25T08:52:34.000000Z,2024-07-02T06:18:09.000000Z
842,200,Restatements,תא - 167 - 39,,1,English layout,פסיכומטרי,8,2023-09-25T08:56:41.000000Z,2023-09-25T08:56:41.000000Z
843,200,Restatements,תא - 168 - 40,,1,English layout,פסיכומטרי,7,2023-09-25T09:01:23.000000Z,2024-06-30T07:45:56.000000Z
290,70,התנהגות אלגברית,,,1,Numeric bullet single choice,פסיכומטרי,2,2023-09-08T13:35:38.000000Z,2024-08-06T05:53:38.000000Z
291,70,התנהגות אלגברית,,,1,Numeric bullet single choice,פסיכומטרי,1,2023-09-09T11:38:54.000000Z,2023-09-09T11:38:54.000000Z
292,70,התנהגות אלגברית,,,1,Numeric bullet single choice,פסיכומטרי,2,2023-09-09T11:44:46.000000Z,2023-09-09T11:44:46.000000Z
316,73,שלמים,,,1,Numeric bullet single choice,פסיכומטרי,5,2023-09-11T11:15:07.000000Z,2023-09-20T05:09:01.000000Z
323,76,עצרת,,,1,Numeric bullet single choice,פסיכומטרי,5,2023-09-11T12:32:01.000000Z,2024-09-26T09:33:34.000000Z
326,76,עצרת,,,1,Numeric bullet single choice,פסיכומטרי,7,2023-09-11T12:55:39.000000Z,2024-05-07T07:01:44.000000Z
331,76,עצרת,,,1,Numeric bullet single choice,פסיכומטרי,7,2023-09-12T17:31:09.000000Z,2024-05-07T07:04:12.000000Z
333,76,עצרת,,,1,Numeric bullet single choice,פסיכומטרי,7,2023-09-12T17:51:47.000000Z,2024-05-07T07:06:01.000000Z
2378,198,Sentence Completions,,,1,English layout,פסיכומטרי,5,2023-11-16T13:08:37.000000Z,2023-11-16T13:08:37.000000Z
3292,198,Sentence Completions,,,1,English layout,פסיכומטרי,5,2023-11-26T11:55:45.000000Z,2023-11-26T11:55:45.000000Z
3723,124,אנליטית,,,1,Image and text,פסיכומטרי,3,2023-11-29T13:56:56.000000Z,2024-12-30T09:54:55.000000Z
4931,75,אותיות וספרות,,,1,Numeric bullet single choice,פסיכומטרי,3,2023-12-17T08:23:52.000000Z,2023-12-17T08:56:43.000000Z
4932,75,אותיות וספרות,,,1,Numeric bullet single choice,פסיכומטרי,3,2023-12-17T08:44:08.000000Z,2023-12-17T08:44:08.000000Z
4933,75,אותיות וספרות,,,1,Numeric bullet single choice,פסיכומטרי,4,2023-12-17T08:48:14.000000Z,2023-12-17T08:56:24.000000Z
4934,75,אותיות וספרות,,,1,Numeric bullet single choice,פסיכומטרי,6,2023-12-17T09:14:38.000000Z,2023-12-17T09:14:38.000000Z
4935,75,אותיות וספרות,,,1,Numeric bullet single choice,פסיכומטרי,7,2023-12-17T09:26:42.000000Z,2023-12-17T09:26:42.000000Z
6683,122,שטחים,,,1,Image and text,פסיכומטרי,6,2023-12-28T16:43:27.000000Z,2024-02-19T19:31:43.000000Z
9083,246,Sentence Completions,,,1,English layout,אמירנט,5,2024-05-08T05:59:06.000000Z,2024-05-08T05:59:06.000000Z
9084,246,Sentence Completions,,,1,English layout,אמירנט,5,2024-05-08T06:00:02.000000Z,2024-05-08T06:00:02.000000Z
10567,92,אחוזים,,,1,Numeric bullet single choice,פסיכומטרי,7,2024-07-02T05:13:36.000000Z,2024-07-02T05:13:36.000000Z
10568,97,הסתברות,,,1,Numeric bullet single choice,פסיכומטרי,6,2024-07-02T05:23:59.000000Z,2024-07-02T05:23:59.000000Z
10569,76,עצרת,,,1,Numeric bullet single choice,פסיכומטרי,9,2024-07-02T05:31:20.000000Z,2024-07-05T03:26:05.000000Z
10570,71,חיובי שלילי וערך מוחלט,,,1,Numeric bullet single choice,פסיכומטרי,4,2024-07-02T06:02:09.000000Z,2024-07-02T06:02:09.000000Z
10571,71,חיובי שלילי וערך מוחלט,,,1,Numeric bullet single choice,פסיכומטרי,6,2024-07-02T06:12:06.000000Z,2024-07-02T06:12:06.000000Z
10572,73,שלמים,,,1,Numeric bullet single choice,פסיכומטרי,8,2024-07-02T06:32:23.000000Z,2024-07-02T06:32:23.000000Z
10779,74,חלוקה,,,1,Numeric bullet single choice,פסיכומטרי,9,2024-07-21T08:39:23.000000Z,2024-07-21T08:39:23.000000Z
10784,76,עצרת,,,1,Numeric bullet single choice,פסיכומטרי,5,2024-07-21T14:46:06.000000Z,2024-11-10T03:25:11.000000Z
10785,76,עצרת,,,1,Numeric bullet single choice,פסיכומטרי,7,2024-07-21T14:56:37.000000Z,2024-07-21T14:56:37.000000Z
10786,76,עצרת,,,1,Numeric bullet single choice,פסיכומטרי,8,2024-07-21T17:02:25.000000Z,2024-07-21T17:02:25.000000Z
10787,76,עצרת,,,1,Numeric bullet single choice,פסיכומטרי,8,2024-07-21T17:11:59.000000Z,2024-07-21T17:11:59.000000Z
10788,76,עצרת,,,1,Numeric bullet single choice,פסיכומטרי,6,2024-07-21T17:22:52.000000Z,2024-07-21T17:22:52.000000Z
10789,76,עצרת,,,1,Numeric bullet single choice,פסיכומטרי,5,2024-07-21T17:28:31.000000Z,2024-07-21T17:28:31.000000Z
10790,76,עצרת,,,1,Numeric bullet single choice,פסיכומטרי,7,2024-07-21T17:38:29.000000Z,2024-07-21T17:38:29.000000Z
10791,76,עצרת,,,1,Numeric bullet single choice,פסיכומטרי,3,2024-07-21T17:48:40.000000Z,2024-07-21T17:48:40.000000Z
10792,76,עצרת,,,1,Numeric bullet single choice,פסיכומטרי,4,2024-07-21T17:57:25.000000Z,2024-07-21T17:57:25.000000Z
10793,76,עצרת,,,1,Numeric bullet single choice,פסיכומטרי,4,2024-07-21T18:03:51.000000Z,2024-07-21T18:04:43.000000Z
10893,74,חלוקה,,,1,Numeric bullet single choice,פסיכומטרי,7,2024-07-28T14:55:23.000000Z,2024-07-28T14:55:23.000000Z
10894,74,חלוקה,,,1,Numeric bullet single choice,פסיכומטרי,6,2024-07-28T15:01:55.000000Z,2024-07-28T15:01:55.000000Z
10895,74,חלוקה,,,1,Numeric bullet single choice,פסיכומטרי,8,2024-07-28T16:26:24.000000Z,2024-07-28T16:26:24.000000Z
10900,123,תלת-ממד,,,1,Numeric bullet single choice,פסיכומטרי,8,2024-07-28T18:43:02.000000Z,2024-07-28T18:43:02.000000Z
10937,75,אותיות וספרות,,,1,Numeric bullet single choice,פסיכומטרי,2,2024-07-30T14:07:41.000000Z,2024-07-30T14:07:41.000000Z
10939,75,אותיות וספרות,,,1,Numeric bullet single choice,פסיכומטרי,4,2024-07-30T15:26:54.000000Z,2024-07-30T15:26:54.000000Z
14311,167,אנלוגיות,,,1,Numeric bullet single choice,פסיכומטרי,5,2024-12-11T07:27:49.000000Z,2024-12-11T07:27:49.000000Z